former_path,concise_v1_0_path
digital-resource-companion/.github/ISSUE_TEMPLATE/resource-correction.md,AIHE_Canon_V1.0/.github/issues/resource-correction.md
digital-resource-companion/.github/ISSUE_TEMPLATE/resource_issue.md,AIHE_Canon_V1.0/.github/issues/resource_issue.md
digital-resource-companion/.github/ISSUE_TEMPLATE/resource_proposal.md,AIHE_Canon_V1.0/.github/issues/resource_proposal.md
digital-resource-companion/.github/PULL_REQUEST_TEMPLATE.md,AIHE_Canon_V1.0/.github/PULL_REQUEST_TEMPLATE.md
digital-resource-companion/.gitignore,AIHE_Canon_V1.0/.gitignore
digital-resource-companion/BOOK_STRUCTURE.json,AIHE_Canon_V1.0/BOOK_STRUCTURE.json
digital-resource-companion/BOOK_STRUCTURE.md,AIHE_Canon_V1.0/BOOK_STRUCTURE.md
digital-resource-companion/CHANGELOG.md,AIHE_Canon_V1.0/CHANGELOG.md
digital-resource-companion/CITATION.cff,AIHE_Canon_V1.0/CITATION.cff
digital-resource-companion/CODE_OF_CONDUCT.md,AIHE_Canon_V1.0/CODE_OF_CONDUCT.md
digital-resource-companion/CONTRIBUTING.md,AIHE_Canon_V1.0/CONTRIBUTING.md
digital-resource-companion/FILE_INVENTORY.csv,AIHE_Canon_V1.0/FILE_INVENTORY.csv
digital-resource-companion/FILE_INVENTORY.txt,AIHE_Canon_V1.0/FILE_INVENTORY.txt
digital-resource-companion/GETTING_STARTED.md,AIHE_Canon_V1.0/GETTING_STARTED.md
digital-resource-companion/GUIDED_PATHWAYS.md,AIHE_Canon_V1.0/GUIDED_PATHWAYS.md
digital-resource-companion/LICENSE.md,AIHE_Canon_V1.0/LICENSE.md
digital-resource-companion/LIMITED_USE_AND_DISCLAIMER.md,AIHE_Canon_V1.0/LIMITED_USE_AND_DISCLAIMER.md
digital-resource-companion/PYTHON_ANALYTICS.md,AIHE_Canon_V1.0/PYTHON_ANALYTICS.md
digital-resource-companion/README.md,AIHE_Canon_V1.0/README.md
digital-resource-companion/RELEASE_SUMMARY.json,AIHE_Canon_V1.0/RELEASE_SUMMARY.json
digital-resource-companion/RESOURCE_INDEX.md,AIHE_Canon_V1.0/RESOURCE_INDEX.md
digital-resource-companion/SECURITY.md,AIHE_Canon_V1.0/SECURITY.md
digital-resource-companion/SHA256SUMS.txt,AIHE_Canon_V1.0/SHA256SUMS.txt
digital-resource-companion/SOURCE_OF_TRUTH.md,AIHE_Canon_V1.0/SOURCE_OF_TRUTH.md
digital-resource-companion/START_HERE.html,AIHE_Canon_V1.0/START_HERE.html
digital-resource-companion/START_HERE.md,AIHE_Canon_V1.0/START_HERE.md
digital-resource-companion/START_HERE.pdf,AIHE_Canon_V1.0/START_V1.0.pdf
digital-resource-companion/START_HERE_V1.0.docx,AIHE_Canon_V1.0/START_V1.0.docx
digital-resource-companion/VERSION,AIHE_Canon_V1.0/VERSION
digital-resource-companion/WEB_COMPANION.md,AIHE_Canon_V1.0/WEB_COMPANION.md
digital-resource-companion/WORKBOOK_GUIDE.md,AIHE_Canon_V1.0/WORKBOOK_GUIDE.md
digital-resource-companion/archive/v1.0/entry_points/AIHE_Core_Resource_Forms_V1.0.docx,AIHE_Canon_V1.0/archive/v1.0/entry/AIHE_Core_Forms_V1.0.docx
digital-resource-companion/archive/v1.0/entry_points/AIHE_Core_Resource_Forms_V1.0.odt,AIHE_Canon_V1.0/archive/v1.0/entry/AIHE_Core_Forms_V1.0.odt
digital-resource-companion/archive/v1.0/entry_points/AIHE_Core_Resource_Forms_V1.0.pdf,AIHE_Canon_V1.0/archive/v1.0/entry/AIHE_Core_Forms_V1.0.pdf
digital-resource-companion/archive/v1.0/entry_points/AIHE_Core_Resource_Workbooks_V1.0.ods,AIHE_Canon_V1.0/archive/v1.0/entry/AIHE_Core_WB_V1.0.ods
digital-resource-companion/archive/v1.0/entry_points/AIHE_Core_Resource_Workbooks_V1.0.xlsx,AIHE_Canon_V1.0/archive/v1.0/entry/AIHE_Core_WB_V1.0.xlsx
digital-resource-companion/archive/v1.0/entry_points/AIHE_Core_Tools_V1.0.zip,AIHE_Canon_V1.0/archive/v1.0/entry/AIHE_Core_Tools_V1.0.zip
digital-resource-companion/archive/v1.0/entry_points/AIHE_Core_Tools_V1.0.zip.sha256,AIHE_Canon_V1.0/archive/v1.0/entry/AIHE_Core_Tools_V1.0.zip.sha256
digital-resource-companion/archive/v1.0/entry_points/Digital_Resource_Companion_V1.0.docx,AIHE_Canon_V1.0/archive/v1.0/entry/AIHE_Companion_V1.0.docx
digital-resource-companion/archive/v1.0/entry_points/Digital_Resource_Companion_V1.0.odt,AIHE_Canon_V1.0/archive/v1.0/entry/AIHE_Companion_V1.0.odt
digital-resource-companion/archive/v1.0/entry_points/Digital_Resource_Companion_V1.0.pdf,AIHE_Canon_V1.0/archive/v1.0/entry/AIHE_Companion_V1.0.pdf
digital-resource-companion/archive/v1.0/entry_points/START_HERE.pdf,AIHE_Canon_V1.0/archive/v1.0/entry/START_legacy_V1.0.pdf
digital-resource-companion/archive/v1.0/open_document_formats/README.md,AIHE_Canon_V1.0/archive/v1.0/odf/README.md
digital-resource-companion/archive/v1.0/open_document_formats/catalogs/MASTER_RESOURCE_CATALOG.ods,AIHE_Canon_V1.0/archive/v1.0/odf/catalog/MASTER_RESOURCE_CATALOG.ods
digital-resource-companion/archive/v1.0/open_document_formats/catalogs/PYTHON_MODULE_CATALOG.ods,AIHE_Canon_V1.0/archive/v1.0/odf/catalog/PYTHON_MODULE_CATALOG.ods
digital-resource-companion/archive/v1.0/open_document_formats/catalogs/WORKED_CASE_CATALOG.ods,AIHE_Canon_V1.0/archive/v1.0/odf/catalog/WORKED_CASE_CATALOG.ods
digital-resource-companion/archive/v1.0/open_document_formats/chapters/01/core/AIHE-A01/edit/ods/AIHE-A01_workbook.ods,AIHE_Canon_V1.0/archive/v1.0/odf/ch/01/core/AIHE-A01/edit/ods/AIHE-A01_workbook.ods
digital-resource-companion/archive/v1.0/open_document_formats/chapters/01/core/AIHE-A01/edit/odt/AIHE-A01_template_and_worked_example.odt,AIHE_Canon_V1.0/archive/v1.0/odf/ch/01/core/AIHE-A01/edit/odt/AIHE-A01_template_example.odt
digital-resource-companion/archive/v1.0/open_document_formats/chapters/01/core/AIHE-A01/supp/AIHE-W/ods/AIHE-W_workbook.ods,AIHE_Canon_V1.0/archive/v1.0/odf/ch/01/core/AIHE-A01/supp/AIHE-W/ods/AIHE-W_workbook.ods
digital-resource-companion/archive/v1.0/open_document_formats/chapters/01/core/AIHE-A01/supp/AIHE-W/odt/AIHE-W_template.odt,AIHE_Canon_V1.0/archive/v1.0/odf/ch/01/core/AIHE-A01/supp/AIHE-W/odt/AIHE-W_template.odt
digital-resource-companion/archive/v1.0/open_document_formats/chapters/01/core/AIHE-A01/supp/AIHE-W/odt/AIHE-W_worked_example.odt,AIHE_Canon_V1.0/archive/v1.0/odf/ch/01/core/AIHE-A01/supp/AIHE-W/odt/AIHE-W_example.odt
digital-resource-companion/archive/v1.0/open_document_formats/chapters/01/core/AIHE-A01/supp/AIHE-X/ods/AIHE-X_workbook.ods,AIHE_Canon_V1.0/archive/v1.0/odf/ch/01/core/AIHE-A01/supp/AIHE-X/ods/AIHE-X_workbook.ods
digital-resource-companion/archive/v1.0/open_document_formats/chapters/01/core/AIHE-A01/supp/AIHE-X/odt/AIHE-X_template.odt,AIHE_Canon_V1.0/archive/v1.0/odf/ch/01/core/AIHE-A01/supp/AIHE-X/odt/AIHE-X_template.odt
digital-resource-companion/archive/v1.0/open_document_formats/chapters/01/core/AIHE-A01/supp/AIHE-X/odt/AIHE-X_worked_example.odt,AIHE_Canon_V1.0/archive/v1.0/odf/ch/01/core/AIHE-A01/supp/AIHE-X/odt/AIHE-X_example.odt
digital-resource-companion/archive/v1.0/open_document_formats/chapters/01/core/AIHE-A02/edit/ods/AIHE-A02_workbook.ods,AIHE_Canon_V1.0/archive/v1.0/odf/ch/01/core/AIHE-A02/edit/ods/AIHE-A02_workbook.ods
digital-resource-companion/archive/v1.0/open_document_formats/chapters/01/core/AIHE-A02/edit/odt/AIHE-A02_template_and_worked_example.odt,AIHE_Canon_V1.0/archive/v1.0/odf/ch/01/core/AIHE-A02/edit/odt/AIHE-A02_template_example.odt
digital-resource-companion/archive/v1.0/open_document_formats/chapters/01/core/AIHE-A02/supp/AIHE-EX01/ods/AIHE-EX01_workbook.ods,AIHE_Canon_V1.0/archive/v1.0/odf/ch/01/core/AIHE-A02/supp/AIHE-EX01/ods/AIHE-EX01_workbook.ods
digital-resource-companion/archive/v1.0/open_document_formats/chapters/01/core/AIHE-A02/supp/AIHE-EX01/odt/AIHE-EX01_template.odt,AIHE_Canon_V1.0/archive/v1.0/odf/ch/01/core/AIHE-A02/supp/AIHE-EX01/odt/AIHE-EX01_template.odt
digital-resource-companion/archive/v1.0/open_document_formats/chapters/01/core/AIHE-A02/supp/AIHE-EX01/odt/AIHE-EX01_worked_example.odt,AIHE_Canon_V1.0/archive/v1.0/odf/ch/01/core/AIHE-A02/supp/AIHE-EX01/odt/AIHE-EX01_example.odt
digital-resource-companion/archive/v1.0/open_document_formats/chapters/01/guides/AIHE-RG07/edit/ods/AIHE-RG07_register.ods,AIHE_Canon_V1.0/archive/v1.0/odf/ch/01/guides/AIHE-RG07/edit/ods/AIHE-RG07_register.ods
digital-resource-companion/archive/v1.0/open_document_formats/chapters/01/guides/AIHE-RG07/edit/odt/AIHE-RG07_guide_and_template.odt,AIHE_Canon_V1.0/archive/v1.0/odf/ch/01/guides/AIHE-RG07/edit/odt/AIHE-RG07_guide_and_template.odt
digital-resource-companion/archive/v1.0/open_document_formats/chapters/02/core/AIHE-A03/edit/ods/AIHE-A03_workbook.ods,AIHE_Canon_V1.0/archive/v1.0/odf/ch/02/core/AIHE-A03/edit/ods/AIHE-A03_workbook.ods
digital-resource-companion/archive/v1.0/open_document_formats/chapters/02/core/AIHE-A03/edit/odt/AIHE-A03_template_and_worked_example.odt,AIHE_Canon_V1.0/archive/v1.0/odf/ch/02/core/AIHE-A03/edit/odt/AIHE-A03_template_example.odt
digital-resource-companion/archive/v1.0/open_document_formats/chapters/02/core/AIHE-A03/supp/AIHE-A/ods/AIHE-A_workbook.ods,AIHE_Canon_V1.0/archive/v1.0/odf/ch/02/core/AIHE-A03/supp/AIHE-A/ods/AIHE-A_workbook.ods
digital-resource-companion/archive/v1.0/open_document_formats/chapters/02/core/AIHE-A03/supp/AIHE-A/odt/AIHE-A_template.odt,AIHE_Canon_V1.0/archive/v1.0/odf/ch/02/core/AIHE-A03/supp/AIHE-A/odt/AIHE-A_template.odt
digital-resource-companion/archive/v1.0/open_document_formats/chapters/02/core/AIHE-A03/supp/AIHE-A/odt/AIHE-A_worked_example.odt,AIHE_Canon_V1.0/archive/v1.0/odf/ch/02/core/AIHE-A03/supp/AIHE-A/odt/AIHE-A_example.odt
digital-resource-companion/archive/v1.0/open_document_formats/chapters/02/core/AIHE-A03/supp/AIHE-L/ods/AIHE-L_workbook.ods,AIHE_Canon_V1.0/archive/v1.0/odf/ch/02/core/AIHE-A03/supp/AIHE-L/ods/AIHE-L_workbook.ods
digital-resource-companion/archive/v1.0/open_document_formats/chapters/02/core/AIHE-A03/supp/AIHE-L/odt/AIHE-L_template.odt,AIHE_Canon_V1.0/archive/v1.0/odf/ch/02/core/AIHE-A03/supp/AIHE-L/odt/AIHE-L_template.odt
digital-resource-companion/archive/v1.0/open_document_formats/chapters/02/core/AIHE-A03/supp/AIHE-L/odt/AIHE-L_worked_example.odt,AIHE_Canon_V1.0/archive/v1.0/odf/ch/02/core/AIHE-A03/supp/AIHE-L/odt/AIHE-L_example.odt
digital-resource-companion/archive/v1.0/open_document_formats/chapters/02/core/AIHE-A04/edit/ods/AIHE-A04_workbook.ods,AIHE_Canon_V1.0/archive/v1.0/odf/ch/02/core/AIHE-A04/edit/ods/AIHE-A04_workbook.ods
digital-resource-companion/archive/v1.0/open_document_formats/chapters/02/core/AIHE-A04/edit/odt/AIHE-A04_template_and_worked_example.odt,AIHE_Canon_V1.0/archive/v1.0/odf/ch/02/core/AIHE-A04/edit/odt/AIHE-A04_template_example.odt
digital-resource-companion/archive/v1.0/open_document_formats/chapters/02/core/AIHE-A04/supp/AIHE-EX03/ods/AIHE-EX03_workbook.ods,AIHE_Canon_V1.0/archive/v1.0/odf/ch/02/core/AIHE-A04/supp/AIHE-EX03/ods/AIHE-EX03_workbook.ods
digital-resource-companion/archive/v1.0/open_document_formats/chapters/02/core/AIHE-A04/supp/AIHE-EX03/odt/AIHE-EX03_template.odt,AIHE_Canon_V1.0/archive/v1.0/odf/ch/02/core/AIHE-A04/supp/AIHE-EX03/odt/AIHE-EX03_template.odt
digital-resource-companion/archive/v1.0/open_document_formats/chapters/02/core/AIHE-A04/supp/AIHE-EX03/odt/AIHE-EX03_worked_example.odt,AIHE_Canon_V1.0/archive/v1.0/odf/ch/02/core/AIHE-A04/supp/AIHE-EX03/odt/AIHE-EX03_example.odt
digital-resource-companion/archive/v1.0/open_document_formats/chapters/02/core/AIHE-A04/supp/AIHE-U/ods/AIHE-U_workbook.ods,AIHE_Canon_V1.0/archive/v1.0/odf/ch/02/core/AIHE-A04/supp/AIHE-U/ods/AIHE-U_workbook.ods
digital-resource-companion/archive/v1.0/open_document_formats/chapters/02/core/AIHE-A04/supp/AIHE-U/odt/AIHE-U_template.odt,AIHE_Canon_V1.0/archive/v1.0/odf/ch/02/core/AIHE-A04/supp/AIHE-U/odt/AIHE-U_template.odt
digital-resource-companion/archive/v1.0/open_document_formats/chapters/02/core/AIHE-A04/supp/AIHE-U/odt/AIHE-U_worked_example.odt,AIHE_Canon_V1.0/archive/v1.0/odf/ch/02/core/AIHE-A04/supp/AIHE-U/odt/AIHE-U_example.odt
digital-resource-companion/archive/v1.0/open_document_formats/chapters/02/core/AIHE-A04/supp/AIHE-Y/ods/AIHE-Y_workbook.ods,AIHE_Canon_V1.0/archive/v1.0/odf/ch/02/core/AIHE-A04/supp/AIHE-Y/ods/AIHE-Y_workbook.ods
digital-resource-companion/archive/v1.0/open_document_formats/chapters/02/core/AIHE-A04/supp/AIHE-Y/odt/AIHE-Y_template.odt,AIHE_Canon_V1.0/archive/v1.0/odf/ch/02/core/AIHE-A04/supp/AIHE-Y/odt/AIHE-Y_template.odt
digital-resource-companion/archive/v1.0/open_document_formats/chapters/02/core/AIHE-A04/supp/AIHE-Y/odt/AIHE-Y_worked_example.odt,AIHE_Canon_V1.0/archive/v1.0/odf/ch/02/core/AIHE-A04/supp/AIHE-Y/odt/AIHE-Y_example.odt
digital-resource-companion/archive/v1.0/open_document_formats/chapters/02/python_analytics/AIHE-PY01_data_quality_fitness_for_purpose_and_mapping_audit/data/ods/01_data_quality_and_mapping_sample.ods,AIHE_Canon_V1.0/archive/v1.0/odf/ch/02/py/PY01_data_quality/data/ods/01_data_quality_and_mapping_sample.ods
digital-resource-companion/archive/v1.0/open_document_formats/chapters/02/python_analytics/AIHE-PY01_data_quality_fitness_for_purpose_and_mapping_audit/data/ods/01_data_quality_and_mapping_template.ods,AIHE_Canon_V1.0/archive/v1.0/odf/ch/02/py/PY01_data_quality/data/ods/01_data_quality_and_mapping_template.ods
digital-resource-companion/archive/v1.0/open_document_formats/chapters/02/python_analytics/AIHE-PY03_missing_data_sensitivity_analysis/data/ods/03_missing_data_sensitivity_sample.ods,AIHE_Canon_V1.0/archive/v1.0/odf/ch/02/py/PY03_missing_data/data/ods/03_missing_data_sensitivity_sample.ods
digital-resource-companion/archive/v1.0/open_document_formats/chapters/02/python_analytics/AIHE-PY03_missing_data_sensitivity_analysis/data/ods/03_missing_data_sensitivity_template.ods,AIHE_Canon_V1.0/archive/v1.0/odf/ch/02/py/PY03_missing_data/data/ods/03_missing_data_sensitivity_template.ods
digital-resource-companion/archive/v1.0/open_document_formats/chapters/02/python_analytics/AIHE-PY33_patient_or_service_segmentation_using_clustering/data/ods/33_patient_segmentation_clustering_sample.ods,AIHE_Canon_V1.0/archive/v1.0/odf/ch/02/py/PY33_clustering/data/ods/33_patient_segmentation_clustering_sample.ods
digital-resource-companion/archive/v1.0/open_document_formats/chapters/02/python_analytics/AIHE-PY33_patient_or_service_segmentation_using_clustering/data/ods/33_patient_segmentation_clustering_template.ods,AIHE_Canon_V1.0/archive/v1.0/odf/ch/02/py/PY33_clustering/data/ods/33_patient_segmentation_clustering_template.ods
digital-resource-companion/archive/v1.0/open_document_formats/chapters/03/core/AIHE-C04/edit/ods/AIHE-C04_workbook.ods,AIHE_Canon_V1.0/archive/v1.0/odf/ch/03/core/AIHE-C04/edit/ods/AIHE-C04_workbook.ods
digital-resource-companion/archive/v1.0/open_document_formats/chapters/03/core/AIHE-C04/edit/odt/AIHE-C04_template_and_worked_example.odt,AIHE_Canon_V1.0/archive/v1.0/odf/ch/03/core/AIHE-C04/edit/odt/AIHE-C04_template_example.odt
digital-resource-companion/archive/v1.0/open_document_formats/chapters/03/core/AIHE-C04/supp/AIHE-O/ods/AIHE-O_workbook.ods,AIHE_Canon_V1.0/archive/v1.0/odf/ch/03/core/AIHE-C04/supp/AIHE-O/ods/AIHE-O_workbook.ods
digital-resource-companion/archive/v1.0/open_document_formats/chapters/03/core/AIHE-C04/supp/AIHE-O/odt/AIHE-O_template.odt,AIHE_Canon_V1.0/archive/v1.0/odf/ch/03/core/AIHE-C04/supp/AIHE-O/odt/AIHE-O_template.odt
digital-resource-companion/archive/v1.0/open_document_formats/chapters/03/core/AIHE-C04/supp/AIHE-O/odt/AIHE-O_worked_example.odt,AIHE_Canon_V1.0/archive/v1.0/odf/ch/03/core/AIHE-C04/supp/AIHE-O/odt/AIHE-O_example.odt
digital-resource-companion/archive/v1.0/open_document_formats/chapters/03/python_analytics/AIHE-PY06_decision_curve_analysis/data/ods/06_decision_curve_analysis_sample.ods,AIHE_Canon_V1.0/archive/v1.0/odf/ch/03/py/PY06_decision_curve/data/ods/06_decision_curve_analysis_sample.ods
digital-resource-companion/archive/v1.0/open_document_formats/chapters/03/python_analytics/AIHE-PY06_decision_curve_analysis/data/ods/06_decision_curve_analysis_template.ods,AIHE_Canon_V1.0/archive/v1.0/odf/ch/03/py/PY06_decision_curve/data/ods/06_decision_curve_analysis_template.ods
digital-resource-companion/archive/v1.0/open_document_formats/chapters/03/python_analytics/AIHE-PY21_discrete_event_simulation_of_hospital_flow/data/ods/21_discrete_event_hospital_flow_sample.ods,AIHE_Canon_V1.0/archive/v1.0/odf/ch/03/py/PY21_discrete_event/data/ods/21_discrete_event_hospital_flow_sample.ods
digital-resource-companion/archive/v1.0/open_document_formats/chapters/03/python_analytics/AIHE-PY21_discrete_event_simulation_of_hospital_flow/data/ods/21_discrete_event_hospital_flow_template.ods,AIHE_Canon_V1.0/archive/v1.0/odf/ch/03/py/PY21_discrete_event/data/ods/21_discrete_event_hospital_flow_template.ods
digital-resource-companion/archive/v1.0/open_document_formats/chapters/03/python_analytics/AIHE-PY34_time_series_forecasting_for_demand_capacity_and_budget_planning/data/ods/34_time_series_forecasting_sample.ods,AIHE_Canon_V1.0/archive/v1.0/odf/ch/03/py/PY34_forecasting/data/ods/34_time_series_forecasting_sample.ods
digital-resource-companion/archive/v1.0/open_document_formats/chapters/03/python_analytics/AIHE-PY34_time_series_forecasting_for_demand_capacity_and_budget_planning/data/ods/34_time_series_forecasting_template.ods,AIHE_Canon_V1.0/archive/v1.0/odf/ch/03/py/PY34_forecasting/data/ods/34_time_series_forecasting_template.ods
digital-resource-companion/archive/v1.0/open_document_formats/chapters/03/python_analytics/AIHE-PY35_constrained_resource_allocation_optimization/data/ods/35_resource_allocation_optimization_sample.ods,AIHE_Canon_V1.0/archive/v1.0/odf/ch/03/py/PY35_allocation/data/ods/35_resource_allocation_optimization_sample.ods
digital-resource-companion/archive/v1.0/open_document_formats/chapters/03/python_analytics/AIHE-PY35_constrained_resource_allocation_optimization/data/ods/35_resource_allocation_optimization_template.ods,AIHE_Canon_V1.0/archive/v1.0/odf/ch/03/py/PY35_allocation/data/ods/35_resource_allocation_optimization_template.ods
digital-resource-companion/archive/v1.0/open_document_formats/chapters/04/core/AIHE-B03/edit/ods/AIHE-B03_workbook.ods,AIHE_Canon_V1.0/archive/v1.0/odf/ch/04/core/AIHE-B03/edit/ods/AIHE-B03_workbook.ods
digital-resource-companion/archive/v1.0/open_document_formats/chapters/04/core/AIHE-B03/edit/odt/AIHE-B03_template_and_worked_example.odt,AIHE_Canon_V1.0/archive/v1.0/odf/ch/04/core/AIHE-B03/edit/odt/AIHE-B03_template_example.odt
digital-resource-companion/archive/v1.0/open_document_formats/chapters/04/core/AIHE-B03/supp/AIHE-EX07/ods/AIHE-EX07_workbook.ods,AIHE_Canon_V1.0/archive/v1.0/odf/ch/04/core/AIHE-B03/supp/AIHE-EX07/ods/AIHE-EX07_workbook.ods
digital-resource-companion/archive/v1.0/open_document_formats/chapters/04/core/AIHE-B03/supp/AIHE-EX07/odt/AIHE-EX07_template.odt,AIHE_Canon_V1.0/archive/v1.0/odf/ch/04/core/AIHE-B03/supp/AIHE-EX07/odt/AIHE-EX07_template.odt
digital-resource-companion/archive/v1.0/open_document_formats/chapters/04/core/AIHE-B03/supp/AIHE-EX07/odt/AIHE-EX07_worked_example.odt,AIHE_Canon_V1.0/archive/v1.0/odf/ch/04/core/AIHE-B03/supp/AIHE-EX07/odt/AIHE-EX07_example.odt
digital-resource-companion/archive/v1.0/open_document_formats/chapters/04/core/AIHE-B03/supp/AIHE-Z/ods/AIHE-Z_workbook.ods,AIHE_Canon_V1.0/archive/v1.0/odf/ch/04/core/AIHE-B03/supp/AIHE-Z/ods/AIHE-Z_workbook.ods
digital-resource-companion/archive/v1.0/open_document_formats/chapters/04/core/AIHE-B03/supp/AIHE-Z/odt/AIHE-Z_template.odt,AIHE_Canon_V1.0/archive/v1.0/odf/ch/04/core/AIHE-B03/supp/AIHE-Z/odt/AIHE-Z_template.odt
digital-resource-companion/archive/v1.0/open_document_formats/chapters/04/core/AIHE-B03/supp/AIHE-Z/odt/AIHE-Z_worked_example.odt,AIHE_Canon_V1.0/archive/v1.0/odf/ch/04/core/AIHE-B03/supp/AIHE-Z/odt/AIHE-Z_example.odt
digital-resource-companion/archive/v1.0/open_document_formats/chapters/04/guides/AIHE-RG03/edit/ods/AIHE-RG03_register.ods,AIHE_Canon_V1.0/archive/v1.0/odf/ch/04/guides/AIHE-RG03/edit/ods/AIHE-RG03_register.ods
digital-resource-companion/archive/v1.0/open_document_formats/chapters/04/guides/AIHE-RG03/edit/odt/AIHE-RG03_guide_and_template.odt,AIHE_Canon_V1.0/archive/v1.0/odf/ch/04/guides/AIHE-RG03/edit/odt/AIHE-RG03_guide_and_template.odt
digital-resource-companion/archive/v1.0/open_document_formats/chapters/04/python_analytics/AIHE-PY22_system_dynamics_model_of_adoption_capacity_and_value/data/ods/22_system_dynamics_adoption_capacity_sample.ods,AIHE_Canon_V1.0/archive/v1.0/odf/ch/04/py/PY22_system_dynamics/data/ods/22_system_dynamics_adoption_capacity_sample.ods
digital-resource-companion/archive/v1.0/open_document_formats/chapters/04/python_analytics/AIHE-PY22_system_dynamics_model_of_adoption_capacity_and_value/data/ods/22_system_dynamics_adoption_capacity_template.ods,AIHE_Canon_V1.0/archive/v1.0/odf/ch/04/py/PY22_system_dynamics/data/ods/22_system_dynamics_adoption_capacity_template.ods
digital-resource-companion/archive/v1.0/open_document_formats/chapters/04/python_analytics/AIHE-PY23_agent_based_simulation_of_clinician_adoption/data/ods/23_agent_based_clinician_adoption_sample.ods,AIHE_Canon_V1.0/archive/v1.0/odf/ch/04/py/PY23_agent_based/data/ods/23_agent_based_clinician_adoption_sample.ods
digital-resource-companion/archive/v1.0/open_document_formats/chapters/04/python_analytics/AIHE-PY23_agent_based_simulation_of_clinician_adoption/data/ods/23_agent_based_clinician_adoption_template.ods,AIHE_Canon_V1.0/archive/v1.0/odf/ch/04/py/PY23_agent_based/data/ods/23_agent_based_clinician_adoption_template.ods
digital-resource-companion/archive/v1.0/open_document_formats/chapters/04/python_analytics/AIHE-PY28_workflow_time_capacity_productivity_and_benefit_realization/data/ods/28_workflow_productivity_sample.ods,AIHE_Canon_V1.0/archive/v1.0/odf/ch/04/py/PY28_productivity/data/ods/28_workflow_productivity_sample.ods
digital-resource-companion/archive/v1.0/open_document_formats/chapters/04/python_analytics/AIHE-PY28_workflow_time_capacity_productivity_and_benefit_realization/data/ods/28_workflow_productivity_template.ods,AIHE_Canon_V1.0/archive/v1.0/odf/ch/04/py/PY28_productivity/data/ods/28_workflow_productivity_template.ods
digital-resource-companion/archive/v1.0/open_document_formats/chapters/05/core/AIHE-C01/edit/ods/AIHE-C01_workbook.ods,AIHE_Canon_V1.0/archive/v1.0/odf/ch/05/core/AIHE-C01/edit/ods/AIHE-C01_workbook.ods
digital-resource-companion/archive/v1.0/open_document_formats/chapters/05/core/AIHE-C01/edit/odt/AIHE-C01_template_and_worked_example.odt,AIHE_Canon_V1.0/archive/v1.0/odf/ch/05/core/AIHE-C01/edit/odt/AIHE-C01_template_example.odt
digital-resource-companion/archive/v1.0/open_document_formats/chapters/05/core/AIHE-C01/supp/AIHE-I/ods/AIHE-I_workbook.ods,AIHE_Canon_V1.0/archive/v1.0/odf/ch/05/core/AIHE-C01/supp/AIHE-I/ods/AIHE-I_workbook.ods
digital-resource-companion/archive/v1.0/open_document_formats/chapters/05/core/AIHE-C01/supp/AIHE-I/odt/AIHE-I_template.odt,AIHE_Canon_V1.0/archive/v1.0/odf/ch/05/core/AIHE-C01/supp/AIHE-I/odt/AIHE-I_template.odt
digital-resource-companion/archive/v1.0/open_document_formats/chapters/05/core/AIHE-C01/supp/AIHE-I/odt/AIHE-I_worked_example.odt,AIHE_Canon_V1.0/archive/v1.0/odf/ch/05/core/AIHE-C01/supp/AIHE-I/odt/AIHE-I_example.odt
digital-resource-companion/archive/v1.0/open_document_formats/chapters/05/core/AIHE-C02/edit/ods/AIHE-C02_workbook.ods,AIHE_Canon_V1.0/archive/v1.0/odf/ch/05/core/AIHE-C02/edit/ods/AIHE-C02_workbook.ods
digital-resource-companion/archive/v1.0/open_document_formats/chapters/05/core/AIHE-C02/edit/odt/AIHE-C02_template_and_worked_example.odt,AIHE_Canon_V1.0/archive/v1.0/odf/ch/05/core/AIHE-C02/edit/odt/AIHE-C02_template_example.odt
digital-resource-companion/archive/v1.0/open_document_formats/chapters/05/python_analytics/AIHE-PY02_descriptive_statistics_and_visual_comparisons/data/ods/02_descriptive_statistics_and_visuals_sample.ods,AIHE_Canon_V1.0/archive/v1.0/odf/ch/05/py/PY02_descriptive/data/ods/02_descriptive_statistics_and_visuals_sample.ods
digital-resource-companion/archive/v1.0/open_document_formats/chapters/05/python_analytics/AIHE-PY02_descriptive_statistics_and_visual_comparisons/data/ods/02_descriptive_statistics_and_visuals_template.ods,AIHE_Canon_V1.0/archive/v1.0/odf/ch/05/py/PY02_descriptive/data/ods/02_descriptive_statistics_and_visuals_template.ods
digital-resource-companion/archive/v1.0/open_document_formats/chapters/06/core/AIHE-B01/edit/ods/AIHE-B01_workbook.ods,AIHE_Canon_V1.0/archive/v1.0/odf/ch/06/core/AIHE-B01/edit/ods/AIHE-B01_workbook.ods
digital-resource-companion/archive/v1.0/open_document_formats/chapters/06/core/AIHE-B01/edit/odt/AIHE-B01_template_and_worked_example.odt,AIHE_Canon_V1.0/archive/v1.0/odf/ch/06/core/AIHE-B01/edit/odt/AIHE-B01_template_example.odt
digital-resource-companion/archive/v1.0/open_document_formats/chapters/06/core/AIHE-B01/supp/AIHE-B/ods/AIHE-B_workbook.ods,AIHE_Canon_V1.0/archive/v1.0/odf/ch/06/core/AIHE-B01/supp/AIHE-B/ods/AIHE-B_workbook.ods
digital-resource-companion/archive/v1.0/open_document_formats/chapters/06/core/AIHE-B01/supp/AIHE-B/odt/AIHE-B_template.odt,AIHE_Canon_V1.0/archive/v1.0/odf/ch/06/core/AIHE-B01/supp/AIHE-B/odt/AIHE-B_template.odt
digital-resource-companion/archive/v1.0/open_document_formats/chapters/06/core/AIHE-B01/supp/AIHE-B/odt/AIHE-B_worked_example.odt,AIHE_Canon_V1.0/archive/v1.0/odf/ch/06/core/AIHE-B01/supp/AIHE-B/odt/AIHE-B_example.odt
digital-resource-companion/archive/v1.0/open_document_formats/chapters/06/core/AIHE-B02/edit/ods/AIHE-B02_workbook.ods,AIHE_Canon_V1.0/archive/v1.0/odf/ch/06/core/AIHE-B02/edit/ods/AIHE-B02_workbook.ods
digital-resource-companion/archive/v1.0/open_document_formats/chapters/06/core/AIHE-B02/edit/odt/AIHE-B02_template_and_worked_example.odt,AIHE_Canon_V1.0/archive/v1.0/odf/ch/06/core/AIHE-B02/edit/odt/AIHE-B02_template_example.odt
digital-resource-companion/archive/v1.0/open_document_formats/chapters/06/core/AIHE-B02/supp/AIHE-EX17/ods/AIHE-EX17_workbook.ods,AIHE_Canon_V1.0/archive/v1.0/odf/ch/06/core/AIHE-B02/supp/AIHE-EX17/ods/AIHE-EX17_workbook.ods
digital-resource-companion/archive/v1.0/open_document_formats/chapters/06/core/AIHE-B02/supp/AIHE-EX17/odt/AIHE-EX17_template.odt,AIHE_Canon_V1.0/archive/v1.0/odf/ch/06/core/AIHE-B02/supp/AIHE-EX17/odt/AIHE-EX17_template.odt
digital-resource-companion/archive/v1.0/open_document_formats/chapters/06/core/AIHE-B02/supp/AIHE-EX17/odt/AIHE-EX17_worked_example.odt,AIHE_Canon_V1.0/archive/v1.0/odf/ch/06/core/AIHE-B02/supp/AIHE-EX17/odt/AIHE-EX17_example.odt
digital-resource-companion/archive/v1.0/open_document_formats/chapters/06/core/AIHE-B02/supp/AIHE-M/ods/AIHE-M_workbook.ods,AIHE_Canon_V1.0/archive/v1.0/odf/ch/06/core/AIHE-B02/supp/AIHE-M/ods/AIHE-M_workbook.ods
digital-resource-companion/archive/v1.0/open_document_formats/chapters/06/core/AIHE-B02/supp/AIHE-M/odt/AIHE-M_template.odt,AIHE_Canon_V1.0/archive/v1.0/odf/ch/06/core/AIHE-B02/supp/AIHE-M/odt/AIHE-M_template.odt
digital-resource-companion/archive/v1.0/open_document_formats/chapters/06/core/AIHE-B02/supp/AIHE-M/odt/AIHE-M_worked_example.odt,AIHE_Canon_V1.0/archive/v1.0/odf/ch/06/core/AIHE-B02/supp/AIHE-M/odt/AIHE-M_example.odt
digital-resource-companion/archive/v1.0/open_document_formats/chapters/06/python_analytics/AIHE-PY10_total_cost_of_ai_ownership_tcaio_lifecycle_costing/data/ods/10_tcaio_lifecycle_costing_sample.ods,AIHE_Canon_V1.0/archive/v1.0/odf/ch/06/py/PY10_cost_budget/data/ods/10_tcaio_lifecycle_costing_sample.ods
digital-resource-companion/archive/v1.0/open_document_formats/chapters/06/python_analytics/AIHE-PY10_total_cost_of_ai_ownership_tcaio_lifecycle_costing/data/ods/10_tcaio_lifecycle_costing_template.ods,AIHE_Canon_V1.0/archive/v1.0/odf/ch/06/py/PY10_cost_budget/data/ods/10_tcaio_lifecycle_costing_template.ods
digital-resource-companion/archive/v1.0/open_document_formats/chapters/06/python_analytics/AIHE-PY11_roi_net_benefit_and_benefit_realization_analysis/data/ods/11_roi_benefit_realization_sample.ods,AIHE_Canon_V1.0/archive/v1.0/odf/ch/06/py/PY11_finance_value/data/ods/11_roi_benefit_realization_sample.ods
digital-resource-companion/archive/v1.0/open_document_formats/chapters/06/python_analytics/AIHE-PY11_roi_net_benefit_and_benefit_realization_analysis/data/ods/11_roi_benefit_realization_template.ods,AIHE_Canon_V1.0/archive/v1.0/odf/ch/06/py/PY11_finance_value/data/ods/11_roi_benefit_realization_template.ods
digital-resource-companion/archive/v1.0/open_document_formats/chapters/07/core/AIHE-B04/edit/ods/AIHE-B04_workbook.ods,AIHE_Canon_V1.0/archive/v1.0/odf/ch/07/core/AIHE-B04/edit/ods/AIHE-B04_workbook.ods
digital-resource-companion/archive/v1.0/open_document_formats/chapters/07/core/AIHE-B04/edit/odt/AIHE-B04_template_and_worked_example.odt,AIHE_Canon_V1.0/archive/v1.0/odf/ch/07/core/AIHE-B04/edit/odt/AIHE-B04_template_example.odt
digital-resource-companion/archive/v1.0/open_document_formats/chapters/07/core/AIHE-B04/supp/AIHE-AA/ods/AIHE-AA_workbook.ods,AIHE_Canon_V1.0/archive/v1.0/odf/ch/07/core/AIHE-B04/supp/AIHE-AA/ods/AIHE-AA_workbook.ods
digital-resource-companion/archive/v1.0/open_document_formats/chapters/07/core/AIHE-B04/supp/AIHE-AA/odt/AIHE-AA_template.odt,AIHE_Canon_V1.0/archive/v1.0/odf/ch/07/core/AIHE-B04/supp/AIHE-AA/odt/AIHE-AA_template.odt
digital-resource-companion/archive/v1.0/open_document_formats/chapters/07/core/AIHE-B04/supp/AIHE-AA/odt/AIHE-AA_worked_example.odt,AIHE_Canon_V1.0/archive/v1.0/odf/ch/07/core/AIHE-B04/supp/AIHE-AA/odt/AIHE-AA_example.odt
digital-resource-companion/archive/v1.0/open_document_formats/chapters/07/core/AIHE-B04/supp/AIHE-EX18/ods/AIHE-EX18_workbook.ods,AIHE_Canon_V1.0/archive/v1.0/odf/ch/07/core/AIHE-B04/supp/AIHE-EX18/ods/AIHE-EX18_workbook.ods
digital-resource-companion/archive/v1.0/open_document_formats/chapters/07/core/AIHE-B04/supp/AIHE-EX18/odt/AIHE-EX18_template.odt,AIHE_Canon_V1.0/archive/v1.0/odf/ch/07/core/AIHE-B04/supp/AIHE-EX18/odt/AIHE-EX18_template.odt
digital-resource-companion/archive/v1.0/open_document_formats/chapters/07/core/AIHE-B04/supp/AIHE-EX18/odt/AIHE-EX18_worked_example.odt,AIHE_Canon_V1.0/archive/v1.0/odf/ch/07/core/AIHE-B04/supp/AIHE-EX18/odt/AIHE-EX18_example.odt
digital-resource-companion/archive/v1.0/open_document_formats/chapters/07/python_analytics/AIHE-PY12_cost_effectiveness_icer_and_net_monetary_benefit/data/ods/12_cost_effectiveness_icer_nmb_sample.ods,AIHE_Canon_V1.0/archive/v1.0/odf/ch/07/py/PY12_cost_effect/data/ods/12_cost_effectiveness_icer_nmb_sample.ods
digital-resource-companion/archive/v1.0/open_document_formats/chapters/07/python_analytics/AIHE-PY12_cost_effectiveness_icer_and_net_monetary_benefit/data/ods/12_cost_effectiveness_icer_nmb_template.ods,AIHE_Canon_V1.0/archive/v1.0/odf/ch/07/py/PY12_cost_effect/data/ods/12_cost_effectiveness_icer_nmb_template.ods
digital-resource-companion/archive/v1.0/open_document_formats/chapters/07/python_analytics/AIHE-PY13_multiyear_budget_impact_analysis/data/ods/13_budget_impact_analysis_sample.ods,AIHE_Canon_V1.0/archive/v1.0/odf/ch/07/py/PY13_budget_impact/data/ods/13_budget_impact_analysis_sample.ods
digital-resource-companion/archive/v1.0/open_document_formats/chapters/07/python_analytics/AIHE-PY13_multiyear_budget_impact_analysis/data/ods/13_budget_impact_analysis_template.ods,AIHE_Canon_V1.0/archive/v1.0/odf/ch/07/py/PY13_budget_impact/data/ods/13_budget_impact_analysis_template.ods
digital-resource-companion/archive/v1.0/open_document_formats/chapters/07/python_analytics/AIHE-PY16_distributional_cost_effectiveness_and_equity_weighted_analysis/data/ods/16_distributional_cost_effectiveness_sample.ods,AIHE_Canon_V1.0/archive/v1.0/odf/ch/07/py/PY16_distributional/data/ods/16_distributional_cost_effectiveness_sample.ods
digital-resource-companion/archive/v1.0/open_document_formats/chapters/07/python_analytics/AIHE-PY16_distributional_cost_effectiveness_and_equity_weighted_analysis/data/ods/16_distributional_cost_effectiveness_template.ods,AIHE_Canon_V1.0/archive/v1.0/odf/ch/07/py/PY16_distributional/data/ods/16_distributional_cost_effectiveness_template.ods
digital-resource-companion/archive/v1.0/open_document_formats/chapters/08/core/AIHE-B05/edit/ods/AIHE-B05_workbook.ods,AIHE_Canon_V1.0/archive/v1.0/odf/ch/08/core/AIHE-B05/edit/ods/AIHE-B05_workbook.ods
digital-resource-companion/archive/v1.0/open_document_formats/chapters/08/core/AIHE-B05/edit/odt/AIHE-B05_template_and_worked_example.odt,AIHE_Canon_V1.0/archive/v1.0/odf/ch/08/core/AIHE-B05/edit/odt/AIHE-B05_template_example.odt
digital-resource-companion/archive/v1.0/open_document_formats/chapters/08/core/AIHE-B05/supp/AIHE-AF/ods/AIHE-AF_workbook.ods,AIHE_Canon_V1.0/archive/v1.0/odf/ch/08/core/AIHE-B05/supp/AIHE-AF/ods/AIHE-AF_workbook.ods
digital-resource-companion/archive/v1.0/open_document_formats/chapters/08/core/AIHE-B05/supp/AIHE-AF/odt/AIHE-AF_template.odt,AIHE_Canon_V1.0/archive/v1.0/odf/ch/08/core/AIHE-B05/supp/AIHE-AF/odt/AIHE-AF_template.odt
digital-resource-companion/archive/v1.0/open_document_formats/chapters/08/core/AIHE-B05/supp/AIHE-AF/odt/AIHE-AF_worked_example.odt,AIHE_Canon_V1.0/archive/v1.0/odf/ch/08/core/AIHE-B05/supp/AIHE-AF/odt/AIHE-AF_example.odt
digital-resource-companion/archive/v1.0/open_document_formats/chapters/08/core/AIHE-B05/supp/AIHE-EX04/ods/AIHE-EX04_workbook.ods,AIHE_Canon_V1.0/archive/v1.0/odf/ch/08/core/AIHE-B05/supp/AIHE-EX04/ods/AIHE-EX04_workbook.ods
digital-resource-companion/archive/v1.0/open_document_formats/chapters/08/core/AIHE-B05/supp/AIHE-EX04/odt/AIHE-EX04_template.odt,AIHE_Canon_V1.0/archive/v1.0/odf/ch/08/core/AIHE-B05/supp/AIHE-EX04/odt/AIHE-EX04_template.odt
digital-resource-companion/archive/v1.0/open_document_formats/chapters/08/core/AIHE-B05/supp/AIHE-EX04/odt/AIHE-EX04_worked_example.odt,AIHE_Canon_V1.0/archive/v1.0/odf/ch/08/core/AIHE-B05/supp/AIHE-EX04/odt/AIHE-EX04_example.odt
digital-resource-companion/archive/v1.0/open_document_formats/chapters/08/core/AIHE-B05/supp/AIHE-EX06/ods/AIHE-EX06_workbook.ods,AIHE_Canon_V1.0/archive/v1.0/odf/ch/08/core/AIHE-B05/supp/AIHE-EX06/ods/AIHE-EX06_workbook.ods
digital-resource-companion/archive/v1.0/open_document_formats/chapters/08/core/AIHE-B05/supp/AIHE-EX06/odt/AIHE-EX06_template.odt,AIHE_Canon_V1.0/archive/v1.0/odf/ch/08/core/AIHE-B05/supp/AIHE-EX06/odt/AIHE-EX06_template.odt
digital-resource-companion/archive/v1.0/open_document_formats/chapters/08/core/AIHE-B05/supp/AIHE-EX06/odt/AIHE-EX06_worked_example.odt,AIHE_Canon_V1.0/archive/v1.0/odf/ch/08/core/AIHE-B05/supp/AIHE-EX06/odt/AIHE-EX06_example.odt
digital-resource-companion/archive/v1.0/open_document_formats/chapters/08/core/AIHE-B05/supp/AIHE-EX15/ods/AIHE-EX15_workbook.ods,AIHE_Canon_V1.0/archive/v1.0/odf/ch/08/core/AIHE-B05/supp/AIHE-EX15/ods/AIHE-EX15_workbook.ods
digital-resource-companion/archive/v1.0/open_document_formats/chapters/08/core/AIHE-B05/supp/AIHE-EX15/odt/AIHE-EX15_template.odt,AIHE_Canon_V1.0/archive/v1.0/odf/ch/08/core/AIHE-B05/supp/AIHE-EX15/odt/AIHE-EX15_template.odt
digital-resource-companion/archive/v1.0/open_document_formats/chapters/08/core/AIHE-B05/supp/AIHE-EX15/odt/AIHE-EX15_worked_example.odt,AIHE_Canon_V1.0/archive/v1.0/odf/ch/08/core/AIHE-B05/supp/AIHE-EX15/odt/AIHE-EX15_example.odt
digital-resource-companion/archive/v1.0/open_document_formats/chapters/08/core/AIHE-B05/supp/AIHE-EX16/ods/AIHE-EX16_workbook.ods,AIHE_Canon_V1.0/archive/v1.0/odf/ch/08/core/AIHE-B05/supp/AIHE-EX16/ods/AIHE-EX16_workbook.ods
digital-resource-companion/archive/v1.0/open_document_formats/chapters/08/core/AIHE-B05/supp/AIHE-EX16/odt/AIHE-EX16_template.odt,AIHE_Canon_V1.0/archive/v1.0/odf/ch/08/core/AIHE-B05/supp/AIHE-EX16/odt/AIHE-EX16_template.odt
digital-resource-companion/archive/v1.0/open_document_formats/chapters/08/core/AIHE-B05/supp/AIHE-EX16/odt/AIHE-EX16_worked_example.odt,AIHE_Canon_V1.0/archive/v1.0/odf/ch/08/core/AIHE-B05/supp/AIHE-EX16/odt/AIHE-EX16_example.odt
digital-resource-companion/archive/v1.0/open_document_formats/chapters/08/guides/AIHE-RG05/edit/ods/AIHE-RG05_register.ods,AIHE_Canon_V1.0/archive/v1.0/odf/ch/08/guides/AIHE-RG05/edit/ods/AIHE-RG05_register.ods
digital-resource-companion/archive/v1.0/open_document_formats/chapters/08/guides/AIHE-RG05/edit/odt/AIHE-RG05_guide_and_template.odt,AIHE_Canon_V1.0/archive/v1.0/odf/ch/08/guides/AIHE-RG05/edit/odt/AIHE-RG05_guide_and_template.odt
digital-resource-companion/archive/v1.0/open_document_formats/chapters/08/python_analytics/AIHE-PY14_deterministic_sensitivity_and_tornado_analysis/data/ods/14_deterministic_sensitivity_tornado_sample.ods,AIHE_Canon_V1.0/archive/v1.0/odf/ch/08/py/PY14_sensitivity/data/ods/14_deterministic_sensitivity_tornado_sample.ods
digital-resource-companion/archive/v1.0/open_document_formats/chapters/08/python_analytics/AIHE-PY14_deterministic_sensitivity_and_tornado_analysis/data/ods/14_deterministic_sensitivity_tornado_template.ods,AIHE_Canon_V1.0/archive/v1.0/odf/ch/08/py/PY14_sensitivity/data/ods/14_deterministic_sensitivity_tornado_template.ods
digital-resource-companion/archive/v1.0/open_document_formats/chapters/08/python_analytics/AIHE-PY15_probabilistic_sensitivity_analysis_ceac_and_evpi/data/ods/15_probabilistic_sensitivity_ceac_evpi_sample.ods,AIHE_Canon_V1.0/archive/v1.0/odf/ch/08/py/PY15_psa_voi/data/ods/15_probabilistic_sensitivity_ceac_evpi_sample.ods
digital-resource-companion/archive/v1.0/open_document_formats/chapters/08/python_analytics/AIHE-PY15_probabilistic_sensitivity_analysis_ceac_and_evpi/data/ods/15_probabilistic_sensitivity_ceac_evpi_template.ods,AIHE_Canon_V1.0/archive/v1.0/odf/ch/08/py/PY15_psa_voi/data/ods/15_probabilistic_sensitivity_ceac_evpi_template.ods
digital-resource-companion/archive/v1.0/open_document_formats/chapters/08/python_analytics/AIHE-PY18_decision_tree_pathway_model/data/ods/18_decision_tree_pathway_sample.ods,AIHE_Canon_V1.0/archive/v1.0/odf/ch/08/py/PY18_decision_tree/data/ods/18_decision_tree_pathway_sample.ods
digital-resource-companion/archive/v1.0/open_document_formats/chapters/08/python_analytics/AIHE-PY18_decision_tree_pathway_model/data/ods/18_decision_tree_pathway_template.ods,AIHE_Canon_V1.0/archive/v1.0/odf/ch/08/py/PY18_decision_tree/data/ods/18_decision_tree_pathway_template.ods
digital-resource-companion/archive/v1.0/open_document_formats/chapters/08/python_analytics/AIHE-PY19_markov_cohort_model_for_long_term_ai_evaluation/data/ods/19_markov_cohort_model_sample.ods,AIHE_Canon_V1.0/archive/v1.0/odf/ch/08/py/PY19_markov/data/ods/19_markov_cohort_model_sample.ods
digital-resource-companion/archive/v1.0/open_document_formats/chapters/08/python_analytics/AIHE-PY19_markov_cohort_model_for_long_term_ai_evaluation/data/ods/19_markov_cohort_model_template.ods,AIHE_Canon_V1.0/archive/v1.0/odf/ch/08/py/PY19_markov/data/ods/19_markov_cohort_model_template.ods
digital-resource-companion/archive/v1.0/open_document_formats/chapters/08/python_analytics/AIHE-PY20_patient_level_microsimulation/data/ods/20_patient_microsimulation_sample.ods,AIHE_Canon_V1.0/archive/v1.0/odf/ch/08/py/PY20_microsim/data/ods/20_patient_microsimulation_sample.ods
digital-resource-companion/archive/v1.0/open_document_formats/chapters/08/python_analytics/AIHE-PY20_patient_level_microsimulation/data/ods/20_patient_microsimulation_template.ods,AIHE_Canon_V1.0/archive/v1.0/odf/ch/08/py/PY20_microsim/data/ods/20_patient_microsimulation_template.ods
digital-resource-companion/archive/v1.0/open_document_formats/chapters/09/core/AIHE-D01/edit/ods/AIHE-D01_workbook.ods,AIHE_Canon_V1.0/archive/v1.0/odf/ch/09/core/AIHE-D01/edit/ods/AIHE-D01_workbook.ods
digital-resource-companion/archive/v1.0/open_document_formats/chapters/09/core/AIHE-D01/edit/odt/AIHE-D01_template_and_worked_example.odt,AIHE_Canon_V1.0/archive/v1.0/odf/ch/09/core/AIHE-D01/edit/odt/AIHE-D01_template_example.odt
digital-resource-companion/archive/v1.0/open_document_formats/chapters/09/core/AIHE-D01/supp/AIHE-D/ods/AIHE-D_workbook.ods,AIHE_Canon_V1.0/archive/v1.0/odf/ch/09/core/AIHE-D01/supp/AIHE-D/ods/AIHE-D_workbook.ods
digital-resource-companion/archive/v1.0/open_document_formats/chapters/09/core/AIHE-D01/supp/AIHE-D/odt/AIHE-D_template.odt,AIHE_Canon_V1.0/archive/v1.0/odf/ch/09/core/AIHE-D01/supp/AIHE-D/odt/AIHE-D_template.odt
digital-resource-companion/archive/v1.0/open_document_formats/chapters/09/core/AIHE-D01/supp/AIHE-D/odt/AIHE-D_worked_example.odt,AIHE_Canon_V1.0/archive/v1.0/odf/ch/09/core/AIHE-D01/supp/AIHE-D/odt/AIHE-D_example.odt
digital-resource-companion/archive/v1.0/open_document_formats/chapters/09/core/AIHE-D01/supp/AIHE-EX08/ods/AIHE-EX08_workbook.ods,AIHE_Canon_V1.0/archive/v1.0/odf/ch/09/core/AIHE-D01/supp/AIHE-EX08/ods/AIHE-EX08_workbook.ods
digital-resource-companion/archive/v1.0/open_document_formats/chapters/09/core/AIHE-D01/supp/AIHE-EX08/odt/AIHE-EX08_template.odt,AIHE_Canon_V1.0/archive/v1.0/odf/ch/09/core/AIHE-D01/supp/AIHE-EX08/odt/AIHE-EX08_template.odt
digital-resource-companion/archive/v1.0/open_document_formats/chapters/09/core/AIHE-D01/supp/AIHE-EX08/odt/AIHE-EX08_worked_example.odt,AIHE_Canon_V1.0/archive/v1.0/odf/ch/09/core/AIHE-D01/supp/AIHE-EX08/odt/AIHE-EX08_example.odt
digital-resource-companion/archive/v1.0/open_document_formats/chapters/09/core/AIHE-D01/supp/AIHE-EX09/ods/AIHE-EX09_workbook.ods,AIHE_Canon_V1.0/archive/v1.0/odf/ch/09/core/AIHE-D01/supp/AIHE-EX09/ods/AIHE-EX09_workbook.ods
digital-resource-companion/archive/v1.0/open_document_formats/chapters/09/core/AIHE-D01/supp/AIHE-EX09/odt/AIHE-EX09_template.odt,AIHE_Canon_V1.0/archive/v1.0/odf/ch/09/core/AIHE-D01/supp/AIHE-EX09/odt/AIHE-EX09_template.odt
digital-resource-companion/archive/v1.0/open_document_formats/chapters/09/core/AIHE-D01/supp/AIHE-EX09/odt/AIHE-EX09_worked_example.odt,AIHE_Canon_V1.0/archive/v1.0/odf/ch/09/core/AIHE-D01/supp/AIHE-EX09/odt/AIHE-EX09_example.odt
digital-resource-companion/archive/v1.0/open_document_formats/chapters/09/python_analytics/AIHE-PY17_ai_pricing_and_contract_scenario_analysis/data/ods/17_ai_pricing_contract_scenarios_sample.ods,AIHE_Canon_V1.0/archive/v1.0/odf/ch/09/py/PY17_pricing_contract/data/ods/17_ai_pricing_contract_scenarios_sample.ods
digital-resource-companion/archive/v1.0/open_document_formats/chapters/09/python_analytics/AIHE-PY17_ai_pricing_and_contract_scenario_analysis/data/ods/17_ai_pricing_contract_scenarios_template.ods,AIHE_Canon_V1.0/archive/v1.0/odf/ch/09/py/PY17_pricing_contract/data/ods/17_ai_pricing_contract_scenarios_template.ods
digital-resource-companion/archive/v1.0/open_document_formats/chapters/09/python_analytics/AIHE-PY25_weighted_procurement_scorecard_with_mandatory_safeguards/data/ods/25_procurement_mcda_scorecard_sample.ods,AIHE_Canon_V1.0/archive/v1.0/odf/ch/09/py/PY25_procurement/data/ods/25_procurement_mcda_scorecard_sample.ods
digital-resource-companion/archive/v1.0/open_document_formats/chapters/09/python_analytics/AIHE-PY25_weighted_procurement_scorecard_with_mandatory_safeguards/data/ods/25_procurement_mcda_scorecard_template.ods,AIHE_Canon_V1.0/archive/v1.0/odf/ch/09/py/PY25_procurement/data/ods/25_procurement_mcda_scorecard_template.ods
digital-resource-companion/archive/v1.0/open_document_formats/chapters/10/core/AIHE-C03/edit/ods/AIHE-C03_workbook.ods,AIHE_Canon_V1.0/archive/v1.0/odf/ch/10/core/AIHE-C03/edit/ods/AIHE-C03_workbook.ods
digital-resource-companion/archive/v1.0/open_document_formats/chapters/10/core/AIHE-C03/edit/odt/AIHE-C03_template_and_worked_example.odt,AIHE_Canon_V1.0/archive/v1.0/odf/ch/10/core/AIHE-C03/edit/odt/AIHE-C03_template_example.odt
digital-resource-companion/archive/v1.0/open_document_formats/chapters/10/core/AIHE-C03/supp/AIHE-AB/ods/AIHE-AB_workbook.ods,AIHE_Canon_V1.0/archive/v1.0/odf/ch/10/core/AIHE-C03/supp/AIHE-AB/ods/AIHE-AB_workbook.ods
digital-resource-companion/archive/v1.0/open_document_formats/chapters/10/core/AIHE-C03/supp/AIHE-AB/odt/AIHE-AB_template.odt,AIHE_Canon_V1.0/archive/v1.0/odf/ch/10/core/AIHE-C03/supp/AIHE-AB/odt/AIHE-AB_template.odt
digital-resource-companion/archive/v1.0/open_document_formats/chapters/10/core/AIHE-C03/supp/AIHE-AB/odt/AIHE-AB_worked_example.odt,AIHE_Canon_V1.0/archive/v1.0/odf/ch/10/core/AIHE-C03/supp/AIHE-AB/odt/AIHE-AB_example.odt
digital-resource-companion/archive/v1.0/open_document_formats/chapters/10/core/AIHE-C03/supp/AIHE-AC/ods/AIHE-AC_workbook.ods,AIHE_Canon_V1.0/archive/v1.0/odf/ch/10/core/AIHE-C03/supp/AIHE-AC/ods/AIHE-AC_workbook.ods
digital-resource-companion/archive/v1.0/open_document_formats/chapters/10/core/AIHE-C03/supp/AIHE-AC/odt/AIHE-AC_template.odt,AIHE_Canon_V1.0/archive/v1.0/odf/ch/10/core/AIHE-C03/supp/AIHE-AC/odt/AIHE-AC_template.odt
digital-resource-companion/archive/v1.0/open_document_formats/chapters/10/core/AIHE-C03/supp/AIHE-AC/odt/AIHE-AC_worked_example.odt,AIHE_Canon_V1.0/archive/v1.0/odf/ch/10/core/AIHE-C03/supp/AIHE-AC/odt/AIHE-AC_example.odt
digital-resource-companion/archive/v1.0/open_document_formats/chapters/10/core/AIHE-C03/supp/AIHE-C/ods/AIHE-C_workbook.ods,AIHE_Canon_V1.0/archive/v1.0/odf/ch/10/core/AIHE-C03/supp/AIHE-C/ods/AIHE-C_workbook.ods
digital-resource-companion/archive/v1.0/open_document_formats/chapters/10/core/AIHE-C03/supp/AIHE-C/odt/AIHE-C_template.odt,AIHE_Canon_V1.0/archive/v1.0/odf/ch/10/core/AIHE-C03/supp/AIHE-C/odt/AIHE-C_template.odt
digital-resource-companion/archive/v1.0/open_document_formats/chapters/10/core/AIHE-C03/supp/AIHE-C/odt/AIHE-C_worked_example.odt,AIHE_Canon_V1.0/archive/v1.0/odf/ch/10/core/AIHE-C03/supp/AIHE-C/odt/AIHE-C_example.odt
digital-resource-companion/archive/v1.0/open_document_formats/chapters/10/core/AIHE-C03/supp/AIHE-G/ods/AIHE-G_workbook.ods,AIHE_Canon_V1.0/archive/v1.0/odf/ch/10/core/AIHE-C03/supp/AIHE-G/ods/AIHE-G_workbook.ods
digital-resource-companion/archive/v1.0/open_document_formats/chapters/10/core/AIHE-C03/supp/AIHE-G/odt/AIHE-G_template.odt,AIHE_Canon_V1.0/archive/v1.0/odf/ch/10/core/AIHE-C03/supp/AIHE-G/odt/AIHE-G_template.odt
digital-resource-companion/archive/v1.0/open_document_formats/chapters/10/core/AIHE-C03/supp/AIHE-G/odt/AIHE-G_worked_example.odt,AIHE_Canon_V1.0/archive/v1.0/odf/ch/10/core/AIHE-C03/supp/AIHE-G/odt/AIHE-G_example.odt
digital-resource-companion/archive/v1.0/open_document_formats/chapters/10/core/AIHE-C03/supp/AIHE-N/ods/AIHE-N_workbook.ods,AIHE_Canon_V1.0/archive/v1.0/odf/ch/10/core/AIHE-C03/supp/AIHE-N/ods/AIHE-N_workbook.ods
digital-resource-companion/archive/v1.0/open_document_formats/chapters/10/core/AIHE-C03/supp/AIHE-N/odt/AIHE-N_template.odt,AIHE_Canon_V1.0/archive/v1.0/odf/ch/10/core/AIHE-C03/supp/AIHE-N/odt/AIHE-N_template.odt
digital-resource-companion/archive/v1.0/open_document_formats/chapters/10/core/AIHE-C03/supp/AIHE-N/odt/AIHE-N_worked_example.odt,AIHE_Canon_V1.0/archive/v1.0/odf/ch/10/core/AIHE-C03/supp/AIHE-N/odt/AIHE-N_example.odt
digital-resource-companion/archive/v1.0/open_document_formats/chapters/10/core/AIHE-C05/edit/ods/AIHE-C05_workbook.ods,AIHE_Canon_V1.0/archive/v1.0/odf/ch/10/core/AIHE-C05/edit/ods/AIHE-C05_workbook.ods
digital-resource-companion/archive/v1.0/open_document_formats/chapters/10/core/AIHE-C05/edit/odt/AIHE-C05_template_and_worked_example.odt,AIHE_Canon_V1.0/archive/v1.0/odf/ch/10/core/AIHE-C05/edit/odt/AIHE-C05_template_example.odt
digital-resource-companion/archive/v1.0/open_document_formats/chapters/10/core/AIHE-C05/supp/AIHE-EX13/ods/AIHE-EX13_workbook.ods,AIHE_Canon_V1.0/archive/v1.0/odf/ch/10/core/AIHE-C05/supp/AIHE-EX13/ods/AIHE-EX13_workbook.ods
digital-resource-companion/archive/v1.0/open_document_formats/chapters/10/core/AIHE-C05/supp/AIHE-EX13/odt/AIHE-EX13_template.odt,AIHE_Canon_V1.0/archive/v1.0/odf/ch/10/core/AIHE-C05/supp/AIHE-EX13/odt/AIHE-EX13_template.odt
digital-resource-companion/archive/v1.0/open_document_formats/chapters/10/core/AIHE-C05/supp/AIHE-EX13/odt/AIHE-EX13_worked_example.odt,AIHE_Canon_V1.0/archive/v1.0/odf/ch/10/core/AIHE-C05/supp/AIHE-EX13/odt/AIHE-EX13_example.odt
digital-resource-companion/archive/v1.0/open_document_formats/chapters/10/guides/AIHE-RG04/edit/ods/AIHE-RG04_register.ods,AIHE_Canon_V1.0/archive/v1.0/odf/ch/10/guides/AIHE-RG04/edit/ods/AIHE-RG04_register.ods
digital-resource-companion/archive/v1.0/open_document_formats/chapters/10/guides/AIHE-RG04/edit/odt/AIHE-RG04_guide_and_template.odt,AIHE_Canon_V1.0/archive/v1.0/odf/ch/10/guides/AIHE-RG04/edit/odt/AIHE-RG04_guide_and_template.odt
digital-resource-companion/archive/v1.0/open_document_formats/chapters/10/python_analytics/AIHE-PY07_feature_importance_and_partial_dependence_exploration/data/ods/07_feature_importance_explainability_sample.ods,AIHE_Canon_V1.0/archive/v1.0/odf/ch/10/py/PY07_feature_importance/data/ods/07_feature_importance_explainability_sample.ods
digital-resource-companion/archive/v1.0/open_document_formats/chapters/10/python_analytics/AIHE-PY07_feature_importance_and_partial_dependence_exploration/data/ods/07_feature_importance_explainability_template.ods,AIHE_Canon_V1.0/archive/v1.0/odf/ch/10/py/PY07_feature_importance/data/ods/07_feature_importance_explainability_template.ods
digital-resource-companion/archive/v1.0/open_document_formats/chapters/10/python_analytics/AIHE-PY08_subgroup_performance_and_equity_audit/data/ods/08_subgroup_equity_audit_sample.ods,AIHE_Canon_V1.0/archive/v1.0/odf/ch/10/py/PY08_equity_audit/data/ods/08_subgroup_equity_audit_sample.ods
digital-resource-companion/archive/v1.0/open_document_formats/chapters/10/python_analytics/AIHE-PY08_subgroup_performance_and_equity_audit/data/ods/08_subgroup_equity_audit_template.ods,AIHE_Canon_V1.0/archive/v1.0/odf/ch/10/py/PY08_equity_audit/data/ods/08_subgroup_equity_audit_template.ods
digital-resource-companion/archive/v1.0/open_document_formats/chapters/10/python_analytics/AIHE-PY26_integrated_privacy_cybersecurity_equity_safety_and_trust_risk_register/data/ods/26_integrated_risk_register_sample.ods,AIHE_Canon_V1.0/archive/v1.0/odf/ch/10/py/PY26_risk_register/data/ods/26_integrated_risk_register_sample.ods
digital-resource-companion/archive/v1.0/open_document_formats/chapters/10/python_analytics/AIHE-PY26_integrated_privacy_cybersecurity_equity_safety_and_trust_risk_register/data/ods/26_integrated_risk_register_template.ods,AIHE_Canon_V1.0/archive/v1.0/odf/ch/10/py/PY26_risk_register/data/ods/26_integrated_risk_register_template.ods
digital-resource-companion/archive/v1.0/open_document_formats/chapters/11/guides/AIHE-RG02/edit/ods/AIHE-RG02_register.ods,AIHE_Canon_V1.0/archive/v1.0/odf/ch/11/guides/AIHE-RG02/edit/ods/AIHE-RG02_register.ods
digital-resource-companion/archive/v1.0/open_document_formats/chapters/11/guides/AIHE-RG02/edit/odt/AIHE-RG02_guide_and_template.odt,AIHE_Canon_V1.0/archive/v1.0/odf/ch/11/guides/AIHE-RG02/edit/odt/AIHE-RG02_guide_and_template.odt
digital-resource-companion/archive/v1.0/open_document_formats/chapters/11/guides/AIHE-RG06/edit/ods/AIHE-RG06_register.ods,AIHE_Canon_V1.0/archive/v1.0/odf/ch/11/guides/AIHE-RG06/edit/ods/AIHE-RG06_register.ods
digital-resource-companion/archive/v1.0/open_document_formats/chapters/11/guides/AIHE-RG06/edit/odt/AIHE-RG06_guide_and_template.odt,AIHE_Canon_V1.0/archive/v1.0/odf/ch/11/guides/AIHE-RG06/edit/odt/AIHE-RG06_guide_and_template.odt
digital-resource-companion/archive/v1.0/open_document_formats/chapters/11/python_analytics/AIHE-PY04_predictive_model_development_logistic_regression_and_random_forest/data/ods/04_predictive_model_comparison_sample.ods,AIHE_Canon_V1.0/archive/v1.0/odf/ch/11/py/PY04_model_dev/data/ods/04_predictive_model_comparison_sample.ods
digital-resource-companion/archive/v1.0/open_document_formats/chapters/11/python_analytics/AIHE-PY04_predictive_model_development_logistic_regression_and_random_forest/data/ods/04_predictive_model_comparison_template.ods,AIHE_Canon_V1.0/archive/v1.0/odf/ch/11/py/PY04_model_dev/data/ods/04_predictive_model_comparison_template.ods
digital-resource-companion/archive/v1.0/open_document_formats/chapters/11/python_analytics/AIHE-PY05_model_performance_threshold_trade_offs_and_calibration/data/ods/05_performance_and_calibration_sample.ods,AIHE_Canon_V1.0/archive/v1.0/odf/ch/11/py/PY05_performance/data/ods/05_performance_and_calibration_sample.ods
digital-resource-companion/archive/v1.0/open_document_formats/chapters/11/python_analytics/AIHE-PY05_model_performance_threshold_trade_offs_and_calibration/data/ods/05_performance_and_calibration_template.ods,AIHE_Canon_V1.0/archive/v1.0/odf/ch/11/py/PY05_performance/data/ods/05_performance_and_calibration_template.ods
digital-resource-companion/archive/v1.0/open_document_formats/chapters/11/python_analytics/AIHE-PY24_implementation_evaluation_with_interrupted_time_series_and_control_charts/data/ods/24_implementation_evaluation_sample.ods,AIHE_Canon_V1.0/archive/v1.0/odf/ch/11/py/PY24_impl_eval/data/ods/24_implementation_evaluation_sample.ods
digital-resource-companion/archive/v1.0/open_document_formats/chapters/11/python_analytics/AIHE-PY24_implementation_evaluation_with_interrupted_time_series_and_control_charts/data/ods/24_implementation_evaluation_template.ods,AIHE_Canon_V1.0/archive/v1.0/odf/ch/11/py/PY24_impl_eval/data/ods/24_implementation_evaluation_template.ods
digital-resource-companion/archive/v1.0/open_document_formats/chapters/11/python_analytics/AIHE-PY30_random_effects_meta_analysis_and_forest_plot/data/ods/30_random_effects_meta_analysis_sample.ods,AIHE_Canon_V1.0/archive/v1.0/odf/ch/11/py/PY30_meta_analysis/data/ods/30_random_effects_meta_analysis_sample.ods
digital-resource-companion/archive/v1.0/open_document_formats/chapters/11/python_analytics/AIHE-PY30_random_effects_meta_analysis_and_forest_plot/data/ods/30_random_effects_meta_analysis_template.ods,AIHE_Canon_V1.0/archive/v1.0/odf/ch/11/py/PY30_meta_analysis/data/ods/30_random_effects_meta_analysis_template.ods
digital-resource-companion/archive/v1.0/open_document_formats/chapters/11/python_analytics/AIHE-PY31_difference_in_differences_evaluation/data/ods/31_difference_in_differences_sample.ods,AIHE_Canon_V1.0/archive/v1.0/odf/ch/11/py/PY31_diff_in_diff/data/ods/31_difference_in_differences_sample.ods
digital-resource-companion/archive/v1.0/open_document_formats/chapters/11/python_analytics/AIHE-PY31_difference_in_differences_evaluation/data/ods/31_difference_in_differences_template.ods,AIHE_Canon_V1.0/archive/v1.0/odf/ch/11/py/PY31_diff_in_diff/data/ods/31_difference_in_differences_template.ods
digital-resource-companion/archive/v1.0/open_document_formats/chapters/11/python_analytics/AIHE-PY32_time_to_event_and_survival_analysis/data/ods/32_survival_time_to_event_sample.ods,AIHE_Canon_V1.0/archive/v1.0/odf/ch/11/py/PY32_survival/data/ods/32_survival_time_to_event_sample.ods
digital-resource-companion/archive/v1.0/open_document_formats/chapters/11/python_analytics/AIHE-PY32_time_to_event_and_survival_analysis/data/ods/32_survival_time_to_event_template.ods,AIHE_Canon_V1.0/archive/v1.0/odf/ch/11/py/PY32_survival/data/ods/32_survival_time_to_event_template.ods
digital-resource-companion/archive/v1.0/open_document_formats/chapters/11/supplemental/AIHE-EX05/ods/AIHE-EX05_workbook.ods,AIHE_Canon_V1.0/archive/v1.0/odf/ch/11/supp/AIHE-EX05/ods/AIHE-EX05_workbook.ods
digital-resource-companion/archive/v1.0/open_document_formats/chapters/11/supplemental/AIHE-EX05/odt/AIHE-EX05_template.odt,AIHE_Canon_V1.0/archive/v1.0/odf/ch/11/supp/AIHE-EX05/odt/AIHE-EX05_template.odt
digital-resource-companion/archive/v1.0/open_document_formats/chapters/11/supplemental/AIHE-EX05/odt/AIHE-EX05_worked_example.odt,AIHE_Canon_V1.0/archive/v1.0/odf/ch/11/supp/AIHE-EX05/odt/AIHE-EX05_example.odt
digital-resource-companion/archive/v1.0/open_document_formats/chapters/12/core/AIHE-D02/edit/ods/AIHE-D02_workbook.ods,AIHE_Canon_V1.0/archive/v1.0/odf/ch/12/core/AIHE-D02/edit/ods/AIHE-D02_workbook.ods
digital-resource-companion/archive/v1.0/open_document_formats/chapters/12/core/AIHE-D02/edit/odt/AIHE-D02_template_and_worked_example.odt,AIHE_Canon_V1.0/archive/v1.0/odf/ch/12/core/AIHE-D02/edit/odt/AIHE-D02_template_example.odt
digital-resource-companion/archive/v1.0/open_document_formats/chapters/12/core/AIHE-D02/supp/AIHE-AE/ods/AIHE-AE_workbook.ods,AIHE_Canon_V1.0/archive/v1.0/odf/ch/12/core/AIHE-D02/supp/AIHE-AE/ods/AIHE-AE_workbook.ods
digital-resource-companion/archive/v1.0/open_document_formats/chapters/12/core/AIHE-D02/supp/AIHE-AE/odt/AIHE-AE_template.odt,AIHE_Canon_V1.0/archive/v1.0/odf/ch/12/core/AIHE-D02/supp/AIHE-AE/odt/AIHE-AE_template.odt
digital-resource-companion/archive/v1.0/open_document_formats/chapters/12/core/AIHE-D02/supp/AIHE-AE/odt/AIHE-AE_worked_example.odt,AIHE_Canon_V1.0/archive/v1.0/odf/ch/12/core/AIHE-D02/supp/AIHE-AE/odt/AIHE-AE_example.odt
digital-resource-companion/archive/v1.0/open_document_formats/chapters/12/core/AIHE-D02/supp/AIHE-E/ods/AIHE-E_workbook.ods,AIHE_Canon_V1.0/archive/v1.0/odf/ch/12/core/AIHE-D02/supp/AIHE-E/ods/AIHE-E_workbook.ods
digital-resource-companion/archive/v1.0/open_document_formats/chapters/12/core/AIHE-D02/supp/AIHE-E/odt/AIHE-E_template.odt,AIHE_Canon_V1.0/archive/v1.0/odf/ch/12/core/AIHE-D02/supp/AIHE-E/odt/AIHE-E_template.odt
digital-resource-companion/archive/v1.0/open_document_formats/chapters/12/core/AIHE-D02/supp/AIHE-E/odt/AIHE-E_worked_example.odt,AIHE_Canon_V1.0/archive/v1.0/odf/ch/12/core/AIHE-D02/supp/AIHE-E/odt/AIHE-E_example.odt
digital-resource-companion/archive/v1.0/open_document_formats/chapters/12/core/AIHE-D02/supp/AIHE-EX02/ods/AIHE-EX02_workbook.ods,AIHE_Canon_V1.0/archive/v1.0/odf/ch/12/core/AIHE-D02/supp/AIHE-EX02/ods/AIHE-EX02_workbook.ods
digital-resource-companion/archive/v1.0/open_document_formats/chapters/12/core/AIHE-D02/supp/AIHE-EX02/odt/AIHE-EX02_template.odt,AIHE_Canon_V1.0/archive/v1.0/odf/ch/12/core/AIHE-D02/supp/AIHE-EX02/odt/AIHE-EX02_template.odt
digital-resource-companion/archive/v1.0/open_document_formats/chapters/12/core/AIHE-D02/supp/AIHE-EX02/odt/AIHE-EX02_worked_example.odt,AIHE_Canon_V1.0/archive/v1.0/odf/ch/12/core/AIHE-D02/supp/AIHE-EX02/odt/AIHE-EX02_example.odt
digital-resource-companion/archive/v1.0/open_document_formats/chapters/12/core/AIHE-D02/supp/AIHE-EX10/ods/AIHE-EX10_workbook.ods,AIHE_Canon_V1.0/archive/v1.0/odf/ch/12/core/AIHE-D02/supp/AIHE-EX10/ods/AIHE-EX10_workbook.ods
digital-resource-companion/archive/v1.0/open_document_formats/chapters/12/core/AIHE-D02/supp/AIHE-EX10/odt/AIHE-EX10_template.odt,AIHE_Canon_V1.0/archive/v1.0/odf/ch/12/core/AIHE-D02/supp/AIHE-EX10/odt/AIHE-EX10_template.odt
digital-resource-companion/archive/v1.0/open_document_formats/chapters/12/core/AIHE-D02/supp/AIHE-EX10/odt/AIHE-EX10_worked_example.odt,AIHE_Canon_V1.0/archive/v1.0/odf/ch/12/core/AIHE-D02/supp/AIHE-EX10/odt/AIHE-EX10_example.odt
digital-resource-companion/archive/v1.0/open_document_formats/chapters/12/core/AIHE-D02/supp/AIHE-EX14/ods/AIHE-EX14_workbook.ods,AIHE_Canon_V1.0/archive/v1.0/odf/ch/12/core/AIHE-D02/supp/AIHE-EX14/ods/AIHE-EX14_workbook.ods
digital-resource-companion/archive/v1.0/open_document_formats/chapters/12/core/AIHE-D02/supp/AIHE-EX14/odt/AIHE-EX14_template.odt,AIHE_Canon_V1.0/archive/v1.0/odf/ch/12/core/AIHE-D02/supp/AIHE-EX14/odt/AIHE-EX14_template.odt
digital-resource-companion/archive/v1.0/open_document_formats/chapters/12/core/AIHE-D02/supp/AIHE-EX14/odt/AIHE-EX14_worked_example.odt,AIHE_Canon_V1.0/archive/v1.0/odf/ch/12/core/AIHE-D02/supp/AIHE-EX14/odt/AIHE-EX14_example.odt
digital-resource-companion/archive/v1.0/open_document_formats/chapters/12/core/AIHE-D02/supp/AIHE-H/ods/AIHE-H_workbook.ods,AIHE_Canon_V1.0/archive/v1.0/odf/ch/12/core/AIHE-D02/supp/AIHE-H/ods/AIHE-H_workbook.ods
digital-resource-companion/archive/v1.0/open_document_formats/chapters/12/core/AIHE-D02/supp/AIHE-H/odt/AIHE-H_template.odt,AIHE_Canon_V1.0/archive/v1.0/odf/ch/12/core/AIHE-D02/supp/AIHE-H/odt/AIHE-H_template.odt
digital-resource-companion/archive/v1.0/open_document_formats/chapters/12/core/AIHE-D02/supp/AIHE-H/odt/AIHE-H_worked_example.odt,AIHE_Canon_V1.0/archive/v1.0/odf/ch/12/core/AIHE-D02/supp/AIHE-H/odt/AIHE-H_example.odt
digital-resource-companion/archive/v1.0/open_document_formats/chapters/12/core/AIHE-D02/supp/AIHE-K/ods/AIHE-K_workbook.ods,AIHE_Canon_V1.0/archive/v1.0/odf/ch/12/core/AIHE-D02/supp/AIHE-K/ods/AIHE-K_workbook.ods
digital-resource-companion/archive/v1.0/open_document_formats/chapters/12/core/AIHE-D02/supp/AIHE-K/odt/AIHE-K_template.odt,AIHE_Canon_V1.0/archive/v1.0/odf/ch/12/core/AIHE-D02/supp/AIHE-K/odt/AIHE-K_template.odt
digital-resource-companion/archive/v1.0/open_document_formats/chapters/12/core/AIHE-D02/supp/AIHE-K/odt/AIHE-K_worked_example.odt,AIHE_Canon_V1.0/archive/v1.0/odf/ch/12/core/AIHE-D02/supp/AIHE-K/odt/AIHE-K_example.odt
digital-resource-companion/archive/v1.0/open_document_formats/chapters/12/core/AIHE-D02/supp/AIHE-P/ods/AIHE-P_workbook.ods,AIHE_Canon_V1.0/archive/v1.0/odf/ch/12/core/AIHE-D02/supp/AIHE-P/ods/AIHE-P_workbook.ods
digital-resource-companion/archive/v1.0/open_document_formats/chapters/12/core/AIHE-D02/supp/AIHE-P/odt/AIHE-P_template.odt,AIHE_Canon_V1.0/archive/v1.0/odf/ch/12/core/AIHE-D02/supp/AIHE-P/odt/AIHE-P_template.odt
digital-resource-companion/archive/v1.0/open_document_formats/chapters/12/core/AIHE-D02/supp/AIHE-P/odt/AIHE-P_worked_example.odt,AIHE_Canon_V1.0/archive/v1.0/odf/ch/12/core/AIHE-D02/supp/AIHE-P/odt/AIHE-P_example.odt
digital-resource-companion/archive/v1.0/open_document_formats/chapters/12/core/AIHE-D02/supp/AIHE-Q/ods/AIHE-Q_workbook.ods,AIHE_Canon_V1.0/archive/v1.0/odf/ch/12/core/AIHE-D02/supp/AIHE-Q/ods/AIHE-Q_workbook.ods
digital-resource-companion/archive/v1.0/open_document_formats/chapters/12/core/AIHE-D02/supp/AIHE-Q/odt/AIHE-Q_template.odt,AIHE_Canon_V1.0/archive/v1.0/odf/ch/12/core/AIHE-D02/supp/AIHE-Q/odt/AIHE-Q_template.odt
digital-resource-companion/archive/v1.0/open_document_formats/chapters/12/core/AIHE-D02/supp/AIHE-Q/odt/AIHE-Q_worked_example.odt,AIHE_Canon_V1.0/archive/v1.0/odf/ch/12/core/AIHE-D02/supp/AIHE-Q/odt/AIHE-Q_example.odt
digital-resource-companion/archive/v1.0/open_document_formats/chapters/12/core/AIHE-D02/supp/AIHE-R/ods/AIHE-R_workbook.ods,AIHE_Canon_V1.0/archive/v1.0/odf/ch/12/core/AIHE-D02/supp/AIHE-R/ods/AIHE-R_workbook.ods
digital-resource-companion/archive/v1.0/open_document_formats/chapters/12/core/AIHE-D02/supp/AIHE-R/odt/AIHE-R_template.odt,AIHE_Canon_V1.0/archive/v1.0/odf/ch/12/core/AIHE-D02/supp/AIHE-R/odt/AIHE-R_template.odt
digital-resource-companion/archive/v1.0/open_document_formats/chapters/12/core/AIHE-D02/supp/AIHE-R/odt/AIHE-R_worked_example.odt,AIHE_Canon_V1.0/archive/v1.0/odf/ch/12/core/AIHE-D02/supp/AIHE-R/odt/AIHE-R_example.odt
digital-resource-companion/archive/v1.0/open_document_formats/chapters/12/core/AIHE-D02/supp/AIHE-V/ods/AIHE-V_workbook.ods,AIHE_Canon_V1.0/archive/v1.0/odf/ch/12/core/AIHE-D02/supp/AIHE-V/ods/AIHE-V_workbook.ods
digital-resource-companion/archive/v1.0/open_document_formats/chapters/12/core/AIHE-D02/supp/AIHE-V/odt/AIHE-V_template.odt,AIHE_Canon_V1.0/archive/v1.0/odf/ch/12/core/AIHE-D02/supp/AIHE-V/odt/AIHE-V_template.odt
digital-resource-companion/archive/v1.0/open_document_formats/chapters/12/core/AIHE-D02/supp/AIHE-V/odt/AIHE-V_worked_example.odt,AIHE_Canon_V1.0/archive/v1.0/odf/ch/12/core/AIHE-D02/supp/AIHE-V/odt/AIHE-V_example.odt
digital-resource-companion/archive/v1.0/open_document_formats/chapters/12/core/AIHE-D03/edit/ods/AIHE-D03_workbook.ods,AIHE_Canon_V1.0/archive/v1.0/odf/ch/12/core/AIHE-D03/edit/ods/AIHE-D03_workbook.ods
digital-resource-companion/archive/v1.0/open_document_formats/chapters/12/core/AIHE-D03/edit/odt/AIHE-D03_template_and_worked_example.odt,AIHE_Canon_V1.0/archive/v1.0/odf/ch/12/core/AIHE-D03/edit/odt/AIHE-D03_template_example.odt
digital-resource-companion/archive/v1.0/open_document_formats/chapters/12/core/AIHE-D03/supp/AIHE-S/ods/AIHE-S_workbook.ods,AIHE_Canon_V1.0/archive/v1.0/odf/ch/12/core/AIHE-D03/supp/AIHE-S/ods/AIHE-S_workbook.ods
digital-resource-companion/archive/v1.0/open_document_formats/chapters/12/core/AIHE-D03/supp/AIHE-S/odt/AIHE-S_template.odt,AIHE_Canon_V1.0/archive/v1.0/odf/ch/12/core/AIHE-D03/supp/AIHE-S/odt/AIHE-S_template.odt
digital-resource-companion/archive/v1.0/open_document_formats/chapters/12/core/AIHE-D03/supp/AIHE-S/odt/AIHE-S_worked_example.odt,AIHE_Canon_V1.0/archive/v1.0/odf/ch/12/core/AIHE-D03/supp/AIHE-S/odt/AIHE-S_example.odt
digital-resource-companion/archive/v1.0/open_document_formats/chapters/12/core/AIHE-D04/edit/ods/AIHE-D04_workbook.ods,AIHE_Canon_V1.0/archive/v1.0/odf/ch/12/core/AIHE-D04/edit/ods/AIHE-D04_workbook.ods
digital-resource-companion/archive/v1.0/open_document_formats/chapters/12/core/AIHE-D04/edit/odt/AIHE-D04_template_and_worked_example.odt,AIHE_Canon_V1.0/archive/v1.0/odf/ch/12/core/AIHE-D04/edit/odt/AIHE-D04_template_example.odt
digital-resource-companion/archive/v1.0/open_document_formats/chapters/12/core/AIHE-D04/supp/AIHE-EX12/ods/AIHE-EX12_workbook.ods,AIHE_Canon_V1.0/archive/v1.0/odf/ch/12/core/AIHE-D04/supp/AIHE-EX12/ods/AIHE-EX12_workbook.ods
digital-resource-companion/archive/v1.0/open_document_formats/chapters/12/core/AIHE-D04/supp/AIHE-EX12/odt/AIHE-EX12_template.odt,AIHE_Canon_V1.0/archive/v1.0/odf/ch/12/core/AIHE-D04/supp/AIHE-EX12/odt/AIHE-EX12_template.odt
digital-resource-companion/archive/v1.0/open_document_formats/chapters/12/core/AIHE-D04/supp/AIHE-EX12/odt/AIHE-EX12_worked_example.odt,AIHE_Canon_V1.0/archive/v1.0/odf/ch/12/core/AIHE-D04/supp/AIHE-EX12/odt/AIHE-EX12_example.odt
digital-resource-companion/archive/v1.0/open_document_formats/chapters/12/core/AIHE-D05/edit/ods/AIHE-D05_workbook.ods,AIHE_Canon_V1.0/archive/v1.0/odf/ch/12/core/AIHE-D05/edit/ods/AIHE-D05_workbook.ods
digital-resource-companion/archive/v1.0/open_document_formats/chapters/12/core/AIHE-D05/edit/odt/AIHE-D05_template_and_worked_example.odt,AIHE_Canon_V1.0/archive/v1.0/odf/ch/12/core/AIHE-D05/edit/odt/AIHE-D05_template_example.odt
digital-resource-companion/archive/v1.0/open_document_formats/chapters/12/core/AIHE-D05/supp/AIHE-EX11/ods/AIHE-EX11_workbook.ods,AIHE_Canon_V1.0/archive/v1.0/odf/ch/12/core/AIHE-D05/supp/AIHE-EX11/ods/AIHE-EX11_workbook.ods
digital-resource-companion/archive/v1.0/open_document_formats/chapters/12/core/AIHE-D05/supp/AIHE-EX11/odt/AIHE-EX11_template.odt,AIHE_Canon_V1.0/archive/v1.0/odf/ch/12/core/AIHE-D05/supp/AIHE-EX11/odt/AIHE-EX11_template.odt
digital-resource-companion/archive/v1.0/open_document_formats/chapters/12/core/AIHE-D05/supp/AIHE-EX11/odt/AIHE-EX11_worked_example.odt,AIHE_Canon_V1.0/archive/v1.0/odf/ch/12/core/AIHE-D05/supp/AIHE-EX11/odt/AIHE-EX11_example.odt
digital-resource-companion/archive/v1.0/open_document_formats/chapters/12/core/AIHE-D05/supp/AIHE-J/ods/AIHE-J_workbook.ods,AIHE_Canon_V1.0/archive/v1.0/odf/ch/12/core/AIHE-D05/supp/AIHE-J/ods/AIHE-J_workbook.ods
digital-resource-companion/archive/v1.0/open_document_formats/chapters/12/core/AIHE-D05/supp/AIHE-J/odt/AIHE-J_template.odt,AIHE_Canon_V1.0/archive/v1.0/odf/ch/12/core/AIHE-D05/supp/AIHE-J/odt/AIHE-J_template.odt
digital-resource-companion/archive/v1.0/open_document_formats/chapters/12/core/AIHE-D05/supp/AIHE-J/odt/AIHE-J_worked_example.odt,AIHE_Canon_V1.0/archive/v1.0/odf/ch/12/core/AIHE-D05/supp/AIHE-J/odt/AIHE-J_example.odt
digital-resource-companion/archive/v1.0/open_document_formats/chapters/12/core/AIHE-D05/supp/AIHE-T/ods/AIHE-T_workbook.ods,AIHE_Canon_V1.0/archive/v1.0/odf/ch/12/core/AIHE-D05/supp/AIHE-T/ods/AIHE-T_workbook.ods
digital-resource-companion/archive/v1.0/open_document_formats/chapters/12/core/AIHE-D05/supp/AIHE-T/odt/AIHE-T_template.odt,AIHE_Canon_V1.0/archive/v1.0/odf/ch/12/core/AIHE-D05/supp/AIHE-T/odt/AIHE-T_template.odt
digital-resource-companion/archive/v1.0/open_document_formats/chapters/12/core/AIHE-D05/supp/AIHE-T/odt/AIHE-T_worked_example.odt,AIHE_Canon_V1.0/archive/v1.0/odf/ch/12/core/AIHE-D05/supp/AIHE-T/odt/AIHE-T_example.odt
digital-resource-companion/archive/v1.0/open_document_formats/chapters/12/guides/AIHE-RG01/edit/ods/AIHE-RG01_register.ods,AIHE_Canon_V1.0/archive/v1.0/odf/ch/12/guides/AIHE-RG01/edit/ods/AIHE-RG01_register.ods
digital-resource-companion/archive/v1.0/open_document_formats/chapters/12/guides/AIHE-RG01/edit/odt/AIHE-RG01_guide_and_template.odt,AIHE_Canon_V1.0/archive/v1.0/odf/ch/12/guides/AIHE-RG01/edit/odt/AIHE-RG01_guide_and_template.odt
digital-resource-companion/archive/v1.0/open_document_formats/chapters/12/python_analytics/AIHE-PY09_temporal_validation_and_drift_monitoring/data/ods/09_temporal_validation_and_drift_sample.ods,AIHE_Canon_V1.0/archive/v1.0/odf/ch/12/py/PY09_drift/data/ods/09_temporal_validation_and_drift_sample.ods
digital-resource-companion/archive/v1.0/open_document_formats/chapters/12/python_analytics/AIHE-PY09_temporal_validation_and_drift_monitoring/data/ods/09_temporal_validation_and_drift_template.ods,AIHE_Canon_V1.0/archive/v1.0/odf/ch/12/py/PY09_drift/data/ods/09_temporal_validation_and_drift_template.ods
digital-resource-companion/archive/v1.0/open_document_formats/chapters/12/python_analytics/AIHE-PY27_algorithmovigilance_lifecycle_cadence_drift_and_incident_monitoring/data/ods/27_algorithmovigilance_monitoring_sample.ods,AIHE_Canon_V1.0/archive/v1.0/odf/ch/12/py/PY27_monitoring/data/ods/27_algorithmovigilance_monitoring_sample.ods
digital-resource-companion/archive/v1.0/open_document_formats/chapters/12/python_analytics/AIHE-PY27_algorithmovigilance_lifecycle_cadence_drift_and_incident_monitoring/data/ods/27_algorithmovigilance_monitoring_template.ods,AIHE_Canon_V1.0/archive/v1.0/odf/ch/12/py/PY27_monitoring/data/ods/27_algorithmovigilance_monitoring_template.ods
digital-resource-companion/archive/v1.0/open_document_formats/chapters/12/python_analytics/AIHE-PY29_ai_hed_completeness_and_institutional_decision_quality_audit/data/ods/29_integrated_decision_dossier_sample.ods,AIHE_Canon_V1.0/archive/v1.0/odf/ch/12/py/PY29_decision_audit/data/ods/29_integrated_decision_dossier_sample.ods
digital-resource-companion/archive/v1.0/open_document_formats/chapters/12/python_analytics/AIHE-PY29_ai_hed_completeness_and_institutional_decision_quality_audit/data/ods/29_integrated_decision_dossier_template.ods,AIHE_Canon_V1.0/archive/v1.0/odf/ch/12/py/PY29_decision_audit/data/ods/29_integrated_decision_dossier_template.ods
digital-resource-companion/archive/v1.0/open_document_formats/chapters/13/core/AIHE-E01/edit/ods/AIHE-E01_workbook.ods,AIHE_Canon_V1.0/archive/v1.0/odf/ch/13/core/AIHE-E01/edit/ods/AIHE-E01_workbook.ods
digital-resource-companion/archive/v1.0/open_document_formats/chapters/13/core/AIHE-E01/edit/odt/AIHE-E01_template_and_worked_example.odt,AIHE_Canon_V1.0/archive/v1.0/odf/ch/13/core/AIHE-E01/edit/odt/AIHE-E01_template_example.odt
digital-resource-companion/archive/v1.0/open_document_formats/chapters/13/core/AIHE-E01/supp/AIHE-CE1/ods/AIHE-CE1_Circular_Economy_and_Sustainable_AI_Assessment.ods,AIHE_Canon_V1.0/archive/v1.0/odf/ch/13/core/AIHE-E01/supp/AIHE-CE1/ods/AIHE-CE1_Circular_Economy_and_Sustainable_AI_Assessment.ods
digital-resource-companion/archive/v1.0/open_document_formats/chapters/13/core/AIHE-E01/supp/AIHE-CE1/odt/AIHE-CE1_Circular_Economy_and_Sustainable_AI_Assessment.odt,AIHE_Canon_V1.0/archive/v1.0/odf/ch/13/core/AIHE-E01/supp/AIHE-CE1/odt/AIHE-CE1_Circular_Economy_and_Sustainable_AI_Assessment.odt
digital-resource-companion/archive/v1.0/open_document_formats/chapters/13/python_analytics/AIHE-PY36_environmental_material_flow_and_lifecycle_resource_accounting/data/ods/36_circular_economy_material_carbon_cost_sample.ods,AIHE_Canon_V1.0/archive/v1.0/odf/ch/13/py/PY36_circular_flow/data/ods/36_circular_economy_material_carbon_cost_sample.ods
digital-resource-companion/archive/v1.0/open_document_formats/chapters/13/python_analytics/AIHE-PY36_environmental_material_flow_and_lifecycle_resource_accounting/data/ods/36_circular_economy_material_carbon_cost_template.ods,AIHE_Canon_V1.0/archive/v1.0/odf/ch/13/py/PY36_circular_flow/data/ods/36_circular_economy_material_carbon_cost_template.ods
digital-resource-companion/archive/v1.0/open_document_formats/chapters/13/python_analytics/AIHE-PY39_annual_circularity_portfolio_review_and_trend_monitoring/data/ods/39_annual_circularity_portfolio_review_sample.ods,AIHE_Canon_V1.0/archive/v1.0/odf/ch/13/py/PY39_portfolio_review/data/ods/39_annual_circularity_portfolio_review_sample.ods
digital-resource-companion/archive/v1.0/open_document_formats/chapters/13/python_analytics/AIHE-PY39_annual_circularity_portfolio_review_and_trend_monitoring/data/ods/39_annual_circularity_portfolio_review_template.ods,AIHE_Canon_V1.0/archive/v1.0/odf/ch/13/py/PY39_portfolio_review/data/ods/39_annual_circularity_portfolio_review_template.ods
digital-resource-companion/archive/v1.0/open_document_formats/chapters/14/core/AIHE-E02/edit/ods/AIHE-E02_workbook.ods,AIHE_Canon_V1.0/archive/v1.0/odf/ch/14/core/AIHE-E02/edit/ods/AIHE-E02_workbook.ods
digital-resource-companion/archive/v1.0/open_document_formats/chapters/14/core/AIHE-E02/edit/odt/AIHE-E02_template_and_worked_example.odt,AIHE_Canon_V1.0/archive/v1.0/odf/ch/14/core/AIHE-E02/edit/odt/AIHE-E02_template_example.odt
digital-resource-companion/archive/v1.0/open_document_formats/chapters/14/core/AIHE-E02/supp/AIHE-CE2/ods/AIHE-CE2_Circular_Procurement_and_Supplier_Scorecard.ods,AIHE_Canon_V1.0/archive/v1.0/odf/ch/14/core/AIHE-E02/supp/AIHE-CE2/ods/AIHE-CE2_Circular_Procurement_and_Supplier_Scorecard.ods
digital-resource-companion/archive/v1.0/open_document_formats/chapters/14/core/AIHE-E02/supp/AIHE-CE2/odt/AIHE-CE2_Circular_Procurement_and_Supplier_Scorecard.odt,AIHE_Canon_V1.0/archive/v1.0/odf/ch/14/core/AIHE-E02/supp/AIHE-CE2/odt/AIHE-CE2_Circular_Procurement_and_Supplier_Scorecard.odt
digital-resource-companion/archive/v1.0/open_document_formats/chapters/14/core/AIHE-E03/edit/ods/AIHE-E03_workbook.ods,AIHE_Canon_V1.0/archive/v1.0/odf/ch/14/core/AIHE-E03/edit/ods/AIHE-E03_workbook.ods
digital-resource-companion/archive/v1.0/open_document_formats/chapters/14/core/AIHE-E03/edit/odt/AIHE-E03_template_and_worked_example.odt,AIHE_Canon_V1.0/archive/v1.0/odf/ch/14/core/AIHE-E03/edit/odt/AIHE-E03_template_example.odt
digital-resource-companion/archive/v1.0/open_document_formats/chapters/14/core/AIHE-E03/supp/AIHE-CE3/ods/AIHE-CE3_Circular_Asset_Life_Decision_Workbook.ods,AIHE_Canon_V1.0/archive/v1.0/odf/ch/14/core/AIHE-E03/supp/AIHE-CE3/ods/AIHE-CE3_Circular_Asset_Life_Decision_Workbook.ods
digital-resource-companion/archive/v1.0/open_document_formats/chapters/14/core/AIHE-E03/supp/AIHE-CE3/odt/AIHE-CE3_Circular_Asset_Life_Decision_Record.odt,AIHE_Canon_V1.0/archive/v1.0/odf/ch/14/core/AIHE-E03/supp/AIHE-CE3/odt/AIHE-CE3_Circular_Asset_Life_Decision_Record.odt
digital-resource-companion/archive/v1.0/open_document_formats/chapters/14/python_analytics/AIHE-PY37_circular_asset_life_option_analysis/data/ods/37_reuse_refurbish_replace_scenarios_sample.ods,AIHE_Canon_V1.0/archive/v1.0/odf/ch/14/py/PY37_asset_life/data/ods/37_reuse_refurbish_replace_scenarios_sample.ods
digital-resource-companion/archive/v1.0/open_document_formats/chapters/14/python_analytics/AIHE-PY37_circular_asset_life_option_analysis/data/ods/37_reuse_refurbish_replace_scenarios_template.ods,AIHE_Canon_V1.0/archive/v1.0/odf/ch/14/py/PY37_asset_life/data/ods/37_reuse_refurbish_replace_scenarios_template.ods
digital-resource-companion/archive/v1.0/open_document_formats/chapters/15/core/AIHE-E04/edit/ods/AIHE-E04_workbook.ods,AIHE_Canon_V1.0/archive/v1.0/odf/ch/15/core/AIHE-E04/edit/ods/AIHE-E04_workbook.ods
digital-resource-companion/archive/v1.0/open_document_formats/chapters/15/core/AIHE-E04/edit/odt/AIHE-E04_template_and_worked_example.odt,AIHE_Canon_V1.0/archive/v1.0/odf/ch/15/core/AIHE-E04/edit/odt/AIHE-E04_template_example.odt
digital-resource-companion/archive/v1.0/open_document_formats/chapters/15/core/AIHE-E04/supp/AIHE-CE6/ods/AIHE-CE6_Circularity_Adjusted_Evaluation_Workbook.ods,AIHE_Canon_V1.0/archive/v1.0/odf/ch/15/core/AIHE-E04/supp/AIHE-CE6/ods/AIHE-CE6_Circularity_Adjusted_Evaluation_Workbook.ods
digital-resource-companion/archive/v1.0/open_document_formats/chapters/15/core/AIHE-E04/supp/AIHE-CE6/odt/AIHE-CE6_Circularity_Adjusted_Evaluation_Record.odt,AIHE_Canon_V1.0/archive/v1.0/odf/ch/15/core/AIHE-E04/supp/AIHE-CE6/odt/AIHE-CE6_Circularity_Adjusted_Evaluation_Record.odt
digital-resource-companion/archive/v1.0/open_document_formats/chapters/15/core/AIHE-E05/edit/ods/AIHE-E05_workbook.ods,AIHE_Canon_V1.0/archive/v1.0/odf/ch/15/core/AIHE-E05/edit/ods/AIHE-E05_workbook.ods
digital-resource-companion/archive/v1.0/open_document_formats/chapters/15/core/AIHE-E05/edit/odt/AIHE-E05_template_and_worked_example.odt,AIHE_Canon_V1.0/archive/v1.0/odf/ch/15/core/AIHE-E05/edit/odt/AIHE-E05_template_example.odt
digital-resource-companion/archive/v1.0/open_document_formats/chapters/15/core/AIHE-E05/supp/AIHE-CE4/ods/AIHE-CE4_Environmental_Footprint_and_Circularity_Dashboard.ods,AIHE_Canon_V1.0/archive/v1.0/odf/ch/15/core/AIHE-E05/supp/AIHE-CE4/ods/AIHE-CE4_Environmental_Footprint_and_Circularity_Dashboard.ods
digital-resource-companion/archive/v1.0/open_document_formats/chapters/15/core/AIHE-E05/supp/AIHE-CE4/odt/AIHE-CE4_Environmental_Footprint_and_Circularity_Monitoring_Plan.odt,AIHE_Canon_V1.0/archive/v1.0/odf/ch/15/core/AIHE-E05/supp/AIHE-CE4/odt/AIHE-CE4_Environmental_Footprint_and_Circularity_Monitoring_Plan.odt
digital-resource-companion/archive/v1.0/open_document_formats/chapters/15/core/AIHE-E05/supp/AIHE-CE5/ods/AIHE-CE5_Circular_Decommissioning_and_Asset_Disposition_Record.ods,AIHE_Canon_V1.0/archive/v1.0/odf/ch/15/core/AIHE-E05/supp/AIHE-CE5/ods/AIHE-CE5_Circular_Decommissioning_and_Asset_Disposition_Record.ods
digital-resource-companion/archive/v1.0/open_document_formats/chapters/15/core/AIHE-E05/supp/AIHE-CE5/odt/AIHE-CE5_Circular_Decommissioning_and_Asset_Disposition_Record.odt,AIHE_Canon_V1.0/archive/v1.0/odf/ch/15/core/AIHE-E05/supp/AIHE-CE5/odt/AIHE-CE5_Circular_Decommissioning_and_Asset_Disposition_Record.odt
digital-resource-companion/archive/v1.0/open_document_formats/chapters/15/core/AIHE-E05/supp/AIHE-CE7/ods/AIHE-CE7_Annual_Circularity_Review_Workbook.ods,AIHE_Canon_V1.0/archive/v1.0/odf/ch/15/core/AIHE-E05/supp/AIHE-CE7/ods/AIHE-CE7_Annual_Circularity_Review_Workbook.ods
digital-resource-companion/archive/v1.0/open_document_formats/chapters/15/core/AIHE-E05/supp/AIHE-CE7/odt/AIHE-CE7_Annual_Circularity_Review.odt,AIHE_Canon_V1.0/archive/v1.0/odf/ch/15/core/AIHE-E05/supp/AIHE-CE7/odt/AIHE-CE7_Annual_Circularity_Review.odt
digital-resource-companion/archive/v1.0/open_document_formats/chapters/15/python_analytics/AIHE-PY38_circularity_adjusted_economic_evaluation_and_sustainable_value/data/ods/38_circularity_adjusted_economic_evaluation_sample.ods,AIHE_Canon_V1.0/archive/v1.0/odf/ch/15/py/PY38_circular_eval/data/ods/38_circularity_adjusted_economic_evaluation_sample.ods
digital-resource-companion/archive/v1.0/open_document_formats/chapters/15/python_analytics/AIHE-PY38_circularity_adjusted_economic_evaluation_and_sustainable_value/data/ods/38_circularity_adjusted_economic_evaluation_template.ods,AIHE_Canon_V1.0/archive/v1.0/odf/ch/15/py/PY38_circular_eval/data/ods/38_circularity_adjusted_economic_evaluation_template.ods
digital-resource-companion/archive/v1.0/open_document_formats/worked_examples/00_case_analysis_method/templates/ods/AIHE-CASE00_case_analysis_template.ods,AIHE_Canon_V1.0/archive/v1.0/odf/cases/00_case_method/tmpl/ods/AIHE-CASE00_case_analysis_template.ods
digital-resource-companion/archive/v1.0/open_document_formats/worked_examples/00_case_analysis_method/templates/odt/AIHE-CASE00_case_analysis_template.odt,AIHE_Canon_V1.0/archive/v1.0/odf/cases/00_case_method/tmpl/odt/AIHE-CASE00_case_analysis_template.odt
digital-resource-companion/archive/v1.0/open_document_formats/worked_examples/AIHE-CASE01_emergency_department_triage_portfolio_decision/workbook/ods/AIHE-CASE01_worked_example_and_template.ods,AIHE_Canon_V1.0/archive/v1.0/odf/cases/CASE01_triage/wb/ods/AIHE-CASE01_example_template.ods
digital-resource-companion/archive/v1.0/open_document_formats/worked_examples/AIHE-CASE02_readmission_model_readiness_and_data_fitness_assessment/workbook/ods/AIHE-CASE02_worked_example_and_template.ods,AIHE_Canon_V1.0/archive/v1.0/odf/cases/CASE02_readiness/wb/ods/AIHE-CASE02_example_template.ods
digital-resource-companion/archive/v1.0/open_document_formats/worked_examples/AIHE-CASE03B_hospital_command_dashboard_and_patient_flow/workbook/ods/AIHE-CASE03B_worked_example_and_template.ods,AIHE_Canon_V1.0/archive/v1.0/odf/cases/CASE03B_dashboard_flow/wb/ods/AIHE-CASE03B_example_template.ods
digital-resource-companion/archive/v1.0/open_document_formats/worked_examples/AIHE-CASE03_deterioration_alert_under_constrained_review_capacity/workbook/ods/AIHE-CASE03_worked_example_and_template.ods,AIHE_Canon_V1.0/archive/v1.0/odf/cases/CASE03_alert_capacity/wb/ods/AIHE-CASE03_example_template.ods
digital-resource-companion/archive/v1.0/open_document_formats/worked_examples/AIHE-CASE04_ambient_documentation_assistant_productivity_and_workforce_redesign/workbook/ods/AIHE-CASE04_worked_example_and_template.ods,AIHE_Canon_V1.0/archive/v1.0/odf/cases/CASE04_ambient_docs/wb/ods/AIHE-CASE04_example_template.ods
digital-resource-companion/archive/v1.0/open_document_formats/worked_examples/AIHE-CASE05_ai_quality_control_accreditation_and_corrective_action/workbook/ods/AIHE-CASE05_worked_example_and_template.ods,AIHE_Canon_V1.0/archive/v1.0/odf/cases/CASE05_quality_capa/wb/ods/AIHE-CASE05_example_template.ods
digital-resource-companion/archive/v1.0/open_document_formats/worked_examples/AIHE-CASE06_five_year_lifecycle_cost_pricing_roi_and_benefit_realization/workbook/ods/AIHE-CASE06_worked_example_and_template.ods,AIHE_Canon_V1.0/archive/v1.0/odf/cases/CASE06_cost_roi/wb/ods/AIHE-CASE06_example_template.ods
digital-resource-companion/archive/v1.0/open_document_formats/worked_examples/AIHE-CASE07_remote_monitoring_cost_effectiveness_budget_impact_and_hta/workbook/ods/AIHE-CASE07_worked_example_and_template.ods,AIHE_Canon_V1.0/archive/v1.0/odf/cases/CASE07_remote_monitor/wb/ods/AIHE-CASE07_example_template.ods
digital-resource-companion/archive/v1.0/open_document_formats/worked_examples/AIHE-CASE08_imaging_prioritization_decision_model_and_value_of_information/workbook/ods/AIHE-CASE08_worked_example_and_template.ods,AIHE_Canon_V1.0/archive/v1.0/odf/cases/CASE08_imaging_voi/wb/ods/AIHE-CASE08_example_template.ods
digital-resource-companion/archive/v1.0/open_document_formats/worked_examples/AIHE-CASE09_ai_vendor_procurement_and_contract_negotiation/workbook/ods/AIHE-CASE09_worked_example_and_template.ods,AIHE_Canon_V1.0/archive/v1.0/odf/cases/CASE09_vendor_contract/wb/ods/AIHE-CASE09_example_template.ods
digital-resource-companion/archive/v1.0/open_document_formats/worked_examples/AIHE-CASE10_patient_facing_chatbot_institutional_risk_review/workbook/ods/AIHE-CASE10_worked_example_and_template.ods,AIHE_Canon_V1.0/archive/v1.0/odf/cases/CASE10_chatbot_risk/wb/ods/AIHE-CASE10_example_template.ods
digital-resource-companion/archive/v1.0/open_document_formats/worked_examples/AIHE-CASE11_local_validation_and_causal_evaluation_of_a_readmission_model/workbook/ods/AIHE-CASE11_worked_example_and_template.ods,AIHE_Canon_V1.0/archive/v1.0/odf/cases/CASE11_readmit_eval/wb/ods/AIHE-CASE11_example_template.ods
digital-resource-companion/archive/v1.0/open_document_formats/worked_examples/AIHE-CASE12_model_update_incident_response_and_renewal_decision/workbook/ods/AIHE-CASE12_worked_example_and_template.ods,AIHE_Canon_V1.0/archive/v1.0/odf/cases/CASE12_update_renew/wb/ods/AIHE-CASE12_example_template.ods
digital-resource-companion/archive/v1.0/open_document_formats/worked_examples/AIHE-CASE13_circular_ai_infrastructure_strategy/workbook/ods/AIHE-CASE13_worked_example_and_template.ods,AIHE_Canon_V1.0/archive/v1.0/odf/cases/CASE13_circular_infra/wb/ods/AIHE-CASE13_example_template.ods
digital-resource-companion/archive/v1.0/open_document_formats/worked_examples/AIHE-CASE14_imaging_platform_maintain_refurbish_replace_or_share/workbook/ods/AIHE-CASE14_worked_example_and_template.ods,AIHE_Canon_V1.0/archive/v1.0/odf/cases/CASE14_asset_options/wb/ods/AIHE-CASE14_example_template.ods
digital-resource-companion/archive/v1.0/worked_examples/AIHE-CASE15_edge_cloud_or_shared_diagnostic_ai_circularity_adjusted_evaluation/ALIGNMENT_V1.0.md,AIHE_Canon_V1.0/archive/v1.0/cases/CASE15_legacy_edge_cloud/ALIGN_V1.0.md
digital-resource-companion/archive/v1.0/worked_examples/AIHE-CASE15_edge_cloud_or_shared_diagnostic_ai_circularity_adjusted_evaluation/README.md,AIHE_Canon_V1.0/archive/v1.0/cases/CASE15_legacy_edge_cloud/README.md
digital-resource-companion/archive/v1.0/worked_examples/AIHE-CASE15_edge_cloud_or_shared_diagnostic_ai_circularity_adjusted_evaluation/data/synthetic_inputs.csv,AIHE_Canon_V1.0/archive/v1.0/cases/CASE15_legacy_edge_cloud/data/inputs.csv
digital-resource-companion/archive/v1.0/worked_examples/AIHE-CASE15_edge_cloud_or_shared_diagnostic_ai_circularity_adjusted_evaluation/data/synthetic_inputs.json,AIHE_Canon_V1.0/archive/v1.0/cases/CASE15_legacy_edge_cloud/data/inputs.json
digital-resource-companion/archive/v1.0/worked_examples/AIHE-CASE15_edge_cloud_or_shared_diagnostic_ai_circularity_adjusted_evaluation/documentation/RELATED_RESOURCES.md,AIHE_Canon_V1.0/archive/v1.0/cases/CASE15_legacy_edge_cloud/notes/RELATED_RESOURCES.md
digital-resource-companion/archive/v1.0/worked_examples/AIHE-CASE15_edge_cloud_or_shared_diagnostic_ai_circularity_adjusted_evaluation/documentation/SELF_STUDY_GUIDE.md,AIHE_Canon_V1.0/archive/v1.0/cases/CASE15_legacy_edge_cloud/notes/SELF_STUDY_GUIDE.md
digital-resource-companion/archive/v1.0/worked_examples/AIHE-CASE15_edge_cloud_or_shared_diagnostic_ai_circularity_adjusted_evaluation/metadata.json,AIHE_Canon_V1.0/archive/v1.0/cases/CASE15_legacy_edge_cloud/metadata.json
digital-resource-companion/archive/v1.0/worked_examples/AIHE-CASE15_edge_cloud_or_shared_diagnostic_ai_circularity_adjusted_evaluation/scenario/SCENARIO.md,AIHE_Canon_V1.0/archive/v1.0/cases/CASE15_legacy_edge_cloud/scn/SCENARIO.md
digital-resource-companion/archive/v1.0/worked_examples/AIHE-CASE15_edge_cloud_or_shared_diagnostic_ai_circularity_adjusted_evaluation/workbook/ods/AIHE-CASE15_worked_example_and_template.ods,AIHE_Canon_V1.0/archive/v1.0/cases/CASE15_legacy_edge_cloud/wb/ods/AIHE-CASE15_example_template.ods
digital-resource-companion/archive/v1.0/worked_examples/AIHE-CASE15_edge_cloud_or_shared_diagnostic_ai_circularity_adjusted_evaluation/workbook/xlsx/AIHE-CASE15_worked_example_and_template.xlsx,AIHE_Canon_V1.0/archive/v1.0/cases/CASE15_legacy_edge_cloud/wb/xlsx/AIHE-CASE15_example_template.xlsx
digital-resource-companion/archive/v1.0/worked_examples/AIHE-CASE15_edge_cloud_or_shared_diagnostic_ai_circularity_adjusted_evaluation/worked_solution/WORKED_SOLUTION.md,AIHE_Canon_V1.0/archive/v1.0/cases/CASE15_legacy_edge_cloud/solution/WORKED_SOLUTION.md
digital-resource-companion/bundles/README.md,AIHE_Canon_V1.0/bundles/README.md
digital-resource-companion/bundles/core_forms/AIHE_Core_Resource_Forms_V1.0.docx,AIHE_Canon_V1.0/bundles/forms/AIHE_Core_Forms_V1.0.docx
digital-resource-companion/bundles/core_forms/AIHE_Core_Resource_Forms_V1.0.pdf,AIHE_Canon_V1.0/bundles/forms/AIHE_Core_Forms_V1.0.pdf
digital-resource-companion/bundles/core_tools/AIHE_Core_Tools_V1.0.zip,AIHE_Canon_V1.0/bundles/tools/AIHE_Core_Tools_V1.0.zip
digital-resource-companion/bundles/core_tools/AIHE_Core_Tools_V1.0.zip.sha256,AIHE_Canon_V1.0/bundles/tools/AIHE_Core_Tools_V1.0.zip.sha256
digital-resource-companion/bundles/core_tools/README.md,AIHE_Canon_V1.0/bundles/tools/README.md
digital-resource-companion/bundles/core_workbooks/AIHE_Core_Resource_Workbooks_V1.0.xlsx,AIHE_Canon_V1.0/bundles/workbooks/AIHE_Core_WB_V1.0.xlsx
digital-resource-companion/bundles/selected_python_v1_0/10_lifecycle_cost_cash_expenditure_accounting_expense_and_budget_incidence_analysis_V1_0.py,AIHE_Canon_V1.0/bundles/py_sel/10_lifecycle_cost_cash_e_budget_life.py
digital-resource-companion/bundles/selected_python_v1_0/11_financial_recognition_npv_roi_payback_and_benefit_realization_analysis_V1_0.py,AIHE_Canon_V1.0/bundles/py_sel/11_financial_recognition_finance.py
digital-resource-companion/bundles/selected_python_v1_0/14_one_way_sensitivity_scenario_and_threshold_analysis_V1_0.py,AIHE_Canon_V1.0/bundles/py_sel/14_one_way_sensitivity_scenario_and_threshold_analysis_V1_0.py
digital-resource-companion/bundles/selected_python_v1_0/15_probabilistic_analysis_value_of_information_evsi_and_expected_net_benefit_of_sampling_V1_0.py,AIHE_Canon_V1.0/bundles/py_sel/15_probabilistic_analysi_223f984a.py
digital-resource-companion/bundles/selected_python_v1_0/17_supplier_claims_dependencies_continuing_disclosure_and_obligation_audit_V1_0.py,AIHE_Canon_V1.0/bundles/py_sel/17_supplier_claims_depen_4edbb166.py
digital-resource-companion/bundles/selected_python_v1_0/25_pricing_renewal_renegotiation_and_credible_exit_analysis_V1_0.py,AIHE_Canon_V1.0/bundles/py_sel/25_pricing_renewal_renegotiation_and_credible_exit_analysis_V1_0.py
digital-resource-companion/bundles/selected_python_v1_0/29_ai_hed_decision_provenance_and_lifecycle_trigger_audit_V1_0.py,AIHE_Canon_V1.0/bundles/py_sel/29_ai_hed_decision_provenance_and_lifecycle_trigger_audit_V1_0.py
digital-resource-companion/bundles/selected_python_v1_0/36_circular_stock_flow_value_retention_and_leakage_accounting_V1_0.py,AIHE_Canon_V1.0/bundles/py_sel/36_circular_stock_flow_value_retention_and_leakage_accounting_V1_0.py
digital-resource-companion/bundles/selected_python_v1_0/37_supported_asset_life_eligibility_equivalent_annual_cost_and_residual_value_V1_0.py,AIHE_Canon_V1.0/bundles/py_sel/37_supported_asset_life__asset.py
digital-resource-companion/bundles/selected_python_v1_0/38_circularity_adjusted_evaluation_of_an_ai_assisted_remote_diagnostic_pathway_V1_0.py,AIHE_Canon_V1.0/bundles/py_sel/38_circularity_adjusted__circ_diag_eval.py
digital-resource-companion/bundles/selected_python_v1_0/39_rebound_induced_demand_and_spatial_intertemporal_burden_transfer_analysis_V1_0.py,AIHE_Canon_V1.0/bundles/py_sel/39_rebound_induced_deman_abe92baf.py
digital-resource-companion/bundles/selected_python_v1_0/40_lifecycle_decision_state_and_trigger_review.py,AIHE_Canon_V1.0/bundles/py_sel/40_lifecycle_decision_state_and_trigger_review.py
digital-resource-companion/bundles/selected_python_v1_0/AIHE-PY10_README.md,AIHE_Canon_V1.0/bundles/py_sel/PY10_cost_budget
digital-resource-companion/bundles/selected_python_v1_0/AIHE-PY11_README.md,AIHE_Canon_V1.0/bundles/py_sel/PY11_finance_value
digital-resource-companion/bundles/selected_python_v1_0/AIHE-PY14_README.md,AIHE_Canon_V1.0/bundles/py_sel/PY14_sensitivity
digital-resource-companion/bundles/selected_python_v1_0/AIHE-PY15_README.md,AIHE_Canon_V1.0/bundles/py_sel/PY15_psa_voi
digital-resource-companion/bundles/selected_python_v1_0/AIHE-PY17_README.md,AIHE_Canon_V1.0/bundles/py_sel/PY17_pricing_contract
digital-resource-companion/bundles/selected_python_v1_0/AIHE-PY25_README.md,AIHE_Canon_V1.0/bundles/py_sel/PY25_procurement
digital-resource-companion/bundles/selected_python_v1_0/AIHE-PY29_README.md,AIHE_Canon_V1.0/bundles/py_sel/PY29_decision_audit
digital-resource-companion/bundles/selected_python_v1_0/AIHE-PY36_README.md,AIHE_Canon_V1.0/bundles/py_sel/PY36_circular_flow
digital-resource-companion/bundles/selected_python_v1_0/AIHE-PY37_README.md,AIHE_Canon_V1.0/bundles/py_sel/PY37_asset_life
digital-resource-companion/bundles/selected_python_v1_0/AIHE-PY38_README.md,AIHE_Canon_V1.0/bundles/py_sel/PY38_circular_eval
digital-resource-companion/bundles/selected_python_v1_0/AIHE-PY39_README.md,AIHE_Canon_V1.0/bundles/py_sel/PY39_portfolio_review
digital-resource-companion/catalogs/FIGURE_CATALOG.csv,AIHE_Canon_V1.0/catalog/FIGURE_CATALOG.csv
digital-resource-companion/catalogs/FIGURE_CATALOG.json,AIHE_Canon_V1.0/catalog/FIGURE_CATALOG.json
digital-resource-companion/catalogs/FIGURE_CATALOG.xlsx,AIHE_Canon_V1.0/catalog/FIGURE_CATALOG.xlsx
digital-resource-companion/catalogs/MASTER_RESOURCE_CATALOG.csv,AIHE_Canon_V1.0/catalog/MASTER_RESOURCE_CATALOG.csv
digital-resource-companion/catalogs/MASTER_RESOURCE_CATALOG.json,AIHE_Canon_V1.0/catalog/MASTER_RESOURCE_CATALOG.json
digital-resource-companion/catalogs/MASTER_RESOURCE_CATALOG.xlsx,AIHE_Canon_V1.0/catalog/MASTER_RESOURCE_CATALOG.xlsx
digital-resource-companion/catalogs/PYTHON_MODULE_CATALOG.csv,AIHE_Canon_V1.0/catalog/PYTHON_MODULE_CATALOG.csv
digital-resource-companion/catalogs/PYTHON_MODULE_CATALOG.json,AIHE_Canon_V1.0/catalog/PYTHON_MODULE_CATALOG.json
digital-resource-companion/catalogs/PYTHON_MODULE_CATALOG.xlsx,AIHE_Canon_V1.0/catalog/PYTHON_MODULE_CATALOG.xlsx
digital-resource-companion/catalogs/README.md,AIHE_Canon_V1.0/catalog/README.md
digital-resource-companion/catalogs/RESOURCE_RELATIONSHIP_MAP.csv,AIHE_Canon_V1.0/catalog/RESOURCE_RELATIONSHIP_MAP.csv
digital-resource-companion/catalogs/RESOURCE_RELATIONSHIP_MAP.json,AIHE_Canon_V1.0/catalog/RESOURCE_RELATIONSHIP_MAP.json
digital-resource-companion/catalogs/TABLE_CATALOG.csv,AIHE_Canon_V1.0/catalog/TABLE_CATALOG.csv
digital-resource-companion/catalogs/TABLE_CATALOG.json,AIHE_Canon_V1.0/catalog/TABLE_CATALOG.json
digital-resource-companion/catalogs/TABLE_CATALOG.xlsx,AIHE_Canon_V1.0/catalog/TABLE_CATALOG.xlsx
digital-resource-companion/catalogs/WORKED_CASE_CATALOG.csv,AIHE_Canon_V1.0/catalog/WORKED_CASE_CATALOG.csv
digital-resource-companion/catalogs/WORKED_CASE_CATALOG.json,AIHE_Canon_V1.0/catalog/WORKED_CASE_CATALOG.json
digital-resource-companion/catalogs/WORKED_CASE_CATALOG.xlsx,AIHE_Canon_V1.0/catalog/WORKED_CASE_CATALOG.xlsx
digital-resource-companion/catalogs/current_book_figures/Figure_10_1.png,AIHE_Canon_V1.0/catalog/figures/Figure_10_1.png
digital-resource-companion/catalogs/current_book_figures/Figure_10_2.png,AIHE_Canon_V1.0/catalog/figures/Figure_10_2.png
digital-resource-companion/catalogs/current_book_figures/Figure_11_1.png,AIHE_Canon_V1.0/catalog/figures/Figure_11_1.png
digital-resource-companion/catalogs/current_book_figures/Figure_11_2.png,AIHE_Canon_V1.0/catalog/figures/Figure_11_2.png
digital-resource-companion/catalogs/current_book_figures/Figure_11_3.png,AIHE_Canon_V1.0/catalog/figures/Figure_11_3.png
digital-resource-companion/catalogs/current_book_figures/Figure_12_1.png,AIHE_Canon_V1.0/catalog/figures/Figure_12_1.png
digital-resource-companion/catalogs/current_book_figures/Figure_12_2.png,AIHE_Canon_V1.0/catalog/figures/Figure_12_2.png
digital-resource-companion/catalogs/current_book_figures/Figure_12_3.png,AIHE_Canon_V1.0/catalog/figures/Figure_12_3.png
digital-resource-companion/catalogs/current_book_figures/Figure_12_4.png,AIHE_Canon_V1.0/catalog/figures/Figure_12_4.png
digital-resource-companion/catalogs/current_book_figures/Figure_12_5.png,AIHE_Canon_V1.0/catalog/figures/Figure_12_5.png
digital-resource-companion/catalogs/current_book_figures/Figure_13_1.png,AIHE_Canon_V1.0/catalog/figures/Figure_13_1.png
digital-resource-companion/catalogs/current_book_figures/Figure_15_1.png,AIHE_Canon_V1.0/catalog/figures/Figure_15_1.png
digital-resource-companion/catalogs/current_book_figures/Figure_1_1.png,AIHE_Canon_V1.0/catalog/figures/Figure_1_1.png
digital-resource-companion/catalogs/current_book_figures/Figure_1_2.png,AIHE_Canon_V1.0/catalog/figures/Figure_1_2.png
digital-resource-companion/catalogs/current_book_figures/Figure_1_3.png,AIHE_Canon_V1.0/catalog/figures/Figure_1_3.png
digital-resource-companion/catalogs/current_book_figures/Figure_2_1.jpg,AIHE_Canon_V1.0/catalog/figures/Figure_2_1.jpg
digital-resource-companion/catalogs/current_book_figures/Figure_2_2.png,AIHE_Canon_V1.0/catalog/figures/Figure_2_2.png
digital-resource-companion/catalogs/current_book_figures/Figure_3_1.png,AIHE_Canon_V1.0/catalog/figures/Figure_3_1.png
digital-resource-companion/catalogs/current_book_figures/Figure_3_2.png,AIHE_Canon_V1.0/catalog/figures/Figure_3_2.png
digital-resource-companion/catalogs/current_book_figures/Figure_4_1.png,AIHE_Canon_V1.0/catalog/figures/Figure_4_1.png
digital-resource-companion/catalogs/current_book_figures/Figure_4_2.png,AIHE_Canon_V1.0/catalog/figures/Figure_4_2.png
digital-resource-companion/catalogs/current_book_figures/Figure_5_1.png,AIHE_Canon_V1.0/catalog/figures/Figure_5_1.png
digital-resource-companion/catalogs/current_book_figures/Figure_5_2.png,AIHE_Canon_V1.0/catalog/figures/Figure_5_2.png
digital-resource-companion/catalogs/current_book_figures/Figure_6_1.png,AIHE_Canon_V1.0/catalog/figures/Figure_6_1.png
digital-resource-companion/catalogs/current_book_figures/Figure_6_2.png,AIHE_Canon_V1.0/catalog/figures/Figure_6_2.png
digital-resource-companion/catalogs/current_book_figures/Figure_7_1.png,AIHE_Canon_V1.0/catalog/figures/Figure_7_1.png
digital-resource-companion/catalogs/current_book_figures/Figure_7_2.png,AIHE_Canon_V1.0/catalog/figures/Figure_7_2.png
digital-resource-companion/catalogs/current_book_figures/Figure_7_3.png,AIHE_Canon_V1.0/catalog/figures/Figure_7_3.png
digital-resource-companion/catalogs/current_book_figures/Figure_8_1.png,AIHE_Canon_V1.0/catalog/figures/Figure_8_1.png
digital-resource-companion/catalogs/current_book_figures/Figure_8_2.png,AIHE_Canon_V1.0/catalog/figures/Figure_8_2.png
digital-resource-companion/catalogs/current_book_figures/Figure_9_1.png,AIHE_Canon_V1.0/catalog/figures/Figure_9_1.png
digital-resource-companion/chapters/01/README.md,AIHE_Canon_V1.0/ch/01/README.md
digital-resource-companion/chapters/01/core/AIHE-A01/README.md,AIHE_Canon_V1.0/ch/01/core/AIHE-A01/README.md
digital-resource-companion/chapters/01/core/AIHE-A01/data/AIHE-A01.schema.json,AIHE_Canon_V1.0/ch/01/core/AIHE-A01/data/AIHE-A01.schema.json
digital-resource-companion/chapters/01/core/AIHE-A01/data/AIHE-A01_blank.csv,AIHE_Canon_V1.0/ch/01/core/AIHE-A01/data/AIHE-A01_blank.csv
digital-resource-companion/chapters/01/core/AIHE-A01/data/AIHE-A01_blank.json,AIHE_Canon_V1.0/ch/01/core/AIHE-A01/data/AIHE-A01_blank.json
digital-resource-companion/chapters/01/core/AIHE-A01/data/AIHE-A01_worked_example.csv,AIHE_Canon_V1.0/ch/01/core/AIHE-A01/data/AIHE-A01_example.csv
digital-resource-companion/chapters/01/core/AIHE-A01/data/AIHE-A01_worked_example.json,AIHE_Canon_V1.0/ch/01/core/AIHE-A01/data/AIHE-A01_example.json
digital-resource-companion/chapters/01/core/AIHE-A01/edit/docx/AIHE-A01_template_and_worked_example.docx,AIHE_Canon_V1.0/ch/01/core/AIHE-A01/edit/docx/AIHE-A01_template_example.docx
digital-resource-companion/chapters/01/core/AIHE-A01/edit/docx/AIHE-A01_template_and_worked_example_V1.0.docx,AIHE_Canon_V1.0/ch/01/core/AIHE-A01/edit/docx/AIHE-A01_template_example_V1.0.docx
digital-resource-companion/chapters/01/core/AIHE-A01/edit/xlsx/AIHE-A01_workbook.xlsx,AIHE_Canon_V1.0/ch/01/core/AIHE-A01/edit/xlsx/AIHE-A01_workbook.xlsx
digital-resource-companion/chapters/01/core/AIHE-A01/edit/xlsx/AIHE-A01_workbook_V1.0.xlsx,AIHE_Canon_V1.0/ch/01/core/AIHE-A01/edit/xlsx/AIHE-A01_workbook_V1.0.xlsx
digital-resource-companion/chapters/01/core/AIHE-A01/flow/PROCESS_FLOW.md,AIHE_Canon_V1.0/ch/01/core/AIHE-A01/flow/PROCESS_FLOW.md
digital-resource-companion/chapters/01/core/AIHE-A01/flow/flowchart.mmd,AIHE_Canon_V1.0/ch/01/core/AIHE-A01/flow/flowchart.mmd
digital-resource-companion/chapters/01/core/AIHE-A01/flow/flowchart.png,AIHE_Canon_V1.0/ch/01/core/AIHE-A01/flow/flowchart.png
digital-resource-companion/chapters/01/core/AIHE-A01/flow/flowchart.svg,AIHE_Canon_V1.0/ch/01/core/AIHE-A01/flow/flowchart.svg
digital-resource-companion/chapters/01/core/AIHE-A01/flow/steps.csv,AIHE_Canon_V1.0/ch/01/core/AIHE-A01/flow/steps.csv
digital-resource-companion/chapters/01/core/AIHE-A01/flow/steps.json,AIHE_Canon_V1.0/ch/01/core/AIHE-A01/flow/steps.json
digital-resource-companion/chapters/01/core/AIHE-A01/metadata.json,AIHE_Canon_V1.0/ch/01/core/AIHE-A01/metadata.json
digital-resource-companion/chapters/01/core/AIHE-A01/supp/AIHE-W/README.md,AIHE_Canon_V1.0/ch/01/core/AIHE-A01/supp/AIHE-W/README.md
digital-resource-companion/chapters/01/core/AIHE-A01/supp/AIHE-W/data/AIHE-W.schema.json,AIHE_Canon_V1.0/ch/01/core/AIHE-A01/supp/AIHE-W/data/AIHE-W.schema.json
digital-resource-companion/chapters/01/core/AIHE-A01/supp/AIHE-W/data/AIHE-W_S1_T1_Main_blank.csv,AIHE_Canon_V1.0/ch/01/core/AIHE-A01/supp/AIHE-W/data/AIHE-W_S1_T1_Main_blank.csv
digital-resource-companion/chapters/01/core/AIHE-A01/supp/AIHE-W/data/AIHE-W_S1_T1_Main_worked_example.csv,AIHE_Canon_V1.0/ch/01/core/AIHE-A01/supp/AIHE-W/data/AIHE-W_S1_T1_Main_example.csv
digital-resource-companion/chapters/01/core/AIHE-A01/supp/AIHE-W/docx/AIHE-W_template.docx,AIHE_Canon_V1.0/ch/01/core/AIHE-A01/supp/AIHE-W/docx/AIHE-W_template.docx
digital-resource-companion/chapters/01/core/AIHE-A01/supp/AIHE-W/docx/AIHE-W_worked_example.docx,AIHE_Canon_V1.0/ch/01/core/AIHE-A01/supp/AIHE-W/docx/AIHE-W_example.docx
digital-resource-companion/chapters/01/core/AIHE-A01/supp/AIHE-W/flow/PROCESS_FLOW.md,AIHE_Canon_V1.0/ch/01/core/AIHE-A01/supp/AIHE-W/flow/PROCESS_FLOW.md
digital-resource-companion/chapters/01/core/AIHE-A01/supp/AIHE-W/flow/flowchart.mmd,AIHE_Canon_V1.0/ch/01/core/AIHE-A01/supp/AIHE-W/flow/flowchart.mmd
digital-resource-companion/chapters/01/core/AIHE-A01/supp/AIHE-W/flow/flowchart.png,AIHE_Canon_V1.0/ch/01/core/AIHE-A01/supp/AIHE-W/flow/flowchart.png
digital-resource-companion/chapters/01/core/AIHE-A01/supp/AIHE-W/flow/flowchart.svg,AIHE_Canon_V1.0/ch/01/core/AIHE-A01/supp/AIHE-W/flow/flowchart.svg
digital-resource-companion/chapters/01/core/AIHE-A01/supp/AIHE-W/flow/steps.csv,AIHE_Canon_V1.0/ch/01/core/AIHE-A01/supp/AIHE-W/flow/steps.csv
digital-resource-companion/chapters/01/core/AIHE-A01/supp/AIHE-W/flow/steps.json,AIHE_Canon_V1.0/ch/01/core/AIHE-A01/supp/AIHE-W/flow/steps.json
digital-resource-companion/chapters/01/core/AIHE-A01/supp/AIHE-W/metadata.json,AIHE_Canon_V1.0/ch/01/core/AIHE-A01/supp/AIHE-W/metadata.json
digital-resource-companion/chapters/01/core/AIHE-A01/supp/AIHE-W/xlsx/AIHE-W_workbook.xlsx,AIHE_Canon_V1.0/ch/01/core/AIHE-A01/supp/AIHE-W/xlsx/AIHE-W_workbook.xlsx
digital-resource-companion/chapters/01/core/AIHE-A01/supp/AIHE-X/README.md,AIHE_Canon_V1.0/ch/01/core/AIHE-A01/supp/AIHE-X/README.md
digital-resource-companion/chapters/01/core/AIHE-A01/supp/AIHE-X/data/AIHE-X.schema.json,AIHE_Canon_V1.0/ch/01/core/AIHE-A01/supp/AIHE-X/data/AIHE-X.schema.json
digital-resource-companion/chapters/01/core/AIHE-A01/supp/AIHE-X/data/AIHE-X_S1_T1_Main_blank.csv,AIHE_Canon_V1.0/ch/01/core/AIHE-A01/supp/AIHE-X/data/AIHE-X_S1_T1_Main_blank.csv
digital-resource-companion/chapters/01/core/AIHE-A01/supp/AIHE-X/data/AIHE-X_S1_T1_Main_worked_example.csv,AIHE_Canon_V1.0/ch/01/core/AIHE-A01/supp/AIHE-X/data/AIHE-X_S1_T1_Main_example.csv
digital-resource-companion/chapters/01/core/AIHE-A01/supp/AIHE-X/docx/AIHE-X_template.docx,AIHE_Canon_V1.0/ch/01/core/AIHE-A01/supp/AIHE-X/docx/AIHE-X_template.docx
digital-resource-companion/chapters/01/core/AIHE-A01/supp/AIHE-X/docx/AIHE-X_worked_example.docx,AIHE_Canon_V1.0/ch/01/core/AIHE-A01/supp/AIHE-X/docx/AIHE-X_example.docx
digital-resource-companion/chapters/01/core/AIHE-A01/supp/AIHE-X/flow/PROCESS_FLOW.md,AIHE_Canon_V1.0/ch/01/core/AIHE-A01/supp/AIHE-X/flow/PROCESS_FLOW.md
digital-resource-companion/chapters/01/core/AIHE-A01/supp/AIHE-X/flow/flowchart.mmd,AIHE_Canon_V1.0/ch/01/core/AIHE-A01/supp/AIHE-X/flow/flowchart.mmd
digital-resource-companion/chapters/01/core/AIHE-A01/supp/AIHE-X/flow/flowchart.png,AIHE_Canon_V1.0/ch/01/core/AIHE-A01/supp/AIHE-X/flow/flowchart.png
digital-resource-companion/chapters/01/core/AIHE-A01/supp/AIHE-X/flow/flowchart.svg,AIHE_Canon_V1.0/ch/01/core/AIHE-A01/supp/AIHE-X/flow/flowchart.svg
digital-resource-companion/chapters/01/core/AIHE-A01/supp/AIHE-X/flow/steps.csv,AIHE_Canon_V1.0/ch/01/core/AIHE-A01/supp/AIHE-X/flow/steps.csv
digital-resource-companion/chapters/01/core/AIHE-A01/supp/AIHE-X/flow/steps.json,AIHE_Canon_V1.0/ch/01/core/AIHE-A01/supp/AIHE-X/flow/steps.json
digital-resource-companion/chapters/01/core/AIHE-A01/supp/AIHE-X/metadata.json,AIHE_Canon_V1.0/ch/01/core/AIHE-A01/supp/AIHE-X/metadata.json
digital-resource-companion/chapters/01/core/AIHE-A01/supp/AIHE-X/xlsx/AIHE-X_workbook.xlsx,AIHE_Canon_V1.0/ch/01/core/AIHE-A01/supp/AIHE-X/xlsx/AIHE-X_workbook.xlsx
digital-resource-companion/chapters/01/core/AIHE-A02/README.md,AIHE_Canon_V1.0/ch/01/core/AIHE-A02/README.md
digital-resource-companion/chapters/01/core/AIHE-A02/data/AIHE-A02.schema.json,AIHE_Canon_V1.0/ch/01/core/AIHE-A02/data/AIHE-A02.schema.json
digital-resource-companion/chapters/01/core/AIHE-A02/data/AIHE-A02_blank.csv,AIHE_Canon_V1.0/ch/01/core/AIHE-A02/data/AIHE-A02_blank.csv
digital-resource-companion/chapters/01/core/AIHE-A02/data/AIHE-A02_blank.json,AIHE_Canon_V1.0/ch/01/core/AIHE-A02/data/AIHE-A02_blank.json
digital-resource-companion/chapters/01/core/AIHE-A02/data/AIHE-A02_worked_example.csv,AIHE_Canon_V1.0/ch/01/core/AIHE-A02/data/AIHE-A02_example.csv
digital-resource-companion/chapters/01/core/AIHE-A02/data/AIHE-A02_worked_example.json,AIHE_Canon_V1.0/ch/01/core/AIHE-A02/data/AIHE-A02_example.json
digital-resource-companion/chapters/01/core/AIHE-A02/edit/docx/AIHE-A02_template_and_worked_example.docx,AIHE_Canon_V1.0/ch/01/core/AIHE-A02/edit/docx/AIHE-A02_template_example.docx
digital-resource-companion/chapters/01/core/AIHE-A02/edit/docx/AIHE-A02_template_and_worked_example_V1.0.docx,AIHE_Canon_V1.0/ch/01/core/AIHE-A02/edit/docx/AIHE-A02_template_example_V1.0.docx
digital-resource-companion/chapters/01/core/AIHE-A02/edit/xlsx/AIHE-A02_workbook.xlsx,AIHE_Canon_V1.0/ch/01/core/AIHE-A02/edit/xlsx/AIHE-A02_workbook.xlsx
digital-resource-companion/chapters/01/core/AIHE-A02/edit/xlsx/AIHE-A02_workbook_V1.0.xlsx,AIHE_Canon_V1.0/ch/01/core/AIHE-A02/edit/xlsx/AIHE-A02_workbook_V1.0.xlsx
digital-resource-companion/chapters/01/core/AIHE-A02/flow/PROCESS_FLOW.md,AIHE_Canon_V1.0/ch/01/core/AIHE-A02/flow/PROCESS_FLOW.md
digital-resource-companion/chapters/01/core/AIHE-A02/flow/flowchart.mmd,AIHE_Canon_V1.0/ch/01/core/AIHE-A02/flow/flowchart.mmd
digital-resource-companion/chapters/01/core/AIHE-A02/flow/flowchart.png,AIHE_Canon_V1.0/ch/01/core/AIHE-A02/flow/flowchart.png
digital-resource-companion/chapters/01/core/AIHE-A02/flow/flowchart.svg,AIHE_Canon_V1.0/ch/01/core/AIHE-A02/flow/flowchart.svg
digital-resource-companion/chapters/01/core/AIHE-A02/flow/steps.csv,AIHE_Canon_V1.0/ch/01/core/AIHE-A02/flow/steps.csv
digital-resource-companion/chapters/01/core/AIHE-A02/flow/steps.json,AIHE_Canon_V1.0/ch/01/core/AIHE-A02/flow/steps.json
digital-resource-companion/chapters/01/core/AIHE-A02/metadata.json,AIHE_Canon_V1.0/ch/01/core/AIHE-A02/metadata.json
digital-resource-companion/chapters/01/core/AIHE-A02/supp/AIHE-EX01/README.md,AIHE_Canon_V1.0/ch/01/core/AIHE-A02/supp/AIHE-EX01/README.md
digital-resource-companion/chapters/01/core/AIHE-A02/supp/AIHE-EX01/data/AIHE-EX01_blank.csv,AIHE_Canon_V1.0/ch/01/core/AIHE-A02/supp/AIHE-EX01/data/AIHE-EX01_blank.csv
digital-resource-companion/chapters/01/core/AIHE-A02/supp/AIHE-EX01/docx/AIHE-EX01_template.docx,AIHE_Canon_V1.0/ch/01/core/AIHE-A02/supp/AIHE-EX01/docx/AIHE-EX01_template.docx
digital-resource-companion/chapters/01/core/AIHE-A02/supp/AIHE-EX01/docx/AIHE-EX01_worked_example.docx,AIHE_Canon_V1.0/ch/01/core/AIHE-A02/supp/AIHE-EX01/docx/AIHE-EX01_example.docx
digital-resource-companion/chapters/01/core/AIHE-A02/supp/AIHE-EX01/flow/PROCESS_FLOW.md,AIHE_Canon_V1.0/ch/01/core/AIHE-A02/supp/AIHE-EX01/flow/PROCESS_FLOW.md
digital-resource-companion/chapters/01/core/AIHE-A02/supp/AIHE-EX01/flow/flowchart.mmd,AIHE_Canon_V1.0/ch/01/core/AIHE-A02/supp/AIHE-EX01/flow/flowchart.mmd
digital-resource-companion/chapters/01/core/AIHE-A02/supp/AIHE-EX01/flow/flowchart.png,AIHE_Canon_V1.0/ch/01/core/AIHE-A02/supp/AIHE-EX01/flow/flowchart.png
digital-resource-companion/chapters/01/core/AIHE-A02/supp/AIHE-EX01/flow/flowchart.svg,AIHE_Canon_V1.0/ch/01/core/AIHE-A02/supp/AIHE-EX01/flow/flowchart.svg
digital-resource-companion/chapters/01/core/AIHE-A02/supp/AIHE-EX01/flow/steps.csv,AIHE_Canon_V1.0/ch/01/core/AIHE-A02/supp/AIHE-EX01/flow/steps.csv
digital-resource-companion/chapters/01/core/AIHE-A02/supp/AIHE-EX01/flow/steps.json,AIHE_Canon_V1.0/ch/01/core/AIHE-A02/supp/AIHE-EX01/flow/steps.json
digital-resource-companion/chapters/01/core/AIHE-A02/supp/AIHE-EX01/metadata.json,AIHE_Canon_V1.0/ch/01/core/AIHE-A02/supp/AIHE-EX01/metadata.json
digital-resource-companion/chapters/01/core/AIHE-A02/supp/AIHE-EX01/xlsx/AIHE-EX01_workbook.xlsx,AIHE_Canon_V1.0/ch/01/core/AIHE-A02/supp/AIHE-EX01/xlsx/AIHE-EX01_workbook.xlsx
digital-resource-companion/chapters/01/flow/DECISION_GATES.md,AIHE_Canon_V1.0/ch/01/flow/DECISION_GATES.md
digital-resource-companion/chapters/01/flow/PROCESS_FLOW.md,AIHE_Canon_V1.0/ch/01/flow/PROCESS_FLOW.md
digital-resource-companion/chapters/01/flow/flowchart.mmd,AIHE_Canon_V1.0/ch/01/flow/flowchart.mmd
digital-resource-companion/chapters/01/flow/flowchart.png,AIHE_Canon_V1.0/ch/01/flow/flowchart.png
digital-resource-companion/chapters/01/flow/flowchart.svg,AIHE_Canon_V1.0/ch/01/flow/flowchart.svg
digital-resource-companion/chapters/01/flow/metadata.json,AIHE_Canon_V1.0/ch/01/flow/metadata.json
digital-resource-companion/chapters/01/flow/steps.csv,AIHE_Canon_V1.0/ch/01/flow/steps.csv
digital-resource-companion/chapters/01/flow/steps.json,AIHE_Canon_V1.0/ch/01/flow/steps.json
digital-resource-companion/chapters/01/guides/AIHE-RG07/README.md,AIHE_Canon_V1.0/ch/01/guides/AIHE-RG07/README.md
digital-resource-companion/chapters/01/guides/AIHE-RG07/data/AIHE-RG07_common_ai_adoption_failures_checklist.csv,AIHE_Canon_V1.0/ch/01/guides/AIHE-RG07/data/AIHE-RG07_common_ai_adoption_failures_checklist.csv
digital-resource-companion/chapters/01/guides/AIHE-RG07/data/AIHE-RG07_common_ai_adoption_failures_checklist.md,AIHE_Canon_V1.0/ch/01/guides/AIHE-RG07/data/AIHE-RG07_common_ai_adoption_failures_checklist.md
digital-resource-companion/chapters/01/guides/AIHE-RG07/edit/docx/AIHE-RG07_guide_and_template.docx,AIHE_Canon_V1.0/ch/01/guides/AIHE-RG07/edit/docx/AIHE-RG07_guide_and_template.docx
digital-resource-companion/chapters/01/guides/AIHE-RG07/edit/xlsx/AIHE-RG07_register.xlsx,AIHE_Canon_V1.0/ch/01/guides/AIHE-RG07/edit/xlsx/AIHE-RG07_register.xlsx
digital-resource-companion/chapters/01/guides/AIHE-RG07/flow/PROCESS_FLOW.md,AIHE_Canon_V1.0/ch/01/guides/AIHE-RG07/flow/PROCESS_FLOW.md
digital-resource-companion/chapters/01/guides/AIHE-RG07/flow/steps.csv,AIHE_Canon_V1.0/ch/01/guides/AIHE-RG07/flow/steps.csv
digital-resource-companion/chapters/01/guides/AIHE-RG07/flow/steps.json,AIHE_Canon_V1.0/ch/01/guides/AIHE-RG07/flow/steps.json
digital-resource-companion/chapters/01/guides/AIHE-RG07/metadata.json,AIHE_Canon_V1.0/ch/01/guides/AIHE-RG07/metadata.json
digital-resource-companion/chapters/02/README.md,AIHE_Canon_V1.0/ch/02/README.md
digital-resource-companion/chapters/02/core/AIHE-A03/README.md,AIHE_Canon_V1.0/ch/02/core/AIHE-A03/README.md
digital-resource-companion/chapters/02/core/AIHE-A03/data/AIHE-A03.schema.json,AIHE_Canon_V1.0/ch/02/core/AIHE-A03/data/AIHE-A03.schema.json
digital-resource-companion/chapters/02/core/AIHE-A03/data/AIHE-A03_blank.csv,AIHE_Canon_V1.0/ch/02/core/AIHE-A03/data/AIHE-A03_blank.csv
digital-resource-companion/chapters/02/core/AIHE-A03/data/AIHE-A03_blank.json,AIHE_Canon_V1.0/ch/02/core/AIHE-A03/data/AIHE-A03_blank.json
digital-resource-companion/chapters/02/core/AIHE-A03/data/AIHE-A03_worked_example.csv,AIHE_Canon_V1.0/ch/02/core/AIHE-A03/data/AIHE-A03_example.csv
digital-resource-companion/chapters/02/core/AIHE-A03/data/AIHE-A03_worked_example.json,AIHE_Canon_V1.0/ch/02/core/AIHE-A03/data/AIHE-A03_example.json
digital-resource-companion/chapters/02/core/AIHE-A03/edit/docx/AIHE-A03_template_and_worked_example.docx,AIHE_Canon_V1.0/ch/02/core/AIHE-A03/edit/docx/AIHE-A03_template_example.docx
digital-resource-companion/chapters/02/core/AIHE-A03/edit/docx/AIHE-A03_template_and_worked_example_V1.0.docx,AIHE_Canon_V1.0/ch/02/core/AIHE-A03/edit/docx/AIHE-A03_template_example_V1.0.docx
digital-resource-companion/chapters/02/core/AIHE-A03/edit/xlsx/AIHE-A03_workbook.xlsx,AIHE_Canon_V1.0/ch/02/core/AIHE-A03/edit/xlsx/AIHE-A03_workbook.xlsx
digital-resource-companion/chapters/02/core/AIHE-A03/edit/xlsx/AIHE-A03_workbook_V1.0.xlsx,AIHE_Canon_V1.0/ch/02/core/AIHE-A03/edit/xlsx/AIHE-A03_workbook_V1.0.xlsx
digital-resource-companion/chapters/02/core/AIHE-A03/flow/PROCESS_FLOW.md,AIHE_Canon_V1.0/ch/02/core/AIHE-A03/flow/PROCESS_FLOW.md
digital-resource-companion/chapters/02/core/AIHE-A03/flow/flowchart.mmd,AIHE_Canon_V1.0/ch/02/core/AIHE-A03/flow/flowchart.mmd
digital-resource-companion/chapters/02/core/AIHE-A03/flow/flowchart.png,AIHE_Canon_V1.0/ch/02/core/AIHE-A03/flow/flowchart.png
digital-resource-companion/chapters/02/core/AIHE-A03/flow/flowchart.svg,AIHE_Canon_V1.0/ch/02/core/AIHE-A03/flow/flowchart.svg
digital-resource-companion/chapters/02/core/AIHE-A03/flow/steps.csv,AIHE_Canon_V1.0/ch/02/core/AIHE-A03/flow/steps.csv
digital-resource-companion/chapters/02/core/AIHE-A03/flow/steps.json,AIHE_Canon_V1.0/ch/02/core/AIHE-A03/flow/steps.json
digital-resource-companion/chapters/02/core/AIHE-A03/metadata.json,AIHE_Canon_V1.0/ch/02/core/AIHE-A03/metadata.json
digital-resource-companion/chapters/02/core/AIHE-A03/supp/AIHE-A/README.md,AIHE_Canon_V1.0/ch/02/core/AIHE-A03/supp/AIHE-A/README.md
digital-resource-companion/chapters/02/core/AIHE-A03/supp/AIHE-A/data/AIHE-A.schema.json,AIHE_Canon_V1.0/ch/02/core/AIHE-A03/supp/AIHE-A/data/AIHE-A.schema.json
digital-resource-companion/chapters/02/core/AIHE-A03/supp/AIHE-A/data/AIHE-A_S1_T1_Main_blank.csv,AIHE_Canon_V1.0/ch/02/core/AIHE-A03/supp/AIHE-A/data/AIHE-A_S1_T1_Main_blank.csv
digital-resource-companion/chapters/02/core/AIHE-A03/supp/AIHE-A/data/AIHE-A_S1_T1_Main_worked_example.csv,AIHE_Canon_V1.0/ch/02/core/AIHE-A03/supp/AIHE-A/data/AIHE-A_S1_T1_Main_example.csv
digital-resource-companion/chapters/02/core/AIHE-A03/supp/AIHE-A/docx/AIHE-A_template.docx,AIHE_Canon_V1.0/ch/02/core/AIHE-A03/supp/AIHE-A/docx/AIHE-A_template.docx
digital-resource-companion/chapters/02/core/AIHE-A03/supp/AIHE-A/docx/AIHE-A_worked_example.docx,AIHE_Canon_V1.0/ch/02/core/AIHE-A03/supp/AIHE-A/docx/AIHE-A_example.docx
digital-resource-companion/chapters/02/core/AIHE-A03/supp/AIHE-A/flow/PROCESS_FLOW.md,AIHE_Canon_V1.0/ch/02/core/AIHE-A03/supp/AIHE-A/flow/PROCESS_FLOW.md
digital-resource-companion/chapters/02/core/AIHE-A03/supp/AIHE-A/flow/flowchart.mmd,AIHE_Canon_V1.0/ch/02/core/AIHE-A03/supp/AIHE-A/flow/flowchart.mmd
digital-resource-companion/chapters/02/core/AIHE-A03/supp/AIHE-A/flow/flowchart.png,AIHE_Canon_V1.0/ch/02/core/AIHE-A03/supp/AIHE-A/flow/flowchart.png
digital-resource-companion/chapters/02/core/AIHE-A03/supp/AIHE-A/flow/flowchart.svg,AIHE_Canon_V1.0/ch/02/core/AIHE-A03/supp/AIHE-A/flow/flowchart.svg
digital-resource-companion/chapters/02/core/AIHE-A03/supp/AIHE-A/flow/steps.csv,AIHE_Canon_V1.0/ch/02/core/AIHE-A03/supp/AIHE-A/flow/steps.csv
digital-resource-companion/chapters/02/core/AIHE-A03/supp/AIHE-A/flow/steps.json,AIHE_Canon_V1.0/ch/02/core/AIHE-A03/supp/AIHE-A/flow/steps.json
digital-resource-companion/chapters/02/core/AIHE-A03/supp/AIHE-A/metadata.json,AIHE_Canon_V1.0/ch/02/core/AIHE-A03/supp/AIHE-A/metadata.json
digital-resource-companion/chapters/02/core/AIHE-A03/supp/AIHE-A/xlsx/AIHE-A_workbook.xlsx,AIHE_Canon_V1.0/ch/02/core/AIHE-A03/supp/AIHE-A/xlsx/AIHE-A_workbook.xlsx
digital-resource-companion/chapters/02/core/AIHE-A03/supp/AIHE-L/README.md,AIHE_Canon_V1.0/ch/02/core/AIHE-A03/supp/AIHE-L/README.md
digital-resource-companion/chapters/02/core/AIHE-A03/supp/AIHE-L/data/AIHE-L.schema.json,AIHE_Canon_V1.0/ch/02/core/AIHE-A03/supp/AIHE-L/data/AIHE-L.schema.json
digital-resource-companion/chapters/02/core/AIHE-A03/supp/AIHE-L/data/AIHE-L_S1_T1_Main_blank.csv,AIHE_Canon_V1.0/ch/02/core/AIHE-A03/supp/AIHE-L/data/AIHE-L_S1_T1_Main_blank.csv
digital-resource-companion/chapters/02/core/AIHE-A03/supp/AIHE-L/data/AIHE-L_S1_T1_Main_worked_example.csv,AIHE_Canon_V1.0/ch/02/core/AIHE-A03/supp/AIHE-L/data/AIHE-L_S1_T1_Main_example.csv
digital-resource-companion/chapters/02/core/AIHE-A03/supp/AIHE-L/data/AIHE-L_S1_T2_Main_blank.csv,AIHE_Canon_V1.0/ch/02/core/AIHE-A03/supp/AIHE-L/data/AIHE-L_S1_T2_Main_blank.csv
digital-resource-companion/chapters/02/core/AIHE-A03/supp/AIHE-L/data/AIHE-L_S1_T2_Main_worked_example.csv,AIHE_Canon_V1.0/ch/02/core/AIHE-A03/supp/AIHE-L/data/AIHE-L_S1_T2_Main_example.csv
digital-resource-companion/chapters/02/core/AIHE-A03/supp/AIHE-L/docx/AIHE-L_template.docx,AIHE_Canon_V1.0/ch/02/core/AIHE-A03/supp/AIHE-L/docx/AIHE-L_template.docx
digital-resource-companion/chapters/02/core/AIHE-A03/supp/AIHE-L/docx/AIHE-L_worked_example.docx,AIHE_Canon_V1.0/ch/02/core/AIHE-A03/supp/AIHE-L/docx/AIHE-L_example.docx
digital-resource-companion/chapters/02/core/AIHE-A03/supp/AIHE-L/flow/PROCESS_FLOW.md,AIHE_Canon_V1.0/ch/02/core/AIHE-A03/supp/AIHE-L/flow/PROCESS_FLOW.md
digital-resource-companion/chapters/02/core/AIHE-A03/supp/AIHE-L/flow/flowchart.mmd,AIHE_Canon_V1.0/ch/02/core/AIHE-A03/supp/AIHE-L/flow/flowchart.mmd
digital-resource-companion/chapters/02/core/AIHE-A03/supp/AIHE-L/flow/flowchart.png,AIHE_Canon_V1.0/ch/02/core/AIHE-A03/supp/AIHE-L/flow/flowchart.png
digital-resource-companion/chapters/02/core/AIHE-A03/supp/AIHE-L/flow/flowchart.svg,AIHE_Canon_V1.0/ch/02/core/AIHE-A03/supp/AIHE-L/flow/flowchart.svg
digital-resource-companion/chapters/02/core/AIHE-A03/supp/AIHE-L/flow/steps.csv,AIHE_Canon_V1.0/ch/02/core/AIHE-A03/supp/AIHE-L/flow/steps.csv
digital-resource-companion/chapters/02/core/AIHE-A03/supp/AIHE-L/flow/steps.json,AIHE_Canon_V1.0/ch/02/core/AIHE-A03/supp/AIHE-L/flow/steps.json
digital-resource-companion/chapters/02/core/AIHE-A03/supp/AIHE-L/metadata.json,AIHE_Canon_V1.0/ch/02/core/AIHE-A03/supp/AIHE-L/metadata.json
digital-resource-companion/chapters/02/core/AIHE-A03/supp/AIHE-L/xlsx/AIHE-L_workbook.xlsx,AIHE_Canon_V1.0/ch/02/core/AIHE-A03/supp/AIHE-L/xlsx/AIHE-L_workbook.xlsx
digital-resource-companion/chapters/02/core/AIHE-A04/README.md,AIHE_Canon_V1.0/ch/02/core/AIHE-A04/README.md
digital-resource-companion/chapters/02/core/AIHE-A04/data/AIHE-A04.schema.json,AIHE_Canon_V1.0/ch/02/core/AIHE-A04/data/AIHE-A04.schema.json
digital-resource-companion/chapters/02/core/AIHE-A04/data/AIHE-A04_blank.csv,AIHE_Canon_V1.0/ch/02/core/AIHE-A04/data/AIHE-A04_blank.csv
digital-resource-companion/chapters/02/core/AIHE-A04/data/AIHE-A04_blank.json,AIHE_Canon_V1.0/ch/02/core/AIHE-A04/data/AIHE-A04_blank.json
digital-resource-companion/chapters/02/core/AIHE-A04/data/AIHE-A04_worked_example.csv,AIHE_Canon_V1.0/ch/02/core/AIHE-A04/data/AIHE-A04_example.csv
digital-resource-companion/chapters/02/core/AIHE-A04/data/AIHE-A04_worked_example.json,AIHE_Canon_V1.0/ch/02/core/AIHE-A04/data/AIHE-A04_example.json
digital-resource-companion/chapters/02/core/AIHE-A04/edit/docx/AIHE-A04_template_and_worked_example.docx,AIHE_Canon_V1.0/ch/02/core/AIHE-A04/edit/docx/AIHE-A04_template_example.docx
digital-resource-companion/chapters/02/core/AIHE-A04/edit/docx/AIHE-A04_template_and_worked_example_V1.0.docx,AIHE_Canon_V1.0/ch/02/core/AIHE-A04/edit/docx/AIHE-A04_template_example_V1.0.docx
digital-resource-companion/chapters/02/core/AIHE-A04/edit/xlsx/AIHE-A04_workbook.xlsx,AIHE_Canon_V1.0/ch/02/core/AIHE-A04/edit/xlsx/AIHE-A04_workbook.xlsx
digital-resource-companion/chapters/02/core/AIHE-A04/edit/xlsx/AIHE-A04_workbook_V1.0.xlsx,AIHE_Canon_V1.0/ch/02/core/AIHE-A04/edit/xlsx/AIHE-A04_workbook_V1.0.xlsx
digital-resource-companion/chapters/02/core/AIHE-A04/flow/PROCESS_FLOW.md,AIHE_Canon_V1.0/ch/02/core/AIHE-A04/flow/PROCESS_FLOW.md
digital-resource-companion/chapters/02/core/AIHE-A04/flow/flowchart.mmd,AIHE_Canon_V1.0/ch/02/core/AIHE-A04/flow/flowchart.mmd
digital-resource-companion/chapters/02/core/AIHE-A04/flow/flowchart.png,AIHE_Canon_V1.0/ch/02/core/AIHE-A04/flow/flowchart.png
digital-resource-companion/chapters/02/core/AIHE-A04/flow/flowchart.svg,AIHE_Canon_V1.0/ch/02/core/AIHE-A04/flow/flowchart.svg
digital-resource-companion/chapters/02/core/AIHE-A04/flow/steps.csv,AIHE_Canon_V1.0/ch/02/core/AIHE-A04/flow/steps.csv
digital-resource-companion/chapters/02/core/AIHE-A04/flow/steps.json,AIHE_Canon_V1.0/ch/02/core/AIHE-A04/flow/steps.json
digital-resource-companion/chapters/02/core/AIHE-A04/metadata.json,AIHE_Canon_V1.0/ch/02/core/AIHE-A04/metadata.json
digital-resource-companion/chapters/02/core/AIHE-A04/supp/AIHE-EX03/README.md,AIHE_Canon_V1.0/ch/02/core/AIHE-A04/supp/AIHE-EX03/README.md
digital-resource-companion/chapters/02/core/AIHE-A04/supp/AIHE-EX03/data/AIHE-EX03_blank.csv,AIHE_Canon_V1.0/ch/02/core/AIHE-A04/supp/AIHE-EX03/data/AIHE-EX03_blank.csv
digital-resource-companion/chapters/02/core/AIHE-A04/supp/AIHE-EX03/docx/AIHE-EX03_template.docx,AIHE_Canon_V1.0/ch/02/core/AIHE-A04/supp/AIHE-EX03/docx/AIHE-EX03_template.docx
digital-resource-companion/chapters/02/core/AIHE-A04/supp/AIHE-EX03/docx/AIHE-EX03_worked_example.docx,AIHE_Canon_V1.0/ch/02/core/AIHE-A04/supp/AIHE-EX03/docx/AIHE-EX03_example.docx
digital-resource-companion/chapters/02/core/AIHE-A04/supp/AIHE-EX03/flow/PROCESS_FLOW.md,AIHE_Canon_V1.0/ch/02/core/AIHE-A04/supp/AIHE-EX03/flow/PROCESS_FLOW.md
digital-resource-companion/chapters/02/core/AIHE-A04/supp/AIHE-EX03/flow/flowchart.mmd,AIHE_Canon_V1.0/ch/02/core/AIHE-A04/supp/AIHE-EX03/flow/flowchart.mmd
digital-resource-companion/chapters/02/core/AIHE-A04/supp/AIHE-EX03/flow/flowchart.png,AIHE_Canon_V1.0/ch/02/core/AIHE-A04/supp/AIHE-EX03/flow/flowchart.png
digital-resource-companion/chapters/02/core/AIHE-A04/supp/AIHE-EX03/flow/flowchart.svg,AIHE_Canon_V1.0/ch/02/core/AIHE-A04/supp/AIHE-EX03/flow/flowchart.svg
digital-resource-companion/chapters/02/core/AIHE-A04/supp/AIHE-EX03/flow/steps.csv,AIHE_Canon_V1.0/ch/02/core/AIHE-A04/supp/AIHE-EX03/flow/steps.csv
digital-resource-companion/chapters/02/core/AIHE-A04/supp/AIHE-EX03/flow/steps.json,AIHE_Canon_V1.0/ch/02/core/AIHE-A04/supp/AIHE-EX03/flow/steps.json
digital-resource-companion/chapters/02/core/AIHE-A04/supp/AIHE-EX03/metadata.json,AIHE_Canon_V1.0/ch/02/core/AIHE-A04/supp/AIHE-EX03/metadata.json
digital-resource-companion/chapters/02/core/AIHE-A04/supp/AIHE-EX03/xlsx/AIHE-EX03_workbook.xlsx,AIHE_Canon_V1.0/ch/02/core/AIHE-A04/supp/AIHE-EX03/xlsx/AIHE-EX03_workbook.xlsx
digital-resource-companion/chapters/02/core/AIHE-A04/supp/AIHE-U/README.md,AIHE_Canon_V1.0/ch/02/core/AIHE-A04/supp/AIHE-U/README.md
digital-resource-companion/chapters/02/core/AIHE-A04/supp/AIHE-U/data/AIHE-U.schema.json,AIHE_Canon_V1.0/ch/02/core/AIHE-A04/supp/AIHE-U/data/AIHE-U.schema.json
digital-resource-companion/chapters/02/core/AIHE-A04/supp/AIHE-U/data/AIHE-U_S1_T1_Main_blank.csv,AIHE_Canon_V1.0/ch/02/core/AIHE-A04/supp/AIHE-U/data/AIHE-U_S1_T1_Main_blank.csv
digital-resource-companion/chapters/02/core/AIHE-A04/supp/AIHE-U/data/AIHE-U_S1_T1_Main_worked_example.csv,AIHE_Canon_V1.0/ch/02/core/AIHE-A04/supp/AIHE-U/data/AIHE-U_S1_T1_Main_example.csv
digital-resource-companion/chapters/02/core/AIHE-A04/supp/AIHE-U/data/AIHE-U_S1_T2_Main_blank.csv,AIHE_Canon_V1.0/ch/02/core/AIHE-A04/supp/AIHE-U/data/AIHE-U_S1_T2_Main_blank.csv
digital-resource-companion/chapters/02/core/AIHE-A04/supp/AIHE-U/data/AIHE-U_S1_T3_Main_blank.csv,AIHE_Canon_V1.0/ch/02/core/AIHE-A04/supp/AIHE-U/data/AIHE-U_S1_T3_Main_blank.csv
digital-resource-companion/chapters/02/core/AIHE-A04/supp/AIHE-U/data/AIHE-U_S1_T3_Main_worked_example.csv,AIHE_Canon_V1.0/ch/02/core/AIHE-A04/supp/AIHE-U/data/AIHE-U_S1_T3_Main_example.csv
digital-resource-companion/chapters/02/core/AIHE-A04/supp/AIHE-U/docx/AIHE-U_template.docx,AIHE_Canon_V1.0/ch/02/core/AIHE-A04/supp/AIHE-U/docx/AIHE-U_template.docx
digital-resource-companion/chapters/02/core/AIHE-A04/supp/AIHE-U/docx/AIHE-U_worked_example.docx,AIHE_Canon_V1.0/ch/02/core/AIHE-A04/supp/AIHE-U/docx/AIHE-U_example.docx
digital-resource-companion/chapters/02/core/AIHE-A04/supp/AIHE-U/flow/PROCESS_FLOW.md,AIHE_Canon_V1.0/ch/02/core/AIHE-A04/supp/AIHE-U/flow/PROCESS_FLOW.md
digital-resource-companion/chapters/02/core/AIHE-A04/supp/AIHE-U/flow/flowchart.mmd,AIHE_Canon_V1.0/ch/02/core/AIHE-A04/supp/AIHE-U/flow/flowchart.mmd
digital-resource-companion/chapters/02/core/AIHE-A04/supp/AIHE-U/flow/flowchart.png,AIHE_Canon_V1.0/ch/02/core/AIHE-A04/supp/AIHE-U/flow/flowchart.png
digital-resource-companion/chapters/02/core/AIHE-A04/supp/AIHE-U/flow/flowchart.svg,AIHE_Canon_V1.0/ch/02/core/AIHE-A04/supp/AIHE-U/flow/flowchart.svg
digital-resource-companion/chapters/02/core/AIHE-A04/supp/AIHE-U/flow/steps.csv,AIHE_Canon_V1.0/ch/02/core/AIHE-A04/supp/AIHE-U/flow/steps.csv
digital-resource-companion/chapters/02/core/AIHE-A04/supp/AIHE-U/flow/steps.json,AIHE_Canon_V1.0/ch/02/core/AIHE-A04/supp/AIHE-U/flow/steps.json
digital-resource-companion/chapters/02/core/AIHE-A04/supp/AIHE-U/metadata.json,AIHE_Canon_V1.0/ch/02/core/AIHE-A04/supp/AIHE-U/metadata.json
digital-resource-companion/chapters/02/core/AIHE-A04/supp/AIHE-U/xlsx/AIHE-U_workbook.xlsx,AIHE_Canon_V1.0/ch/02/core/AIHE-A04/supp/AIHE-U/xlsx/AIHE-U_workbook.xlsx
digital-resource-companion/chapters/02/core/AIHE-A04/supp/AIHE-Y/README.md,AIHE_Canon_V1.0/ch/02/core/AIHE-A04/supp/AIHE-Y/README.md
digital-resource-companion/chapters/02/core/AIHE-A04/supp/AIHE-Y/data/AIHE-Y.schema.json,AIHE_Canon_V1.0/ch/02/core/AIHE-A04/supp/AIHE-Y/data/AIHE-Y.schema.json
digital-resource-companion/chapters/02/core/AIHE-A04/supp/AIHE-Y/data/AIHE-Y_S1_T1_Main_blank.csv,AIHE_Canon_V1.0/ch/02/core/AIHE-A04/supp/AIHE-Y/data/AIHE-Y_S1_T1_Main_blank.csv
digital-resource-companion/chapters/02/core/AIHE-A04/supp/AIHE-Y/data/AIHE-Y_S1_T1_Main_worked_example.csv,AIHE_Canon_V1.0/ch/02/core/AIHE-A04/supp/AIHE-Y/data/AIHE-Y_S1_T1_Main_example.csv
digital-resource-companion/chapters/02/core/AIHE-A04/supp/AIHE-Y/docx/AIHE-Y_template.docx,AIHE_Canon_V1.0/ch/02/core/AIHE-A04/supp/AIHE-Y/docx/AIHE-Y_template.docx
digital-resource-companion/chapters/02/core/AIHE-A04/supp/AIHE-Y/docx/AIHE-Y_worked_example.docx,AIHE_Canon_V1.0/ch/02/core/AIHE-A04/supp/AIHE-Y/docx/AIHE-Y_example.docx
digital-resource-companion/chapters/02/core/AIHE-A04/supp/AIHE-Y/flow/PROCESS_FLOW.md,AIHE_Canon_V1.0/ch/02/core/AIHE-A04/supp/AIHE-Y/flow/PROCESS_FLOW.md
digital-resource-companion/chapters/02/core/AIHE-A04/supp/AIHE-Y/flow/flowchart.mmd,AIHE_Canon_V1.0/ch/02/core/AIHE-A04/supp/AIHE-Y/flow/flowchart.mmd
digital-resource-companion/chapters/02/core/AIHE-A04/supp/AIHE-Y/flow/flowchart.png,AIHE_Canon_V1.0/ch/02/core/AIHE-A04/supp/AIHE-Y/flow/flowchart.png
digital-resource-companion/chapters/02/core/AIHE-A04/supp/AIHE-Y/flow/flowchart.svg,AIHE_Canon_V1.0/ch/02/core/AIHE-A04/supp/AIHE-Y/flow/flowchart.svg
digital-resource-companion/chapters/02/core/AIHE-A04/supp/AIHE-Y/flow/steps.csv,AIHE_Canon_V1.0/ch/02/core/AIHE-A04/supp/AIHE-Y/flow/steps.csv
digital-resource-companion/chapters/02/core/AIHE-A04/supp/AIHE-Y/flow/steps.json,AIHE_Canon_V1.0/ch/02/core/AIHE-A04/supp/AIHE-Y/flow/steps.json
digital-resource-companion/chapters/02/core/AIHE-A04/supp/AIHE-Y/metadata.json,AIHE_Canon_V1.0/ch/02/core/AIHE-A04/supp/AIHE-Y/metadata.json
digital-resource-companion/chapters/02/core/AIHE-A04/supp/AIHE-Y/xlsx/AIHE-Y_workbook.xlsx,AIHE_Canon_V1.0/ch/02/core/AIHE-A04/supp/AIHE-Y/xlsx/AIHE-Y_workbook.xlsx
digital-resource-companion/chapters/02/flow/DECISION_GATES.md,AIHE_Canon_V1.0/ch/02/flow/DECISION_GATES.md
digital-resource-companion/chapters/02/flow/PROCESS_FLOW.md,AIHE_Canon_V1.0/ch/02/flow/PROCESS_FLOW.md
digital-resource-companion/chapters/02/flow/flowchart.mmd,AIHE_Canon_V1.0/ch/02/flow/flowchart.mmd
digital-resource-companion/chapters/02/flow/flowchart.png,AIHE_Canon_V1.0/ch/02/flow/flowchart.png
digital-resource-companion/chapters/02/flow/flowchart.svg,AIHE_Canon_V1.0/ch/02/flow/flowchart.svg
digital-resource-companion/chapters/02/flow/metadata.json,AIHE_Canon_V1.0/ch/02/flow/metadata.json
digital-resource-companion/chapters/02/flow/steps.csv,AIHE_Canon_V1.0/ch/02/flow/steps.csv
digital-resource-companion/chapters/02/flow/steps.json,AIHE_Canon_V1.0/ch/02/flow/steps.json
digital-resource-companion/chapters/02/python_analytics/AIHE-PY01_data_quality_fitness_for_purpose_and_mapping_audit/README.md,AIHE_Canon_V1.0/ch/02/py/PY01_data_quality/README.md
digital-resource-companion/chapters/02/python_analytics/AIHE-PY01_data_quality_fitness_for_purpose_and_mapping_audit/data/README.md,AIHE_Canon_V1.0/ch/02/py/PY01_data_quality/data/README.md
digital-resource-companion/chapters/02/python_analytics/AIHE-PY01_data_quality_fitness_for_purpose_and_mapping_audit/data/xlsx/01_data_quality_and_mapping_sample.xlsx,AIHE_Canon_V1.0/ch/02/py/PY01_data_quality/data/xlsx/01_data_quality_and_mapping_sample.xlsx
digital-resource-companion/chapters/02/python_analytics/AIHE-PY01_data_quality_fitness_for_purpose_and_mapping_audit/data/xlsx/01_data_quality_and_mapping_template.xlsx,AIHE_Canon_V1.0/ch/02/py/PY01_data_quality/data/xlsx/01_data_quality_and_mapping_template.xlsx
digital-resource-companion/chapters/02/python_analytics/AIHE-PY01_data_quality_fitness_for_purpose_and_mapping_audit/environment/environment.yml,AIHE_Canon_V1.0/ch/02/py/PY01_data_quality/environment/environment.yml
digital-resource-companion/chapters/02/python_analytics/AIHE-PY01_data_quality_fitness_for_purpose_and_mapping_audit/environment/requirements.txt,AIHE_Canon_V1.0/ch/02/py/PY01_data_quality/environment/requirements.txt
digital-resource-companion/chapters/02/python_analytics/AIHE-PY01_data_quality_fitness_for_purpose_and_mapping_audit/metadata.json,AIHE_Canon_V1.0/ch/02/py/PY01_data_quality/metadata.json
digital-resource-companion/chapters/02/python_analytics/AIHE-PY01_data_quality_fitness_for_purpose_and_mapping_audit/notebook/01_data_quality_and_mapping.ipynb,AIHE_Canon_V1.0/ch/02/py/PY01_data_quality/notebook/01_data_quality_and_mapping.ipynb
digital-resource-companion/chapters/02/python_analytics/AIHE-PY01_data_quality_fitness_for_purpose_and_mapping_audit/notebook/COLAB_INSTRUCTIONS.md,AIHE_Canon_V1.0/ch/02/py/PY01_data_quality/notebook/COLAB_INSTRUCTIONS.md
digital-resource-companion/chapters/02/python_analytics/AIHE-PY01_data_quality_fitness_for_purpose_and_mapping_audit/notebook/README.md,AIHE_Canon_V1.0/ch/02/py/PY01_data_quality/notebook/README.md
digital-resource-companion/chapters/02/python_analytics/AIHE-PY01_data_quality_fitness_for_purpose_and_mapping_audit/outputs/example/column_profile.csv,AIHE_Canon_V1.0/ch/02/py/PY01_data_quality/outputs/example/column_profile.csv
digital-resource-companion/chapters/02/python_analytics/AIHE-PY01_data_quality_fitness_for_purpose_and_mapping_audit/outputs/example/mapping_audit.csv,AIHE_Canon_V1.0/ch/02/py/PY01_data_quality/outputs/example/mapping_audit.csv
digital-resource-companion/chapters/02/python_analytics/AIHE-PY01_data_quality_fitness_for_purpose_and_mapping_audit/outputs/example/missingness_profile.png,AIHE_Canon_V1.0/ch/02/py/PY01_data_quality/outputs/example/missingness_profile.png
digital-resource-companion/chapters/02/python_analytics/AIHE-PY01_data_quality_fitness_for_purpose_and_mapping_audit/outputs/example/quality_checks.csv,AIHE_Canon_V1.0/ch/02/py/PY01_data_quality/outputs/example/quality_checks.csv
digital-resource-companion/chapters/02/python_analytics/AIHE-PY01_data_quality_fitness_for_purpose_and_mapping_audit/outputs/example/subgroup_coverage.csv,AIHE_Canon_V1.0/ch/02/py/PY01_data_quality/outputs/example/subgroup_coverage.csv
digital-resource-companion/chapters/02/python_analytics/AIHE-PY01_data_quality_fitness_for_purpose_and_mapping_audit/outputs/example/summary.json,AIHE_Canon_V1.0/ch/02/py/PY01_data_quality/outputs/example/summary.json
digital-resource-companion/chapters/02/python_analytics/AIHE-PY01_data_quality_fitness_for_purpose_and_mapping_audit/outputs/generated/.gitkeep,AIHE_Canon_V1.0/ch/02/py/PY01_data_quality/outputs/generated/.gitkeep
digital-resource-companion/chapters/02/python_analytics/AIHE-PY01_data_quality_fitness_for_purpose_and_mapping_audit/python/01_data_quality_and_mapping.py,AIHE_Canon_V1.0/ch/02/py/PY01_data_quality/python/01_data_quality_and_mapping.py
digital-resource-companion/chapters/02/python_analytics/AIHE-PY01_data_quality_fitness_for_purpose_and_mapping_audit/run_python.bat,AIHE_Canon_V1.0/ch/02/py/PY01_data_quality/run_python.bat
digital-resource-companion/chapters/02/python_analytics/AIHE-PY01_data_quality_fitness_for_purpose_and_mapping_audit/run_python.sh,AIHE_Canon_V1.0/ch/02/py/PY01_data_quality/run_python.sh
digital-resource-companion/chapters/02/python_analytics/AIHE-PY01_data_quality_fitness_for_purpose_and_mapping_audit/src/aihe_analytics/__init__.py,AIHE_Canon_V1.0/ch/02/py/PY01_data_quality/src/aihe_analytics/__init__.py
digital-resource-companion/chapters/02/python_analytics/AIHE-PY01_data_quality_fitness_for_purpose_and_mapping_audit/src/aihe_analytics/io.py,AIHE_Canon_V1.0/ch/02/py/PY01_data_quality/src/aihe_analytics/io.py
digital-resource-companion/chapters/02/python_analytics/AIHE-PY01_data_quality_fitness_for_purpose_and_mapping_audit/src/aihe_analytics/module_01_data_quality_and_mapping.py,AIHE_Canon_V1.0/ch/02/py/PY01_data_quality/src/aihe_analytics/module_01_data_quality_and_mapping.py
digital-resource-companion/chapters/02/python_analytics/AIHE-PY01_data_quality_fitness_for_purpose_and_mapping_audit/src/aihe_analytics/plotting.py,AIHE_Canon_V1.0/ch/02/py/PY01_data_quality/src/aihe_analytics/plotting.py
digital-resource-companion/chapters/02/python_analytics/AIHE-PY03_missing_data_sensitivity_analysis/README.md,AIHE_Canon_V1.0/ch/02/py/PY03_missing_data/README.md
digital-resource-companion/chapters/02/python_analytics/AIHE-PY03_missing_data_sensitivity_analysis/data/README.md,AIHE_Canon_V1.0/ch/02/py/PY03_missing_data/data/README.md
digital-resource-companion/chapters/02/python_analytics/AIHE-PY03_missing_data_sensitivity_analysis/data/xlsx/03_missing_data_sensitivity_sample.xlsx,AIHE_Canon_V1.0/ch/02/py/PY03_missing_data/data/xlsx/03_missing_data_sensitivity_sample.xlsx
digital-resource-companion/chapters/02/python_analytics/AIHE-PY03_missing_data_sensitivity_analysis/data/xlsx/03_missing_data_sensitivity_template.xlsx,AIHE_Canon_V1.0/ch/02/py/PY03_missing_data/data/xlsx/03_missing_data_sensitivity_template.xlsx
digital-resource-companion/chapters/02/python_analytics/AIHE-PY03_missing_data_sensitivity_analysis/environment/environment.yml,AIHE_Canon_V1.0/ch/02/py/PY03_missing_data/environment/environment.yml
digital-resource-companion/chapters/02/python_analytics/AIHE-PY03_missing_data_sensitivity_analysis/environment/requirements.txt,AIHE_Canon_V1.0/ch/02/py/PY03_missing_data/environment/requirements.txt
digital-resource-companion/chapters/02/python_analytics/AIHE-PY03_missing_data_sensitivity_analysis/metadata.json,AIHE_Canon_V1.0/ch/02/py/PY03_missing_data/metadata.json
digital-resource-companion/chapters/02/python_analytics/AIHE-PY03_missing_data_sensitivity_analysis/notebook/03_missing_data_sensitivity.ipynb,AIHE_Canon_V1.0/ch/02/py/PY03_missing_data/notebook/03_missing_data_sensitivity.ipynb
digital-resource-companion/chapters/02/python_analytics/AIHE-PY03_missing_data_sensitivity_analysis/notebook/COLAB_INSTRUCTIONS.md,AIHE_Canon_V1.0/ch/02/py/PY03_missing_data/notebook/COLAB_INSTRUCTIONS.md
digital-resource-companion/chapters/02/python_analytics/AIHE-PY03_missing_data_sensitivity_analysis/notebook/README.md,AIHE_Canon_V1.0/ch/02/py/PY03_missing_data/notebook/README.md
digital-resource-companion/chapters/02/python_analytics/AIHE-PY03_missing_data_sensitivity_analysis/outputs/example/missing_data_scenarios.csv,AIHE_Canon_V1.0/ch/02/py/PY03_missing_data/outputs/example/missing_data_scenarios.csv
digital-resource-companion/chapters/02/python_analytics/AIHE-PY03_missing_data_sensitivity_analysis/outputs/example/missing_data_sensitivity.png,AIHE_Canon_V1.0/ch/02/py/PY03_missing_data/outputs/example/missing_data_sensitivity.png
digital-resource-companion/chapters/02/python_analytics/AIHE-PY03_missing_data_sensitivity_analysis/outputs/example/missingness_profile.csv,AIHE_Canon_V1.0/ch/02/py/PY03_missing_data/outputs/example/missingness_profile.csv
digital-resource-companion/chapters/02/python_analytics/AIHE-PY03_missing_data_sensitivity_analysis/outputs/example/summary.json,AIHE_Canon_V1.0/ch/02/py/PY03_missing_data/outputs/example/summary.json
digital-resource-companion/chapters/02/python_analytics/AIHE-PY03_missing_data_sensitivity_analysis/outputs/generated/.gitkeep,AIHE_Canon_V1.0/ch/02/py/PY03_missing_data/outputs/generated/.gitkeep
digital-resource-companion/chapters/02/python_analytics/AIHE-PY03_missing_data_sensitivity_analysis/python/03_missing_data_sensitivity.py,AIHE_Canon_V1.0/ch/02/py/PY03_missing_data/python/03_missing_data_sensitivity.py
digital-resource-companion/chapters/02/python_analytics/AIHE-PY03_missing_data_sensitivity_analysis/run_python.bat,AIHE_Canon_V1.0/ch/02/py/PY03_missing_data/run_python.bat
digital-resource-companion/chapters/02/python_analytics/AIHE-PY03_missing_data_sensitivity_analysis/run_python.sh,AIHE_Canon_V1.0/ch/02/py/PY03_missing_data/run_python.sh
digital-resource-companion/chapters/02/python_analytics/AIHE-PY03_missing_data_sensitivity_analysis/src/aihe_analytics/__init__.py,AIHE_Canon_V1.0/ch/02/py/PY03_missing_data/src/aihe_analytics/__init__.py
digital-resource-companion/chapters/02/python_analytics/AIHE-PY03_missing_data_sensitivity_analysis/src/aihe_analytics/io.py,AIHE_Canon_V1.0/ch/02/py/PY03_missing_data/src/aihe_analytics/io.py
digital-resource-companion/chapters/02/python_analytics/AIHE-PY03_missing_data_sensitivity_analysis/src/aihe_analytics/module_03_missing_data_sensitivity.py,AIHE_Canon_V1.0/ch/02/py/PY03_missing_data/src/aihe_analytics/module_03_missing_data_sensitivity.py
digital-resource-companion/chapters/02/python_analytics/AIHE-PY03_missing_data_sensitivity_analysis/src/aihe_analytics/plotting.py,AIHE_Canon_V1.0/ch/02/py/PY03_missing_data/src/aihe_analytics/plotting.py
digital-resource-companion/chapters/02/python_analytics/AIHE-PY33_patient_or_service_segmentation_using_clustering/README.md,AIHE_Canon_V1.0/ch/02/py/PY33_clustering/README.md
digital-resource-companion/chapters/02/python_analytics/AIHE-PY33_patient_or_service_segmentation_using_clustering/data/README.md,AIHE_Canon_V1.0/ch/02/py/PY33_clustering/data/README.md
digital-resource-companion/chapters/02/python_analytics/AIHE-PY33_patient_or_service_segmentation_using_clustering/data/xlsx/33_patient_segmentation_clustering_sample.xlsx,AIHE_Canon_V1.0/ch/02/py/PY33_clustering/data/xlsx/33_patient_segmentation_clustering_sample.xlsx
digital-resource-companion/chapters/02/python_analytics/AIHE-PY33_patient_or_service_segmentation_using_clustering/data/xlsx/33_patient_segmentation_clustering_template.xlsx,AIHE_Canon_V1.0/ch/02/py/PY33_clustering/data/xlsx/33_patient_segmentation_clustering_template.xlsx
digital-resource-companion/chapters/02/python_analytics/AIHE-PY33_patient_or_service_segmentation_using_clustering/environment/environment.yml,AIHE_Canon_V1.0/ch/02/py/PY33_clustering/environment/environment.yml
digital-resource-companion/chapters/02/python_analytics/AIHE-PY33_patient_or_service_segmentation_using_clustering/environment/requirements.txt,AIHE_Canon_V1.0/ch/02/py/PY33_clustering/environment/requirements.txt
digital-resource-companion/chapters/02/python_analytics/AIHE-PY33_patient_or_service_segmentation_using_clustering/metadata.json,AIHE_Canon_V1.0/ch/02/py/PY33_clustering/metadata.json
digital-resource-companion/chapters/02/python_analytics/AIHE-PY33_patient_or_service_segmentation_using_clustering/notebook/33_patient_segmentation_clustering.ipynb,AIHE_Canon_V1.0/ch/02/py/PY33_clustering/notebook/33_patient_segmentation_clustering.ipynb
digital-resource-companion/chapters/02/python_analytics/AIHE-PY33_patient_or_service_segmentation_using_clustering/notebook/COLAB_INSTRUCTIONS.md,AIHE_Canon_V1.0/ch/02/py/PY33_clustering/notebook/COLAB_INSTRUCTIONS.md
digital-resource-companion/chapters/02/python_analytics/AIHE-PY33_patient_or_service_segmentation_using_clustering/notebook/README.md,AIHE_Canon_V1.0/ch/02/py/PY33_clustering/notebook/README.md
digital-resource-companion/chapters/02/python_analytics/AIHE-PY33_patient_or_service_segmentation_using_clustering/outputs/example/cluster_assignments.csv,AIHE_Canon_V1.0/ch/02/py/PY33_clustering/outputs/example/cluster_assignments.csv
digital-resource-companion/chapters/02/python_analytics/AIHE-PY33_patient_or_service_segmentation_using_clustering/outputs/example/cluster_plot.png,AIHE_Canon_V1.0/ch/02/py/PY33_clustering/outputs/example/cluster_plot.png
digital-resource-companion/chapters/02/python_analytics/AIHE-PY33_patient_or_service_segmentation_using_clustering/outputs/example/cluster_profiles.csv,AIHE_Canon_V1.0/ch/02/py/PY33_clustering/outputs/example/cluster_profiles.csv
digital-resource-companion/chapters/02/python_analytics/AIHE-PY33_patient_or_service_segmentation_using_clustering/outputs/example/summary.json,AIHE_Canon_V1.0/ch/02/py/PY33_clustering/outputs/example/summary.json
digital-resource-companion/chapters/02/python_analytics/AIHE-PY33_patient_or_service_segmentation_using_clustering/outputs/generated/.gitkeep,AIHE_Canon_V1.0/ch/02/py/PY33_clustering/outputs/generated/.gitkeep
digital-resource-companion/chapters/02/python_analytics/AIHE-PY33_patient_or_service_segmentation_using_clustering/python/33_patient_segmentation_clustering.py,AIHE_Canon_V1.0/ch/02/py/PY33_clustering/python/33_patient_segmentation_clustering.py
digital-resource-companion/chapters/02/python_analytics/AIHE-PY33_patient_or_service_segmentation_using_clustering/run_python.bat,AIHE_Canon_V1.0/ch/02/py/PY33_clustering/run_python.bat
digital-resource-companion/chapters/02/python_analytics/AIHE-PY33_patient_or_service_segmentation_using_clustering/run_python.sh,AIHE_Canon_V1.0/ch/02/py/PY33_clustering/run_python.sh
digital-resource-companion/chapters/02/python_analytics/AIHE-PY33_patient_or_service_segmentation_using_clustering/src/aihe_analytics/__init__.py,AIHE_Canon_V1.0/ch/02/py/PY33_clustering/src/aihe_analytics/__init__.py
digital-resource-companion/chapters/02/python_analytics/AIHE-PY33_patient_or_service_segmentation_using_clustering/src/aihe_analytics/io.py,AIHE_Canon_V1.0/ch/02/py/PY33_clustering/src/aihe_analytics/io.py
digital-resource-companion/chapters/02/python_analytics/AIHE-PY33_patient_or_service_segmentation_using_clustering/src/aihe_analytics/module_33_patient_segmentation_clustering.py,AIHE_Canon_V1.0/ch/02/py/PY33_clustering/src/aihe_analytics/module_33_patient_segmentation_clustering.py
digital-resource-companion/chapters/02/python_analytics/AIHE-PY33_patient_or_service_segmentation_using_clustering/src/aihe_analytics/plotting.py,AIHE_Canon_V1.0/ch/02/py/PY33_clustering/src/aihe_analytics/plotting.py
digital-resource-companion/chapters/03/README.md,AIHE_Canon_V1.0/ch/03/README.md
digital-resource-companion/chapters/03/core/AIHE-C04/README.md,AIHE_Canon_V1.0/ch/03/core/AIHE-C04/README.md
digital-resource-companion/chapters/03/core/AIHE-C04/data/AIHE-C04.schema.json,AIHE_Canon_V1.0/ch/03/core/AIHE-C04/data/AIHE-C04.schema.json
digital-resource-companion/chapters/03/core/AIHE-C04/data/AIHE-C04_blank.csv,AIHE_Canon_V1.0/ch/03/core/AIHE-C04/data/AIHE-C04_blank.csv
digital-resource-companion/chapters/03/core/AIHE-C04/data/AIHE-C04_blank.json,AIHE_Canon_V1.0/ch/03/core/AIHE-C04/data/AIHE-C04_blank.json
digital-resource-companion/chapters/03/core/AIHE-C04/data/AIHE-C04_worked_example.csv,AIHE_Canon_V1.0/ch/03/core/AIHE-C04/data/AIHE-C04_example.csv
digital-resource-companion/chapters/03/core/AIHE-C04/data/AIHE-C04_worked_example.json,AIHE_Canon_V1.0/ch/03/core/AIHE-C04/data/AIHE-C04_example.json
digital-resource-companion/chapters/03/core/AIHE-C04/edit/docx/AIHE-C04_template_and_worked_example.docx,AIHE_Canon_V1.0/ch/03/core/AIHE-C04/edit/docx/AIHE-C04_template_example.docx
digital-resource-companion/chapters/03/core/AIHE-C04/edit/docx/AIHE-C04_template_and_worked_example_V1.0.docx,AIHE_Canon_V1.0/ch/03/core/AIHE-C04/edit/docx/AIHE-C04_template_example_V1.0.docx
digital-resource-companion/chapters/03/core/AIHE-C04/edit/xlsx/AIHE-C04_workbook.xlsx,AIHE_Canon_V1.0/ch/03/core/AIHE-C04/edit/xlsx/AIHE-C04_workbook.xlsx
digital-resource-companion/chapters/03/core/AIHE-C04/edit/xlsx/AIHE-C04_workbook_V1.0.xlsx,AIHE_Canon_V1.0/ch/03/core/AIHE-C04/edit/xlsx/AIHE-C04_workbook_V1.0.xlsx
digital-resource-companion/chapters/03/core/AIHE-C04/flow/PROCESS_FLOW.md,AIHE_Canon_V1.0/ch/03/core/AIHE-C04/flow/PROCESS_FLOW.md
digital-resource-companion/chapters/03/core/AIHE-C04/flow/flowchart.mmd,AIHE_Canon_V1.0/ch/03/core/AIHE-C04/flow/flowchart.mmd
digital-resource-companion/chapters/03/core/AIHE-C04/flow/flowchart.png,AIHE_Canon_V1.0/ch/03/core/AIHE-C04/flow/flowchart.png
digital-resource-companion/chapters/03/core/AIHE-C04/flow/flowchart.svg,AIHE_Canon_V1.0/ch/03/core/AIHE-C04/flow/flowchart.svg
digital-resource-companion/chapters/03/core/AIHE-C04/flow/steps.csv,AIHE_Canon_V1.0/ch/03/core/AIHE-C04/flow/steps.csv
digital-resource-companion/chapters/03/core/AIHE-C04/flow/steps.json,AIHE_Canon_V1.0/ch/03/core/AIHE-C04/flow/steps.json
digital-resource-companion/chapters/03/core/AIHE-C04/metadata.json,AIHE_Canon_V1.0/ch/03/core/AIHE-C04/metadata.json
digital-resource-companion/chapters/03/core/AIHE-C04/supp/AIHE-O/README.md,AIHE_Canon_V1.0/ch/03/core/AIHE-C04/supp/AIHE-O/README.md
digital-resource-companion/chapters/03/core/AIHE-C04/supp/AIHE-O/data/AIHE-O.schema.json,AIHE_Canon_V1.0/ch/03/core/AIHE-C04/supp/AIHE-O/data/AIHE-O.schema.json
digital-resource-companion/chapters/03/core/AIHE-C04/supp/AIHE-O/data/AIHE-O_S1_T1_Main_blank.csv,AIHE_Canon_V1.0/ch/03/core/AIHE-C04/supp/AIHE-O/data/AIHE-O_S1_T1_Main_blank.csv
digital-resource-companion/chapters/03/core/AIHE-C04/supp/AIHE-O/data/AIHE-O_S1_T2_Main_blank.csv,AIHE_Canon_V1.0/ch/03/core/AIHE-C04/supp/AIHE-O/data/AIHE-O_S1_T2_Main_blank.csv
digital-resource-companion/chapters/03/core/AIHE-C04/supp/AIHE-O/data/AIHE-O_S1_T2_Main_worked_example.csv,AIHE_Canon_V1.0/ch/03/core/AIHE-C04/supp/AIHE-O/data/AIHE-O_S1_T2_Main_example.csv
digital-resource-companion/chapters/03/core/AIHE-C04/supp/AIHE-O/data/AIHE-O_S1_T3_Main_blank.csv,AIHE_Canon_V1.0/ch/03/core/AIHE-C04/supp/AIHE-O/data/AIHE-O_S1_T3_Main_blank.csv
digital-resource-companion/chapters/03/core/AIHE-C04/supp/AIHE-O/data/AIHE-O_S1_T3_Main_worked_example.csv,AIHE_Canon_V1.0/ch/03/core/AIHE-C04/supp/AIHE-O/data/AIHE-O_S1_T3_Main_example.csv
digital-resource-companion/chapters/03/core/AIHE-C04/supp/AIHE-O/docx/AIHE-O_template.docx,AIHE_Canon_V1.0/ch/03/core/AIHE-C04/supp/AIHE-O/docx/AIHE-O_template.docx
digital-resource-companion/chapters/03/core/AIHE-C04/supp/AIHE-O/docx/AIHE-O_worked_example.docx,AIHE_Canon_V1.0/ch/03/core/AIHE-C04/supp/AIHE-O/docx/AIHE-O_example.docx
digital-resource-companion/chapters/03/core/AIHE-C04/supp/AIHE-O/flow/PROCESS_FLOW.md,AIHE_Canon_V1.0/ch/03/core/AIHE-C04/supp/AIHE-O/flow/PROCESS_FLOW.md
digital-resource-companion/chapters/03/core/AIHE-C04/supp/AIHE-O/flow/flowchart.mmd,AIHE_Canon_V1.0/ch/03/core/AIHE-C04/supp/AIHE-O/flow/flowchart.mmd
digital-resource-companion/chapters/03/core/AIHE-C04/supp/AIHE-O/flow/flowchart.png,AIHE_Canon_V1.0/ch/03/core/AIHE-C04/supp/AIHE-O/flow/flowchart.png
digital-resource-companion/chapters/03/core/AIHE-C04/supp/AIHE-O/flow/flowchart.svg,AIHE_Canon_V1.0/ch/03/core/AIHE-C04/supp/AIHE-O/flow/flowchart.svg
digital-resource-companion/chapters/03/core/AIHE-C04/supp/AIHE-O/flow/steps.csv,AIHE_Canon_V1.0/ch/03/core/AIHE-C04/supp/AIHE-O/flow/steps.csv
digital-resource-companion/chapters/03/core/AIHE-C04/supp/AIHE-O/flow/steps.json,AIHE_Canon_V1.0/ch/03/core/AIHE-C04/supp/AIHE-O/flow/steps.json
digital-resource-companion/chapters/03/core/AIHE-C04/supp/AIHE-O/metadata.json,AIHE_Canon_V1.0/ch/03/core/AIHE-C04/supp/AIHE-O/metadata.json
digital-resource-companion/chapters/03/core/AIHE-C04/supp/AIHE-O/xlsx/AIHE-O_workbook.xlsx,AIHE_Canon_V1.0/ch/03/core/AIHE-C04/supp/AIHE-O/xlsx/AIHE-O_workbook.xlsx
digital-resource-companion/chapters/03/flow/DECISION_GATES.md,AIHE_Canon_V1.0/ch/03/flow/DECISION_GATES.md
digital-resource-companion/chapters/03/flow/PROCESS_FLOW.md,AIHE_Canon_V1.0/ch/03/flow/PROCESS_FLOW.md
digital-resource-companion/chapters/03/flow/flowchart.mmd,AIHE_Canon_V1.0/ch/03/flow/flowchart.mmd
digital-resource-companion/chapters/03/flow/flowchart.png,AIHE_Canon_V1.0/ch/03/flow/flowchart.png
digital-resource-companion/chapters/03/flow/flowchart.svg,AIHE_Canon_V1.0/ch/03/flow/flowchart.svg
digital-resource-companion/chapters/03/flow/metadata.json,AIHE_Canon_V1.0/ch/03/flow/metadata.json
digital-resource-companion/chapters/03/flow/steps.csv,AIHE_Canon_V1.0/ch/03/flow/steps.csv
digital-resource-companion/chapters/03/flow/steps.json,AIHE_Canon_V1.0/ch/03/flow/steps.json
digital-resource-companion/chapters/03/python_analytics/AIHE-PY06_decision_curve_analysis/README.md,AIHE_Canon_V1.0/ch/03/py/PY06_decision_curve/README.md
digital-resource-companion/chapters/03/python_analytics/AIHE-PY06_decision_curve_analysis/data/README.md,AIHE_Canon_V1.0/ch/03/py/PY06_decision_curve/data/README.md
digital-resource-companion/chapters/03/python_analytics/AIHE-PY06_decision_curve_analysis/data/xlsx/06_decision_curve_analysis_sample.xlsx,AIHE_Canon_V1.0/ch/03/py/PY06_decision_curve/data/xlsx/06_decision_curve_analysis_sample.xlsx
digital-resource-companion/chapters/03/python_analytics/AIHE-PY06_decision_curve_analysis/data/xlsx/06_decision_curve_analysis_template.xlsx,AIHE_Canon_V1.0/ch/03/py/PY06_decision_curve/data/xlsx/06_decision_curve_analysis_template.xlsx
digital-resource-companion/chapters/03/python_analytics/AIHE-PY06_decision_curve_analysis/environment/environment.yml,AIHE_Canon_V1.0/ch/03/py/PY06_decision_curve/environment/environment.yml
digital-resource-companion/chapters/03/python_analytics/AIHE-PY06_decision_curve_analysis/environment/requirements.txt,AIHE_Canon_V1.0/ch/03/py/PY06_decision_curve/environment/requirements.txt
digital-resource-companion/chapters/03/python_analytics/AIHE-PY06_decision_curve_analysis/metadata.json,AIHE_Canon_V1.0/ch/03/py/PY06_decision_curve/metadata.json
digital-resource-companion/chapters/03/python_analytics/AIHE-PY06_decision_curve_analysis/notebook/06_decision_curve_analysis.ipynb,AIHE_Canon_V1.0/ch/03/py/PY06_decision_curve/notebook/06_decision_curve_analysis.ipynb
digital-resource-companion/chapters/03/python_analytics/AIHE-PY06_decision_curve_analysis/notebook/COLAB_INSTRUCTIONS.md,AIHE_Canon_V1.0/ch/03/py/PY06_decision_curve/notebook/COLAB_INSTRUCTIONS.md
digital-resource-companion/chapters/03/python_analytics/AIHE-PY06_decision_curve_analysis/notebook/README.md,AIHE_Canon_V1.0/ch/03/py/PY06_decision_curve/notebook/README.md
digital-resource-companion/chapters/03/python_analytics/AIHE-PY06_decision_curve_analysis/outputs/example/decision_curve.csv,AIHE_Canon_V1.0/ch/03/py/PY06_decision_curve/outputs/example/decision_curve.csv
digital-resource-companion/chapters/03/python_analytics/AIHE-PY06_decision_curve_analysis/outputs/example/decision_curve.png,AIHE_Canon_V1.0/ch/03/py/PY06_decision_curve/outputs/example/decision_curve.png
digital-resource-companion/chapters/03/python_analytics/AIHE-PY06_decision_curve_analysis/outputs/example/summary.json,AIHE_Canon_V1.0/ch/03/py/PY06_decision_curve/outputs/example/summary.json
digital-resource-companion/chapters/03/python_analytics/AIHE-PY06_decision_curve_analysis/outputs/generated/.gitkeep,AIHE_Canon_V1.0/ch/03/py/PY06_decision_curve/outputs/generated/.gitkeep
digital-resource-companion/chapters/03/python_analytics/AIHE-PY06_decision_curve_analysis/python/06_decision_curve_analysis.py,AIHE_Canon_V1.0/ch/03/py/PY06_decision_curve/python/06_decision_curve_analysis.py
digital-resource-companion/chapters/03/python_analytics/AIHE-PY06_decision_curve_analysis/run_python.bat,AIHE_Canon_V1.0/ch/03/py/PY06_decision_curve/run_python.bat
digital-resource-companion/chapters/03/python_analytics/AIHE-PY06_decision_curve_analysis/run_python.sh,AIHE_Canon_V1.0/ch/03/py/PY06_decision_curve/run_python.sh
digital-resource-companion/chapters/03/python_analytics/AIHE-PY06_decision_curve_analysis/src/aihe_analytics/__init__.py,AIHE_Canon_V1.0/ch/03/py/PY06_decision_curve/src/aihe_analytics/__init__.py
digital-resource-companion/chapters/03/python_analytics/AIHE-PY06_decision_curve_analysis/src/aihe_analytics/io.py,AIHE_Canon_V1.0/ch/03/py/PY06_decision_curve/src/aihe_analytics/io.py
digital-resource-companion/chapters/03/python_analytics/AIHE-PY06_decision_curve_analysis/src/aihe_analytics/module_06_decision_curve_analysis.py,AIHE_Canon_V1.0/ch/03/py/PY06_decision_curve/src/aihe_analytics/module_06_decision_curve_analysis.py
digital-resource-companion/chapters/03/python_analytics/AIHE-PY06_decision_curve_analysis/src/aihe_analytics/plotting.py,AIHE_Canon_V1.0/ch/03/py/PY06_decision_curve/src/aihe_analytics/plotting.py
digital-resource-companion/chapters/03/python_analytics/AIHE-PY21_discrete_event_simulation_of_hospital_flow/README.md,AIHE_Canon_V1.0/ch/03/py/PY21_discrete_event/README.md
digital-resource-companion/chapters/03/python_analytics/AIHE-PY21_discrete_event_simulation_of_hospital_flow/data/README.md,AIHE_Canon_V1.0/ch/03/py/PY21_discrete_event/data/README.md
digital-resource-companion/chapters/03/python_analytics/AIHE-PY21_discrete_event_simulation_of_hospital_flow/data/xlsx/21_discrete_event_hospital_flow_sample.xlsx,AIHE_Canon_V1.0/ch/03/py/PY21_discrete_event/data/xlsx/21_discrete_event_hospital_flow_sample.xlsx
digital-resource-companion/chapters/03/python_analytics/AIHE-PY21_discrete_event_simulation_of_hospital_flow/data/xlsx/21_discrete_event_hospital_flow_template.xlsx,AIHE_Canon_V1.0/ch/03/py/PY21_discrete_event/data/xlsx/21_discrete_event_hospital_flow_template.xlsx
digital-resource-companion/chapters/03/python_analytics/AIHE-PY21_discrete_event_simulation_of_hospital_flow/environment/environment.yml,AIHE_Canon_V1.0/ch/03/py/PY21_discrete_event/environment/environment.yml
digital-resource-companion/chapters/03/python_analytics/AIHE-PY21_discrete_event_simulation_of_hospital_flow/environment/requirements.txt,AIHE_Canon_V1.0/ch/03/py/PY21_discrete_event/environment/requirements.txt
digital-resource-companion/chapters/03/python_analytics/AIHE-PY21_discrete_event_simulation_of_hospital_flow/metadata.json,AIHE_Canon_V1.0/ch/03/py/PY21_discrete_event/metadata.json
digital-resource-companion/chapters/03/python_analytics/AIHE-PY21_discrete_event_simulation_of_hospital_flow/notebook/21_discrete_event_hospital_flow.ipynb,AIHE_Canon_V1.0/ch/03/py/PY21_discrete_event/notebook/21_discrete_event_hospital_flow.ipynb
digital-resource-companion/chapters/03/python_analytics/AIHE-PY21_discrete_event_simulation_of_hospital_flow/notebook/COLAB_INSTRUCTIONS.md,AIHE_Canon_V1.0/ch/03/py/PY21_discrete_event/notebook/COLAB_INSTRUCTIONS.md
digital-resource-companion/chapters/03/python_analytics/AIHE-PY21_discrete_event_simulation_of_hospital_flow/notebook/README.md,AIHE_Canon_V1.0/ch/03/py/PY21_discrete_event/notebook/README.md
digital-resource-companion/chapters/03/python_analytics/AIHE-PY21_discrete_event_simulation_of_hospital_flow/outputs/example/mean_wait_by_scenario.png,AIHE_Canon_V1.0/ch/03/py/PY21_discrete_event/outputs/example/mean_wait_by_scenario.png
digital-resource-companion/chapters/03/python_analytics/AIHE-PY21_discrete_event_simulation_of_hospital_flow/outputs/example/replication_results.csv,AIHE_Canon_V1.0/ch/03/py/PY21_discrete_event/outputs/example/replication_results.csv
digital-resource-companion/chapters/03/python_analytics/AIHE-PY21_discrete_event_simulation_of_hospital_flow/outputs/example/scenario_summary.csv,AIHE_Canon_V1.0/ch/03/py/PY21_discrete_event/outputs/example/scenario_summary.csv
digital-resource-companion/chapters/03/python_analytics/AIHE-PY21_discrete_event_simulation_of_hospital_flow/outputs/example/summary.json,AIHE_Canon_V1.0/ch/03/py/PY21_discrete_event/outputs/example/summary.json
digital-resource-companion/chapters/03/python_analytics/AIHE-PY21_discrete_event_simulation_of_hospital_flow/outputs/generated/.gitkeep,AIHE_Canon_V1.0/ch/03/py/PY21_discrete_event/outputs/generated/.gitkeep
digital-resource-companion/chapters/03/python_analytics/AIHE-PY21_discrete_event_simulation_of_hospital_flow/python/21_discrete_event_hospital_flow.py,AIHE_Canon_V1.0/ch/03/py/PY21_discrete_event/python/21_discrete_event_hospital_flow.py
digital-resource-companion/chapters/03/python_analytics/AIHE-PY21_discrete_event_simulation_of_hospital_flow/run_python.bat,AIHE_Canon_V1.0/ch/03/py/PY21_discrete_event/run_python.bat
digital-resource-companion/chapters/03/python_analytics/AIHE-PY21_discrete_event_simulation_of_hospital_flow/run_python.sh,AIHE_Canon_V1.0/ch/03/py/PY21_discrete_event/run_python.sh
digital-resource-companion/chapters/03/python_analytics/AIHE-PY21_discrete_event_simulation_of_hospital_flow/src/aihe_analytics/__init__.py,AIHE_Canon_V1.0/ch/03/py/PY21_discrete_event/src/aihe_analytics/__init__.py
digital-resource-companion/chapters/03/python_analytics/AIHE-PY21_discrete_event_simulation_of_hospital_flow/src/aihe_analytics/io.py,AIHE_Canon_V1.0/ch/03/py/PY21_discrete_event/src/aihe_analytics/io.py
digital-resource-companion/chapters/03/python_analytics/AIHE-PY21_discrete_event_simulation_of_hospital_flow/src/aihe_analytics/module_21_discrete_event_hospital_flow.py,AIHE_Canon_V1.0/ch/03/py/PY21_discrete_event/src/aihe_analytics/module_21_discrete_event_hospital_flow.py
digital-resource-companion/chapters/03/python_analytics/AIHE-PY21_discrete_event_simulation_of_hospital_flow/src/aihe_analytics/plotting.py,AIHE_Canon_V1.0/ch/03/py/PY21_discrete_event/src/aihe_analytics/plotting.py
digital-resource-companion/chapters/03/python_analytics/AIHE-PY34_time_series_forecasting_for_demand_capacity_and_budget_planning/README.md,AIHE_Canon_V1.0/ch/03/py/PY34_forecasting/README.md
digital-resource-companion/chapters/03/python_analytics/AIHE-PY34_time_series_forecasting_for_demand_capacity_and_budget_planning/data/README.md,AIHE_Canon_V1.0/ch/03/py/PY34_forecasting/data/README.md
digital-resource-companion/chapters/03/python_analytics/AIHE-PY34_time_series_forecasting_for_demand_capacity_and_budget_planning/data/xlsx/34_time_series_forecasting_sample.xlsx,AIHE_Canon_V1.0/ch/03/py/PY34_forecasting/data/xlsx/34_time_series_forecasting_sample.xlsx
digital-resource-companion/chapters/03/python_analytics/AIHE-PY34_time_series_forecasting_for_demand_capacity_and_budget_planning/data/xlsx/34_time_series_forecasting_template.xlsx,AIHE_Canon_V1.0/ch/03/py/PY34_forecasting/data/xlsx/34_time_series_forecasting_template.xlsx
digital-resource-companion/chapters/03/python_analytics/AIHE-PY34_time_series_forecasting_for_demand_capacity_and_budget_planning/environment/environment.yml,AIHE_Canon_V1.0/ch/03/py/PY34_forecasting/environment/environment.yml
digital-resource-companion/chapters/03/python_analytics/AIHE-PY34_time_series_forecasting_for_demand_capacity_and_budget_planning/environment/requirements.txt,AIHE_Canon_V1.0/ch/03/py/PY34_forecasting/environment/requirements.txt
digital-resource-companion/chapters/03/python_analytics/AIHE-PY34_time_series_forecasting_for_demand_capacity_and_budget_planning/metadata.json,AIHE_Canon_V1.0/ch/03/py/PY34_forecasting/metadata.json
digital-resource-companion/chapters/03/python_analytics/AIHE-PY34_time_series_forecasting_for_demand_capacity_and_budget_planning/notebook/34_time_series_forecasting.ipynb,AIHE_Canon_V1.0/ch/03/py/PY34_forecasting/notebook/34_time_series_forecasting.ipynb
digital-resource-companion/chapters/03/python_analytics/AIHE-PY34_time_series_forecasting_for_demand_capacity_and_budget_planning/notebook/COLAB_INSTRUCTIONS.md,AIHE_Canon_V1.0/ch/03/py/PY34_forecasting/notebook/COLAB_INSTRUCTIONS.md
digital-resource-companion/chapters/03/python_analytics/AIHE-PY34_time_series_forecasting_for_demand_capacity_and_budget_planning/notebook/README.md,AIHE_Canon_V1.0/ch/03/py/PY34_forecasting/notebook/README.md
digital-resource-companion/chapters/03/python_analytics/AIHE-PY34_time_series_forecasting_for_demand_capacity_and_budget_planning/outputs/example/forecast.csv,AIHE_Canon_V1.0/ch/03/py/PY34_forecasting/outputs/example/forecast.csv
digital-resource-companion/chapters/03/python_analytics/AIHE-PY34_time_series_forecasting_for_demand_capacity_and_budget_planning/outputs/example/forecast.png,AIHE_Canon_V1.0/ch/03/py/PY34_forecasting/outputs/example/forecast.png
digital-resource-companion/chapters/03/python_analytics/AIHE-PY34_time_series_forecasting_for_demand_capacity_and_budget_planning/outputs/example/summary.json,AIHE_Canon_V1.0/ch/03/py/PY34_forecasting/outputs/example/summary.json
digital-resource-companion/chapters/03/python_analytics/AIHE-PY34_time_series_forecasting_for_demand_capacity_and_budget_planning/outputs/generated/.gitkeep,AIHE_Canon_V1.0/ch/03/py/PY34_forecasting/outputs/generated/.gitkeep
digital-resource-companion/chapters/03/python_analytics/AIHE-PY34_time_series_forecasting_for_demand_capacity_and_budget_planning/python/34_time_series_forecasting.py,AIHE_Canon_V1.0/ch/03/py/PY34_forecasting/python/34_time_series_forecasting.py
digital-resource-companion/chapters/03/python_analytics/AIHE-PY34_time_series_forecasting_for_demand_capacity_and_budget_planning/run_python.bat,AIHE_Canon_V1.0/ch/03/py/PY34_forecasting/run_python.bat
digital-resource-companion/chapters/03/python_analytics/AIHE-PY34_time_series_forecasting_for_demand_capacity_and_budget_planning/run_python.sh,AIHE_Canon_V1.0/ch/03/py/PY34_forecasting/run_python.sh
digital-resource-companion/chapters/03/python_analytics/AIHE-PY34_time_series_forecasting_for_demand_capacity_and_budget_planning/src/aihe_analytics/__init__.py,AIHE_Canon_V1.0/ch/03/py/PY34_forecasting/src/aihe_analytics/__init__.py
digital-resource-companion/chapters/03/python_analytics/AIHE-PY34_time_series_forecasting_for_demand_capacity_and_budget_planning/src/aihe_analytics/io.py,AIHE_Canon_V1.0/ch/03/py/PY34_forecasting/src/aihe_analytics/io.py
digital-resource-companion/chapters/03/python_analytics/AIHE-PY34_time_series_forecasting_for_demand_capacity_and_budget_planning/src/aihe_analytics/module_34_time_series_forecasting.py,AIHE_Canon_V1.0/ch/03/py/PY34_forecasting/src/aihe_analytics/module_34_time_series_forecasting.py
digital-resource-companion/chapters/03/python_analytics/AIHE-PY34_time_series_forecasting_for_demand_capacity_and_budget_planning/src/aihe_analytics/plotting.py,AIHE_Canon_V1.0/ch/03/py/PY34_forecasting/src/aihe_analytics/plotting.py
digital-resource-companion/chapters/03/python_analytics/AIHE-PY35_constrained_resource_allocation_optimization/README.md,AIHE_Canon_V1.0/ch/03/py/PY35_allocation/README.md
digital-resource-companion/chapters/03/python_analytics/AIHE-PY35_constrained_resource_allocation_optimization/data/README.md,AIHE_Canon_V1.0/ch/03/py/PY35_allocation/data/README.md
digital-resource-companion/chapters/03/python_analytics/AIHE-PY35_constrained_resource_allocation_optimization/data/xlsx/35_resource_allocation_optimization_sample.xlsx,AIHE_Canon_V1.0/ch/03/py/PY35_allocation/data/xlsx/35_resource_allocation_optimization_sample.xlsx
digital-resource-companion/chapters/03/python_analytics/AIHE-PY35_constrained_resource_allocation_optimization/data/xlsx/35_resource_allocation_optimization_template.xlsx,AIHE_Canon_V1.0/ch/03/py/PY35_allocation/data/xlsx/35_resource_allocation_optimization_template.xlsx
digital-resource-companion/chapters/03/python_analytics/AIHE-PY35_constrained_resource_allocation_optimization/environment/environment.yml,AIHE_Canon_V1.0/ch/03/py/PY35_allocation/environment/environment.yml
digital-resource-companion/chapters/03/python_analytics/AIHE-PY35_constrained_resource_allocation_optimization/environment/requirements.txt,AIHE_Canon_V1.0/ch/03/py/PY35_allocation/environment/requirements.txt
digital-resource-companion/chapters/03/python_analytics/AIHE-PY35_constrained_resource_allocation_optimization/metadata.json,AIHE_Canon_V1.0/ch/03/py/PY35_allocation/metadata.json
digital-resource-companion/chapters/03/python_analytics/AIHE-PY35_constrained_resource_allocation_optimization/notebook/35_resource_allocation_optimization.ipynb,AIHE_Canon_V1.0/ch/03/py/PY35_allocation/notebook/35_resource_allocation_optimization.ipynb
digital-resource-companion/chapters/03/python_analytics/AIHE-PY35_constrained_resource_allocation_optimization/notebook/COLAB_INSTRUCTIONS.md,AIHE_Canon_V1.0/ch/03/py/PY35_allocation/notebook/COLAB_INSTRUCTIONS.md
digital-resource-companion/chapters/03/python_analytics/AIHE-PY35_constrained_resource_allocation_optimization/notebook/README.md,AIHE_Canon_V1.0/ch/03/py/PY35_allocation/notebook/README.md
digital-resource-companion/chapters/03/python_analytics/AIHE-PY35_constrained_resource_allocation_optimization/outputs/example/optimal_allocation.csv,AIHE_Canon_V1.0/ch/03/py/PY35_allocation/outputs/example/optimal_allocation.csv
digital-resource-companion/chapters/03/python_analytics/AIHE-PY35_constrained_resource_allocation_optimization/outputs/example/optimal_allocation.png,AIHE_Canon_V1.0/ch/03/py/PY35_allocation/outputs/example/optimal_allocation.png
digital-resource-companion/chapters/03/python_analytics/AIHE-PY35_constrained_resource_allocation_optimization/outputs/example/resource_utilization.csv,AIHE_Canon_V1.0/ch/03/py/PY35_allocation/outputs/example/resource_utilization.csv
digital-resource-companion/chapters/03/python_analytics/AIHE-PY35_constrained_resource_allocation_optimization/outputs/example/summary.json,AIHE_Canon_V1.0/ch/03/py/PY35_allocation/outputs/example/summary.json
digital-resource-companion/chapters/03/python_analytics/AIHE-PY35_constrained_resource_allocation_optimization/outputs/generated/.gitkeep,AIHE_Canon_V1.0/ch/03/py/PY35_allocation/outputs/generated/.gitkeep
digital-resource-companion/chapters/03/python_analytics/AIHE-PY35_constrained_resource_allocation_optimization/python/35_resource_allocation_optimization.py,AIHE_Canon_V1.0/ch/03/py/PY35_allocation/python/35_resource_allocation_optimization.py
digital-resource-companion/chapters/03/python_analytics/AIHE-PY35_constrained_resource_allocation_optimization/run_python.bat,AIHE_Canon_V1.0/ch/03/py/PY35_allocation/run_python.bat
digital-resource-companion/chapters/03/python_analytics/AIHE-PY35_constrained_resource_allocation_optimization/run_python.sh,AIHE_Canon_V1.0/ch/03/py/PY35_allocation/run_python.sh
digital-resource-companion/chapters/03/python_analytics/AIHE-PY35_constrained_resource_allocation_optimization/src/aihe_analytics/__init__.py,AIHE_Canon_V1.0/ch/03/py/PY35_allocation/src/aihe_analytics/__init__.py
digital-resource-companion/chapters/03/python_analytics/AIHE-PY35_constrained_resource_allocation_optimization/src/aihe_analytics/io.py,AIHE_Canon_V1.0/ch/03/py/PY35_allocation/src/aihe_analytics/io.py
digital-resource-companion/chapters/03/python_analytics/AIHE-PY35_constrained_resource_allocation_optimization/src/aihe_analytics/module_35_resource_allocation_optimization.py,AIHE_Canon_V1.0/ch/03/py/PY35_allocation/src/aihe_analytics/module_35_resource_allocation_optimization.py
digital-resource-companion/chapters/03/python_analytics/AIHE-PY35_constrained_resource_allocation_optimization/src/aihe_analytics/plotting.py,AIHE_Canon_V1.0/ch/03/py/PY35_allocation/src/aihe_analytics/plotting.py
digital-resource-companion/chapters/04/README.md,AIHE_Canon_V1.0/ch/04/README.md
digital-resource-companion/chapters/04/core/AIHE-B03/README.md,AIHE_Canon_V1.0/ch/04/core/AIHE-B03/README.md
digital-resource-companion/chapters/04/core/AIHE-B03/data/AIHE-B03.schema.json,AIHE_Canon_V1.0/ch/04/core/AIHE-B03/data/AIHE-B03.schema.json
digital-resource-companion/chapters/04/core/AIHE-B03/data/AIHE-B03_blank.csv,AIHE_Canon_V1.0/ch/04/core/AIHE-B03/data/AIHE-B03_blank.csv
digital-resource-companion/chapters/04/core/AIHE-B03/data/AIHE-B03_blank.json,AIHE_Canon_V1.0/ch/04/core/AIHE-B03/data/AIHE-B03_blank.json
digital-resource-companion/chapters/04/core/AIHE-B03/data/AIHE-B03_worked_example.csv,AIHE_Canon_V1.0/ch/04/core/AIHE-B03/data/AIHE-B03_example.csv
digital-resource-companion/chapters/04/core/AIHE-B03/data/AIHE-B03_worked_example.json,AIHE_Canon_V1.0/ch/04/core/AIHE-B03/data/AIHE-B03_example.json
digital-resource-companion/chapters/04/core/AIHE-B03/edit/docx/AIHE-B03_template_and_worked_example.docx,AIHE_Canon_V1.0/ch/04/core/AIHE-B03/edit/docx/AIHE-B03_template_example.docx
digital-resource-companion/chapters/04/core/AIHE-B03/edit/docx/AIHE-B03_template_and_worked_example_V1.0.docx,AIHE_Canon_V1.0/ch/04/core/AIHE-B03/edit/docx/AIHE-B03_template_example_V1.0.docx
digital-resource-companion/chapters/04/core/AIHE-B03/edit/xlsx/AIHE-B03_workbook.xlsx,AIHE_Canon_V1.0/ch/04/core/AIHE-B03/edit/xlsx/AIHE-B03_workbook.xlsx
digital-resource-companion/chapters/04/core/AIHE-B03/edit/xlsx/AIHE-B03_workbook_V1.0.xlsx,AIHE_Canon_V1.0/ch/04/core/AIHE-B03/edit/xlsx/AIHE-B03_workbook_V1.0.xlsx
digital-resource-companion/chapters/04/core/AIHE-B03/flow/PROCESS_FLOW.md,AIHE_Canon_V1.0/ch/04/core/AIHE-B03/flow/PROCESS_FLOW.md
digital-resource-companion/chapters/04/core/AIHE-B03/flow/flowchart.mmd,AIHE_Canon_V1.0/ch/04/core/AIHE-B03/flow/flowchart.mmd
digital-resource-companion/chapters/04/core/AIHE-B03/flow/flowchart.png,AIHE_Canon_V1.0/ch/04/core/AIHE-B03/flow/flowchart.png
digital-resource-companion/chapters/04/core/AIHE-B03/flow/flowchart.svg,AIHE_Canon_V1.0/ch/04/core/AIHE-B03/flow/flowchart.svg
digital-resource-companion/chapters/04/core/AIHE-B03/flow/steps.csv,AIHE_Canon_V1.0/ch/04/core/AIHE-B03/flow/steps.csv
digital-resource-companion/chapters/04/core/AIHE-B03/flow/steps.json,AIHE_Canon_V1.0/ch/04/core/AIHE-B03/flow/steps.json
digital-resource-companion/chapters/04/core/AIHE-B03/metadata.json,AIHE_Canon_V1.0/ch/04/core/AIHE-B03/metadata.json
digital-resource-companion/chapters/04/core/AIHE-B03/supp/AIHE-EX07/README.md,AIHE_Canon_V1.0/ch/04/core/AIHE-B03/supp/AIHE-EX07/README.md
digital-resource-companion/chapters/04/core/AIHE-B03/supp/AIHE-EX07/data/AIHE-EX07_blank.csv,AIHE_Canon_V1.0/ch/04/core/AIHE-B03/supp/AIHE-EX07/data/AIHE-EX07_blank.csv
digital-resource-companion/chapters/04/core/AIHE-B03/supp/AIHE-EX07/docx/AIHE-EX07_template.docx,AIHE_Canon_V1.0/ch/04/core/AIHE-B03/supp/AIHE-EX07/docx/AIHE-EX07_template.docx
digital-resource-companion/chapters/04/core/AIHE-B03/supp/AIHE-EX07/docx/AIHE-EX07_worked_example.docx,AIHE_Canon_V1.0/ch/04/core/AIHE-B03/supp/AIHE-EX07/docx/AIHE-EX07_example.docx
digital-resource-companion/chapters/04/core/AIHE-B03/supp/AIHE-EX07/flow/PROCESS_FLOW.md,AIHE_Canon_V1.0/ch/04/core/AIHE-B03/supp/AIHE-EX07/flow/PROCESS_FLOW.md
digital-resource-companion/chapters/04/core/AIHE-B03/supp/AIHE-EX07/flow/flowchart.mmd,AIHE_Canon_V1.0/ch/04/core/AIHE-B03/supp/AIHE-EX07/flow/flowchart.mmd
digital-resource-companion/chapters/04/core/AIHE-B03/supp/AIHE-EX07/flow/flowchart.png,AIHE_Canon_V1.0/ch/04/core/AIHE-B03/supp/AIHE-EX07/flow/flowchart.png
digital-resource-companion/chapters/04/core/AIHE-B03/supp/AIHE-EX07/flow/flowchart.svg,AIHE_Canon_V1.0/ch/04/core/AIHE-B03/supp/AIHE-EX07/flow/flowchart.svg
digital-resource-companion/chapters/04/core/AIHE-B03/supp/AIHE-EX07/flow/steps.csv,AIHE_Canon_V1.0/ch/04/core/AIHE-B03/supp/AIHE-EX07/flow/steps.csv
digital-resource-companion/chapters/04/core/AIHE-B03/supp/AIHE-EX07/flow/steps.json,AIHE_Canon_V1.0/ch/04/core/AIHE-B03/supp/AIHE-EX07/flow/steps.json
digital-resource-companion/chapters/04/core/AIHE-B03/supp/AIHE-EX07/metadata.json,AIHE_Canon_V1.0/ch/04/core/AIHE-B03/supp/AIHE-EX07/metadata.json
digital-resource-companion/chapters/04/core/AIHE-B03/supp/AIHE-EX07/xlsx/AIHE-EX07_workbook.xlsx,AIHE_Canon_V1.0/ch/04/core/AIHE-B03/supp/AIHE-EX07/xlsx/AIHE-EX07_workbook.xlsx
digital-resource-companion/chapters/04/core/AIHE-B03/supp/AIHE-Z/README.md,AIHE_Canon_V1.0/ch/04/core/AIHE-B03/supp/AIHE-Z/README.md
digital-resource-companion/chapters/04/core/AIHE-B03/supp/AIHE-Z/data/AIHE-Z.schema.json,AIHE_Canon_V1.0/ch/04/core/AIHE-B03/supp/AIHE-Z/data/AIHE-Z.schema.json
digital-resource-companion/chapters/04/core/AIHE-B03/supp/AIHE-Z/data/AIHE-Z_S1_T1_Main_blank.csv,AIHE_Canon_V1.0/ch/04/core/AIHE-B03/supp/AIHE-Z/data/AIHE-Z_S1_T1_Main_blank.csv
digital-resource-companion/chapters/04/core/AIHE-B03/supp/AIHE-Z/data/AIHE-Z_S1_T1_Main_worked_example.csv,AIHE_Canon_V1.0/ch/04/core/AIHE-B03/supp/AIHE-Z/data/AIHE-Z_S1_T1_Main_example.csv
digital-resource-companion/chapters/04/core/AIHE-B03/supp/AIHE-Z/docx/AIHE-Z_template.docx,AIHE_Canon_V1.0/ch/04/core/AIHE-B03/supp/AIHE-Z/docx/AIHE-Z_template.docx
digital-resource-companion/chapters/04/core/AIHE-B03/supp/AIHE-Z/docx/AIHE-Z_worked_example.docx,AIHE_Canon_V1.0/ch/04/core/AIHE-B03/supp/AIHE-Z/docx/AIHE-Z_example.docx
digital-resource-companion/chapters/04/core/AIHE-B03/supp/AIHE-Z/flow/PROCESS_FLOW.md,AIHE_Canon_V1.0/ch/04/core/AIHE-B03/supp/AIHE-Z/flow/PROCESS_FLOW.md
digital-resource-companion/chapters/04/core/AIHE-B03/supp/AIHE-Z/flow/flowchart.mmd,AIHE_Canon_V1.0/ch/04/core/AIHE-B03/supp/AIHE-Z/flow/flowchart.mmd
digital-resource-companion/chapters/04/core/AIHE-B03/supp/AIHE-Z/flow/flowchart.png,AIHE_Canon_V1.0/ch/04/core/AIHE-B03/supp/AIHE-Z/flow/flowchart.png
digital-resource-companion/chapters/04/core/AIHE-B03/supp/AIHE-Z/flow/flowchart.svg,AIHE_Canon_V1.0/ch/04/core/AIHE-B03/supp/AIHE-Z/flow/flowchart.svg
digital-resource-companion/chapters/04/core/AIHE-B03/supp/AIHE-Z/flow/steps.csv,AIHE_Canon_V1.0/ch/04/core/AIHE-B03/supp/AIHE-Z/flow/steps.csv
digital-resource-companion/chapters/04/core/AIHE-B03/supp/AIHE-Z/flow/steps.json,AIHE_Canon_V1.0/ch/04/core/AIHE-B03/supp/AIHE-Z/flow/steps.json
digital-resource-companion/chapters/04/core/AIHE-B03/supp/AIHE-Z/metadata.json,AIHE_Canon_V1.0/ch/04/core/AIHE-B03/supp/AIHE-Z/metadata.json
digital-resource-companion/chapters/04/core/AIHE-B03/supp/AIHE-Z/xlsx/AIHE-Z_workbook.xlsx,AIHE_Canon_V1.0/ch/04/core/AIHE-B03/supp/AIHE-Z/xlsx/AIHE-Z_workbook.xlsx
digital-resource-companion/chapters/04/flow/DECISION_GATES.md,AIHE_Canon_V1.0/ch/04/flow/DECISION_GATES.md
digital-resource-companion/chapters/04/flow/PROCESS_FLOW.md,AIHE_Canon_V1.0/ch/04/flow/PROCESS_FLOW.md
digital-resource-companion/chapters/04/flow/flowchart.mmd,AIHE_Canon_V1.0/ch/04/flow/flowchart.mmd
digital-resource-companion/chapters/04/flow/flowchart.png,AIHE_Canon_V1.0/ch/04/flow/flowchart.png
digital-resource-companion/chapters/04/flow/flowchart.svg,AIHE_Canon_V1.0/ch/04/flow/flowchart.svg
digital-resource-companion/chapters/04/flow/metadata.json,AIHE_Canon_V1.0/ch/04/flow/metadata.json
digital-resource-companion/chapters/04/flow/steps.csv,AIHE_Canon_V1.0/ch/04/flow/steps.csv
digital-resource-companion/chapters/04/flow/steps.json,AIHE_Canon_V1.0/ch/04/flow/steps.json
digital-resource-companion/chapters/04/guides/AIHE-RG03/README.md,AIHE_Canon_V1.0/ch/04/guides/AIHE-RG03/README.md
digital-resource-companion/chapters/04/guides/AIHE-RG03/data/AIHE-RG03_implementation_framework_selection_guide.csv,AIHE_Canon_V1.0/ch/04/guides/AIHE-RG03/data/AIHE-RG03_implementation_framework_selection_guide.csv
digital-resource-companion/chapters/04/guides/AIHE-RG03/data/AIHE-RG03_implementation_framework_selection_guide.md,AIHE_Canon_V1.0/ch/04/guides/AIHE-RG03/data/AIHE-RG03_implementation_framework_selection_guide.md
digital-resource-companion/chapters/04/guides/AIHE-RG03/edit/docx/AIHE-RG03_guide_and_template.docx,AIHE_Canon_V1.0/ch/04/guides/AIHE-RG03/edit/docx/AIHE-RG03_guide_and_template.docx
digital-resource-companion/chapters/04/guides/AIHE-RG03/edit/xlsx/AIHE-RG03_register.xlsx,AIHE_Canon_V1.0/ch/04/guides/AIHE-RG03/edit/xlsx/AIHE-RG03_register.xlsx
digital-resource-companion/chapters/04/guides/AIHE-RG03/flow/PROCESS_FLOW.md,AIHE_Canon_V1.0/ch/04/guides/AIHE-RG03/flow/PROCESS_FLOW.md
digital-resource-companion/chapters/04/guides/AIHE-RG03/flow/steps.csv,AIHE_Canon_V1.0/ch/04/guides/AIHE-RG03/flow/steps.csv
digital-resource-companion/chapters/04/guides/AIHE-RG03/flow/steps.json,AIHE_Canon_V1.0/ch/04/guides/AIHE-RG03/flow/steps.json
digital-resource-companion/chapters/04/guides/AIHE-RG03/metadata.json,AIHE_Canon_V1.0/ch/04/guides/AIHE-RG03/metadata.json
digital-resource-companion/chapters/04/python_analytics/AIHE-PY22_system_dynamics_model_of_adoption_capacity_and_value/README.md,AIHE_Canon_V1.0/ch/04/py/PY22_system_dynamics/README.md
digital-resource-companion/chapters/04/python_analytics/AIHE-PY22_system_dynamics_model_of_adoption_capacity_and_value/data/README.md,AIHE_Canon_V1.0/ch/04/py/PY22_system_dynamics/data/README.md
digital-resource-companion/chapters/04/python_analytics/AIHE-PY22_system_dynamics_model_of_adoption_capacity_and_value/data/xlsx/22_system_dynamics_adoption_capacity_sample.xlsx,AIHE_Canon_V1.0/ch/04/py/PY22_system_dynamics/data/xlsx/22_system_dynamics_adoption_capacity_sample.xlsx
digital-resource-companion/chapters/04/python_analytics/AIHE-PY22_system_dynamics_model_of_adoption_capacity_and_value/data/xlsx/22_system_dynamics_adoption_capacity_template.xlsx,AIHE_Canon_V1.0/ch/04/py/PY22_system_dynamics/data/xlsx/22_system_dynamics_adoption_capacity_template.xlsx
digital-resource-companion/chapters/04/python_analytics/AIHE-PY22_system_dynamics_model_of_adoption_capacity_and_value/environment/environment.yml,AIHE_Canon_V1.0/ch/04/py/PY22_system_dynamics/environment/environment.yml
digital-resource-companion/chapters/04/python_analytics/AIHE-PY22_system_dynamics_model_of_adoption_capacity_and_value/environment/requirements.txt,AIHE_Canon_V1.0/ch/04/py/PY22_system_dynamics/environment/requirements.txt
digital-resource-companion/chapters/04/python_analytics/AIHE-PY22_system_dynamics_model_of_adoption_capacity_and_value/metadata.json,AIHE_Canon_V1.0/ch/04/py/PY22_system_dynamics/metadata.json
digital-resource-companion/chapters/04/python_analytics/AIHE-PY22_system_dynamics_model_of_adoption_capacity_and_value/notebook/22_system_dynamics_adoption_capacity.ipynb,AIHE_Canon_V1.0/ch/04/py/PY22_system_dynamics/notebook/22_system_dynamics_adoption_capacity.ipynb
digital-resource-companion/chapters/04/python_analytics/AIHE-PY22_system_dynamics_model_of_adoption_capacity_and_value/notebook/COLAB_INSTRUCTIONS.md,AIHE_Canon_V1.0/ch/04/py/PY22_system_dynamics/notebook/COLAB_INSTRUCTIONS.md
digital-resource-companion/chapters/04/python_analytics/AIHE-PY22_system_dynamics_model_of_adoption_capacity_and_value/notebook/README.md,AIHE_Canon_V1.0/ch/04/py/PY22_system_dynamics/notebook/README.md
digital-resource-companion/chapters/04/python_analytics/AIHE-PY22_system_dynamics_model_of_adoption_capacity_and_value/outputs/example/adoption_feedback.png,AIHE_Canon_V1.0/ch/04/py/PY22_system_dynamics/outputs/example/adoption_feedback.png
digital-resource-companion/chapters/04/python_analytics/AIHE-PY22_system_dynamics_model_of_adoption_capacity_and_value/outputs/example/capacity_value.png,AIHE_Canon_V1.0/ch/04/py/PY22_system_dynamics/outputs/example/capacity_value.png
digital-resource-companion/chapters/04/python_analytics/AIHE-PY22_system_dynamics_model_of_adoption_capacity_and_value/outputs/example/summary.json,AIHE_Canon_V1.0/ch/04/py/PY22_system_dynamics/outputs/example/summary.json
digital-resource-companion/chapters/04/python_analytics/AIHE-PY22_system_dynamics_model_of_adoption_capacity_and_value/outputs/example/system_dynamics_trajectory.csv,AIHE_Canon_V1.0/ch/04/py/PY22_system_dynamics/outputs/example/system_dynamics_trajectory.csv
digital-resource-companion/chapters/04/python_analytics/AIHE-PY22_system_dynamics_model_of_adoption_capacity_and_value/outputs/generated/.gitkeep,AIHE_Canon_V1.0/ch/04/py/PY22_system_dynamics/outputs/generated/.gitkeep
digital-resource-companion/chapters/04/python_analytics/AIHE-PY22_system_dynamics_model_of_adoption_capacity_and_value/python/22_system_dynamics_adoption_capacity.py,AIHE_Canon_V1.0/ch/04/py/PY22_system_dynamics/python/22_system_dynamics_adoption_capacity.py
digital-resource-companion/chapters/04/python_analytics/AIHE-PY22_system_dynamics_model_of_adoption_capacity_and_value/run_python.bat,AIHE_Canon_V1.0/ch/04/py/PY22_system_dynamics/run_python.bat
digital-resource-companion/chapters/04/python_analytics/AIHE-PY22_system_dynamics_model_of_adoption_capacity_and_value/run_python.sh,AIHE_Canon_V1.0/ch/04/py/PY22_system_dynamics/run_python.sh
digital-resource-companion/chapters/04/python_analytics/AIHE-PY22_system_dynamics_model_of_adoption_capacity_and_value/src/aihe_analytics/__init__.py,AIHE_Canon_V1.0/ch/04/py/PY22_system_dynamics/src/aihe_analytics/__init__.py
digital-resource-companion/chapters/04/python_analytics/AIHE-PY22_system_dynamics_model_of_adoption_capacity_and_value/src/aihe_analytics/io.py,AIHE_Canon_V1.0/ch/04/py/PY22_system_dynamics/src/aihe_analytics/io.py
digital-resource-companion/chapters/04/python_analytics/AIHE-PY22_system_dynamics_model_of_adoption_capacity_and_value/src/aihe_analytics/module_22_system_dynamics_adoption_capacity.py,AIHE_Canon_V1.0/ch/04/py/PY22_system_dynamics/src/aihe_analytics/module_22_system_dynamics_adoption_capacity.py
digital-resource-companion/chapters/04/python_analytics/AIHE-PY22_system_dynamics_model_of_adoption_capacity_and_value/src/aihe_analytics/plotting.py,AIHE_Canon_V1.0/ch/04/py/PY22_system_dynamics/src/aihe_analytics/plotting.py
digital-resource-companion/chapters/04/python_analytics/AIHE-PY23_agent_based_simulation_of_clinician_adoption/README.md,AIHE_Canon_V1.0/ch/04/py/PY23_agent_based/README.md
digital-resource-companion/chapters/04/python_analytics/AIHE-PY23_agent_based_simulation_of_clinician_adoption/data/README.md,AIHE_Canon_V1.0/ch/04/py/PY23_agent_based/data/README.md
digital-resource-companion/chapters/04/python_analytics/AIHE-PY23_agent_based_simulation_of_clinician_adoption/data/xlsx/23_agent_based_clinician_adoption_sample.xlsx,AIHE_Canon_V1.0/ch/04/py/PY23_agent_based/data/xlsx/23_agent_based_clinician_adoption_sample.xlsx
digital-resource-companion/chapters/04/python_analytics/AIHE-PY23_agent_based_simulation_of_clinician_adoption/data/xlsx/23_agent_based_clinician_adoption_template.xlsx,AIHE_Canon_V1.0/ch/04/py/PY23_agent_based/data/xlsx/23_agent_based_clinician_adoption_template.xlsx
digital-resource-companion/chapters/04/python_analytics/AIHE-PY23_agent_based_simulation_of_clinician_adoption/environment/environment.yml,AIHE_Canon_V1.0/ch/04/py/PY23_agent_based/environment/environment.yml
digital-resource-companion/chapters/04/python_analytics/AIHE-PY23_agent_based_simulation_of_clinician_adoption/environment/requirements.txt,AIHE_Canon_V1.0/ch/04/py/PY23_agent_based/environment/requirements.txt
digital-resource-companion/chapters/04/python_analytics/AIHE-PY23_agent_based_simulation_of_clinician_adoption/metadata.json,AIHE_Canon_V1.0/ch/04/py/PY23_agent_based/metadata.json
digital-resource-companion/chapters/04/python_analytics/AIHE-PY23_agent_based_simulation_of_clinician_adoption/notebook/23_agent_based_clinician_adoption.ipynb,AIHE_Canon_V1.0/ch/04/py/PY23_agent_based/notebook/23_agent_based_clinician_adoption.ipynb
digital-resource-companion/chapters/04/python_analytics/AIHE-PY23_agent_based_simulation_of_clinician_adoption/notebook/COLAB_INSTRUCTIONS.md,AIHE_Canon_V1.0/ch/04/py/PY23_agent_based/notebook/COLAB_INSTRUCTIONS.md
digital-resource-companion/chapters/04/python_analytics/AIHE-PY23_agent_based_simulation_of_clinician_adoption/notebook/README.md,AIHE_Canon_V1.0/ch/04/py/PY23_agent_based/notebook/README.md
digital-resource-companion/chapters/04/python_analytics/AIHE-PY23_agent_based_simulation_of_clinician_adoption/outputs/example/adoption_trajectory.csv,AIHE_Canon_V1.0/ch/04/py/PY23_agent_based/outputs/example/adoption_trajectory.csv
digital-resource-companion/chapters/04/python_analytics/AIHE-PY23_agent_based_simulation_of_clinician_adoption/outputs/example/adoption_trajectory.png,AIHE_Canon_V1.0/ch/04/py/PY23_agent_based/outputs/example/adoption_trajectory.png
digital-resource-companion/chapters/04/python_analytics/AIHE-PY23_agent_based_simulation_of_clinician_adoption/outputs/example/agent_history.csv,AIHE_Canon_V1.0/ch/04/py/PY23_agent_based/outputs/example/agent_history.csv
digital-resource-companion/chapters/04/python_analytics/AIHE-PY23_agent_based_simulation_of_clinician_adoption/outputs/example/role_summary.csv,AIHE_Canon_V1.0/ch/04/py/PY23_agent_based/outputs/example/role_summary.csv
digital-resource-companion/chapters/04/python_analytics/AIHE-PY23_agent_based_simulation_of_clinician_adoption/outputs/example/summary.json,AIHE_Canon_V1.0/ch/04/py/PY23_agent_based/outputs/example/summary.json
digital-resource-companion/chapters/04/python_analytics/AIHE-PY23_agent_based_simulation_of_clinician_adoption/outputs/generated/.gitkeep,AIHE_Canon_V1.0/ch/04/py/PY23_agent_based/outputs/generated/.gitkeep
digital-resource-companion/chapters/04/python_analytics/AIHE-PY23_agent_based_simulation_of_clinician_adoption/python/23_agent_based_clinician_adoption.py,AIHE_Canon_V1.0/ch/04/py/PY23_agent_based/python/23_agent_based_clinician_adoption.py
digital-resource-companion/chapters/04/python_analytics/AIHE-PY23_agent_based_simulation_of_clinician_adoption/run_python.bat,AIHE_Canon_V1.0/ch/04/py/PY23_agent_based/run_python.bat
digital-resource-companion/chapters/04/python_analytics/AIHE-PY23_agent_based_simulation_of_clinician_adoption/run_python.sh,AIHE_Canon_V1.0/ch/04/py/PY23_agent_based/run_python.sh
digital-resource-companion/chapters/04/python_analytics/AIHE-PY23_agent_based_simulation_of_clinician_adoption/src/aihe_analytics/__init__.py,AIHE_Canon_V1.0/ch/04/py/PY23_agent_based/src/aihe_analytics/__init__.py
digital-resource-companion/chapters/04/python_analytics/AIHE-PY23_agent_based_simulation_of_clinician_adoption/src/aihe_analytics/io.py,AIHE_Canon_V1.0/ch/04/py/PY23_agent_based/src/aihe_analytics/io.py
digital-resource-companion/chapters/04/python_analytics/AIHE-PY23_agent_based_simulation_of_clinician_adoption/src/aihe_analytics/module_23_agent_based_clinician_adoption.py,AIHE_Canon_V1.0/ch/04/py/PY23_agent_based/src/aihe_analytics/module_23_agent_based_clinician_adoption.py
digital-resource-companion/chapters/04/python_analytics/AIHE-PY23_agent_based_simulation_of_clinician_adoption/src/aihe_analytics/plotting.py,AIHE_Canon_V1.0/ch/04/py/PY23_agent_based/src/aihe_analytics/plotting.py
digital-resource-companion/chapters/04/python_analytics/AIHE-PY28_workflow_time_capacity_productivity_and_benefit_realization/README.md,AIHE_Canon_V1.0/ch/04/py/PY28_productivity/README.md
digital-resource-companion/chapters/04/python_analytics/AIHE-PY28_workflow_time_capacity_productivity_and_benefit_realization/data/README.md,AIHE_Canon_V1.0/ch/04/py/PY28_productivity/data/README.md
digital-resource-companion/chapters/04/python_analytics/AIHE-PY28_workflow_time_capacity_productivity_and_benefit_realization/data/xlsx/28_workflow_productivity_sample.xlsx,AIHE_Canon_V1.0/ch/04/py/PY28_productivity/data/xlsx/28_workflow_productivity_sample.xlsx
digital-resource-companion/chapters/04/python_analytics/AIHE-PY28_workflow_time_capacity_productivity_and_benefit_realization/data/xlsx/28_workflow_productivity_template.xlsx,AIHE_Canon_V1.0/ch/04/py/PY28_productivity/data/xlsx/28_workflow_productivity_template.xlsx
digital-resource-companion/chapters/04/python_analytics/AIHE-PY28_workflow_time_capacity_productivity_and_benefit_realization/environment/environment.yml,AIHE_Canon_V1.0/ch/04/py/PY28_productivity/environment/environment.yml
digital-resource-companion/chapters/04/python_analytics/AIHE-PY28_workflow_time_capacity_productivity_and_benefit_realization/environment/requirements.txt,AIHE_Canon_V1.0/ch/04/py/PY28_productivity/environment/requirements.txt
digital-resource-companion/chapters/04/python_analytics/AIHE-PY28_workflow_time_capacity_productivity_and_benefit_realization/metadata.json,AIHE_Canon_V1.0/ch/04/py/PY28_productivity/metadata.json
digital-resource-companion/chapters/04/python_analytics/AIHE-PY28_workflow_time_capacity_productivity_and_benefit_realization/notebook/28_workflow_productivity.ipynb,AIHE_Canon_V1.0/ch/04/py/PY28_productivity/notebook/28_workflow_productivity.ipynb
digital-resource-companion/chapters/04/python_analytics/AIHE-PY28_workflow_time_capacity_productivity_and_benefit_realization/notebook/COLAB_INSTRUCTIONS.md,AIHE_Canon_V1.0/ch/04/py/PY28_productivity/notebook/COLAB_INSTRUCTIONS.md
digital-resource-companion/chapters/04/python_analytics/AIHE-PY28_workflow_time_capacity_productivity_and_benefit_realization/notebook/README.md,AIHE_Canon_V1.0/ch/04/py/PY28_productivity/notebook/README.md
digital-resource-companion/chapters/04/python_analytics/AIHE-PY28_workflow_time_capacity_productivity_and_benefit_realization/outputs/example/gross_vs_net_time_saving.png,AIHE_Canon_V1.0/ch/04/py/PY28_productivity/outputs/example/gross_vs_net_time_saving.png
digital-resource-companion/chapters/04/python_analytics/AIHE-PY28_workflow_time_capacity_productivity_and_benefit_realization/outputs/example/summary.json,AIHE_Canon_V1.0/ch/04/py/PY28_productivity/outputs/example/summary.json
digital-resource-companion/chapters/04/python_analytics/AIHE-PY28_workflow_time_capacity_productivity_and_benefit_realization/outputs/example/workflow_productivity_results.csv,AIHE_Canon_V1.0/ch/04/py/PY28_productivity/outputs/example/workflow_productivity_results.csv
digital-resource-companion/chapters/04/python_analytics/AIHE-PY28_workflow_time_capacity_productivity_and_benefit_realization/outputs/generated/.gitkeep,AIHE_Canon_V1.0/ch/04/py/PY28_productivity/outputs/generated/.gitkeep
digital-resource-companion/chapters/04/python_analytics/AIHE-PY28_workflow_time_capacity_productivity_and_benefit_realization/python/28_workflow_productivity.py,AIHE_Canon_V1.0/ch/04/py/PY28_productivity/python/28_workflow_productivity.py
digital-resource-companion/chapters/04/python_analytics/AIHE-PY28_workflow_time_capacity_productivity_and_benefit_realization/run_python.bat,AIHE_Canon_V1.0/ch/04/py/PY28_productivity/run_python.bat
digital-resource-companion/chapters/04/python_analytics/AIHE-PY28_workflow_time_capacity_productivity_and_benefit_realization/run_python.sh,AIHE_Canon_V1.0/ch/04/py/PY28_productivity/run_python.sh
digital-resource-companion/chapters/04/python_analytics/AIHE-PY28_workflow_time_capacity_productivity_and_benefit_realization/src/aihe_analytics/__init__.py,AIHE_Canon_V1.0/ch/04/py/PY28_productivity/src/aihe_analytics/__init__.py
digital-resource-companion/chapters/04/python_analytics/AIHE-PY28_workflow_time_capacity_productivity_and_benefit_realization/src/aihe_analytics/io.py,AIHE_Canon_V1.0/ch/04/py/PY28_productivity/src/aihe_analytics/io.py
digital-resource-companion/chapters/04/python_analytics/AIHE-PY28_workflow_time_capacity_productivity_and_benefit_realization/src/aihe_analytics/module_28_workflow_productivity.py,AIHE_Canon_V1.0/ch/04/py/PY28_productivity/src/aihe_analytics/module_28_workflow_productivity.py
digital-resource-companion/chapters/04/python_analytics/AIHE-PY28_workflow_time_capacity_productivity_and_benefit_realization/src/aihe_analytics/plotting.py,AIHE_Canon_V1.0/ch/04/py/PY28_productivity/src/aihe_analytics/plotting.py
digital-resource-companion/chapters/05/README.md,AIHE_Canon_V1.0/ch/05/README.md
digital-resource-companion/chapters/05/core/AIHE-C01/README.md,AIHE_Canon_V1.0/ch/05/core/AIHE-C01/README.md
digital-resource-companion/chapters/05/core/AIHE-C01/data/AIHE-C01.schema.json,AIHE_Canon_V1.0/ch/05/core/AIHE-C01/data/AIHE-C01.schema.json
digital-resource-companion/chapters/05/core/AIHE-C01/data/AIHE-C01_blank.csv,AIHE_Canon_V1.0/ch/05/core/AIHE-C01/data/AIHE-C01_blank.csv
digital-resource-companion/chapters/05/core/AIHE-C01/data/AIHE-C01_blank.json,AIHE_Canon_V1.0/ch/05/core/AIHE-C01/data/AIHE-C01_blank.json
digital-resource-companion/chapters/05/core/AIHE-C01/data/AIHE-C01_worked_example.csv,AIHE_Canon_V1.0/ch/05/core/AIHE-C01/data/AIHE-C01_example.csv
digital-resource-companion/chapters/05/core/AIHE-C01/data/AIHE-C01_worked_example.json,AIHE_Canon_V1.0/ch/05/core/AIHE-C01/data/AIHE-C01_example.json
digital-resource-companion/chapters/05/core/AIHE-C01/edit/docx/AIHE-C01_template_and_worked_example.docx,AIHE_Canon_V1.0/ch/05/core/AIHE-C01/edit/docx/AIHE-C01_template_example.docx
digital-resource-companion/chapters/05/core/AIHE-C01/edit/docx/AIHE-C01_template_and_worked_example_V1.0.docx,AIHE_Canon_V1.0/ch/05/core/AIHE-C01/edit/docx/AIHE-C01_template_example_V1.0.docx
digital-resource-companion/chapters/05/core/AIHE-C01/edit/xlsx/AIHE-C01_workbook.xlsx,AIHE_Canon_V1.0/ch/05/core/AIHE-C01/edit/xlsx/AIHE-C01_workbook.xlsx
digital-resource-companion/chapters/05/core/AIHE-C01/edit/xlsx/AIHE-C01_workbook_V1.0.xlsx,AIHE_Canon_V1.0/ch/05/core/AIHE-C01/edit/xlsx/AIHE-C01_workbook_V1.0.xlsx
digital-resource-companion/chapters/05/core/AIHE-C01/flow/PROCESS_FLOW.md,AIHE_Canon_V1.0/ch/05/core/AIHE-C01/flow/PROCESS_FLOW.md
digital-resource-companion/chapters/05/core/AIHE-C01/flow/flowchart.mmd,AIHE_Canon_V1.0/ch/05/core/AIHE-C01/flow/flowchart.mmd
digital-resource-companion/chapters/05/core/AIHE-C01/flow/flowchart.png,AIHE_Canon_V1.0/ch/05/core/AIHE-C01/flow/flowchart.png
digital-resource-companion/chapters/05/core/AIHE-C01/flow/flowchart.svg,AIHE_Canon_V1.0/ch/05/core/AIHE-C01/flow/flowchart.svg
digital-resource-companion/chapters/05/core/AIHE-C01/flow/steps.csv,AIHE_Canon_V1.0/ch/05/core/AIHE-C01/flow/steps.csv
digital-resource-companion/chapters/05/core/AIHE-C01/flow/steps.json,AIHE_Canon_V1.0/ch/05/core/AIHE-C01/flow/steps.json
digital-resource-companion/chapters/05/core/AIHE-C01/metadata.json,AIHE_Canon_V1.0/ch/05/core/AIHE-C01/metadata.json
digital-resource-companion/chapters/05/core/AIHE-C01/supp/AIHE-I/README.md,AIHE_Canon_V1.0/ch/05/core/AIHE-C01/supp/AIHE-I/README.md
digital-resource-companion/chapters/05/core/AIHE-C01/supp/AIHE-I/data/AIHE-I.schema.json,AIHE_Canon_V1.0/ch/05/core/AIHE-C01/supp/AIHE-I/data/AIHE-I.schema.json
digital-resource-companion/chapters/05/core/AIHE-C01/supp/AIHE-I/data/AIHE-I_S1_T1_Main_blank.csv,AIHE_Canon_V1.0/ch/05/core/AIHE-C01/supp/AIHE-I/data/AIHE-I_S1_T1_Main_blank.csv
digital-resource-companion/chapters/05/core/AIHE-C01/supp/AIHE-I/docx/AIHE-I_template.docx,AIHE_Canon_V1.0/ch/05/core/AIHE-C01/supp/AIHE-I/docx/AIHE-I_template.docx
digital-resource-companion/chapters/05/core/AIHE-C01/supp/AIHE-I/docx/AIHE-I_worked_example.docx,AIHE_Canon_V1.0/ch/05/core/AIHE-C01/supp/AIHE-I/docx/AIHE-I_example.docx
digital-resource-companion/chapters/05/core/AIHE-C01/supp/AIHE-I/flow/PROCESS_FLOW.md,AIHE_Canon_V1.0/ch/05/core/AIHE-C01/supp/AIHE-I/flow/PROCESS_FLOW.md
digital-resource-companion/chapters/05/core/AIHE-C01/supp/AIHE-I/flow/flowchart.mmd,AIHE_Canon_V1.0/ch/05/core/AIHE-C01/supp/AIHE-I/flow/flowchart.mmd
digital-resource-companion/chapters/05/core/AIHE-C01/supp/AIHE-I/flow/flowchart.png,AIHE_Canon_V1.0/ch/05/core/AIHE-C01/supp/AIHE-I/flow/flowchart.png
digital-resource-companion/chapters/05/core/AIHE-C01/supp/AIHE-I/flow/flowchart.svg,AIHE_Canon_V1.0/ch/05/core/AIHE-C01/supp/AIHE-I/flow/flowchart.svg
digital-resource-companion/chapters/05/core/AIHE-C01/supp/AIHE-I/flow/steps.csv,AIHE_Canon_V1.0/ch/05/core/AIHE-C01/supp/AIHE-I/flow/steps.csv
digital-resource-companion/chapters/05/core/AIHE-C01/supp/AIHE-I/flow/steps.json,AIHE_Canon_V1.0/ch/05/core/AIHE-C01/supp/AIHE-I/flow/steps.json
digital-resource-companion/chapters/05/core/AIHE-C01/supp/AIHE-I/metadata.json,AIHE_Canon_V1.0/ch/05/core/AIHE-C01/supp/AIHE-I/metadata.json
digital-resource-companion/chapters/05/core/AIHE-C01/supp/AIHE-I/xlsx/AIHE-I_workbook.xlsx,AIHE_Canon_V1.0/ch/05/core/AIHE-C01/supp/AIHE-I/xlsx/AIHE-I_workbook.xlsx
digital-resource-companion/chapters/05/core/AIHE-C02/README.md,AIHE_Canon_V1.0/ch/05/core/AIHE-C02/README.md
digital-resource-companion/chapters/05/core/AIHE-C02/data/AIHE-C02.schema.json,AIHE_Canon_V1.0/ch/05/core/AIHE-C02/data/AIHE-C02.schema.json
digital-resource-companion/chapters/05/core/AIHE-C02/data/AIHE-C02_blank.csv,AIHE_Canon_V1.0/ch/05/core/AIHE-C02/data/AIHE-C02_blank.csv
digital-resource-companion/chapters/05/core/AIHE-C02/data/AIHE-C02_blank.json,AIHE_Canon_V1.0/ch/05/core/AIHE-C02/data/AIHE-C02_blank.json
digital-resource-companion/chapters/05/core/AIHE-C02/data/AIHE-C02_worked_example.csv,AIHE_Canon_V1.0/ch/05/core/AIHE-C02/data/AIHE-C02_example.csv
digital-resource-companion/chapters/05/core/AIHE-C02/data/AIHE-C02_worked_example.json,AIHE_Canon_V1.0/ch/05/core/AIHE-C02/data/AIHE-C02_example.json
digital-resource-companion/chapters/05/core/AIHE-C02/edit/docx/AIHE-C02_template_and_worked_example.docx,AIHE_Canon_V1.0/ch/05/core/AIHE-C02/edit/docx/AIHE-C02_template_example.docx
digital-resource-companion/chapters/05/core/AIHE-C02/edit/docx/AIHE-C02_template_and_worked_example_V1.0.docx,AIHE_Canon_V1.0/ch/05/core/AIHE-C02/edit/docx/AIHE-C02_template_example_V1.0.docx
digital-resource-companion/chapters/05/core/AIHE-C02/edit/xlsx/AIHE-C02_workbook.xlsx,AIHE_Canon_V1.0/ch/05/core/AIHE-C02/edit/xlsx/AIHE-C02_workbook.xlsx
digital-resource-companion/chapters/05/core/AIHE-C02/edit/xlsx/AIHE-C02_workbook_V1.0.xlsx,AIHE_Canon_V1.0/ch/05/core/AIHE-C02/edit/xlsx/AIHE-C02_workbook_V1.0.xlsx
digital-resource-companion/chapters/05/core/AIHE-C02/flow/PROCESS_FLOW.md,AIHE_Canon_V1.0/ch/05/core/AIHE-C02/flow/PROCESS_FLOW.md
digital-resource-companion/chapters/05/core/AIHE-C02/flow/flowchart.mmd,AIHE_Canon_V1.0/ch/05/core/AIHE-C02/flow/flowchart.mmd
digital-resource-companion/chapters/05/core/AIHE-C02/flow/flowchart.png,AIHE_Canon_V1.0/ch/05/core/AIHE-C02/flow/flowchart.png
digital-resource-companion/chapters/05/core/AIHE-C02/flow/flowchart.svg,AIHE_Canon_V1.0/ch/05/core/AIHE-C02/flow/flowchart.svg
digital-resource-companion/chapters/05/core/AIHE-C02/flow/steps.csv,AIHE_Canon_V1.0/ch/05/core/AIHE-C02/flow/steps.csv
digital-resource-companion/chapters/05/core/AIHE-C02/flow/steps.json,AIHE_Canon_V1.0/ch/05/core/AIHE-C02/flow/steps.json
digital-resource-companion/chapters/05/core/AIHE-C02/metadata.json,AIHE_Canon_V1.0/ch/05/core/AIHE-C02/metadata.json
digital-resource-companion/chapters/05/flow/DECISION_GATES.md,AIHE_Canon_V1.0/ch/05/flow/DECISION_GATES.md
digital-resource-companion/chapters/05/flow/PROCESS_FLOW.md,AIHE_Canon_V1.0/ch/05/flow/PROCESS_FLOW.md
digital-resource-companion/chapters/05/flow/flowchart.mmd,AIHE_Canon_V1.0/ch/05/flow/flowchart.mmd
digital-resource-companion/chapters/05/flow/flowchart.png,AIHE_Canon_V1.0/ch/05/flow/flowchart.png
digital-resource-companion/chapters/05/flow/flowchart.svg,AIHE_Canon_V1.0/ch/05/flow/flowchart.svg
digital-resource-companion/chapters/05/flow/metadata.json,AIHE_Canon_V1.0/ch/05/flow/metadata.json
digital-resource-companion/chapters/05/flow/steps.csv,AIHE_Canon_V1.0/ch/05/flow/steps.csv
digital-resource-companion/chapters/05/flow/steps.json,AIHE_Canon_V1.0/ch/05/flow/steps.json
digital-resource-companion/chapters/05/python_analytics/AIHE-PY02_descriptive_statistics_and_visual_comparisons/README.md,AIHE_Canon_V1.0/ch/05/py/PY02_descriptive/README.md
digital-resource-companion/chapters/05/python_analytics/AIHE-PY02_descriptive_statistics_and_visual_comparisons/data/README.md,AIHE_Canon_V1.0/ch/05/py/PY02_descriptive/data/README.md
digital-resource-companion/chapters/05/python_analytics/AIHE-PY02_descriptive_statistics_and_visual_comparisons/data/xlsx/02_descriptive_statistics_and_visuals_sample.xlsx,AIHE_Canon_V1.0/ch/05/py/PY02_descriptive/data/xlsx/02_descriptive_statistics_and_visuals_sample.xlsx
digital-resource-companion/chapters/05/python_analytics/AIHE-PY02_descriptive_statistics_and_visual_comparisons/data/xlsx/02_descriptive_statistics_and_visuals_template.xlsx,AIHE_Canon_V1.0/ch/05/py/PY02_descriptive/data/xlsx/02_descriptive_statistics_and_visuals_template.xlsx
digital-resource-companion/chapters/05/python_analytics/AIHE-PY02_descriptive_statistics_and_visual_comparisons/environment/environment.yml,AIHE_Canon_V1.0/ch/05/py/PY02_descriptive/environment/environment.yml
digital-resource-companion/chapters/05/python_analytics/AIHE-PY02_descriptive_statistics_and_visual_comparisons/environment/requirements.txt,AIHE_Canon_V1.0/ch/05/py/PY02_descriptive/environment/requirements.txt
digital-resource-companion/chapters/05/python_analytics/AIHE-PY02_descriptive_statistics_and_visual_comparisons/metadata.json,AIHE_Canon_V1.0/ch/05/py/PY02_descriptive/metadata.json
digital-resource-companion/chapters/05/python_analytics/AIHE-PY02_descriptive_statistics_and_visual_comparisons/notebook/02_descriptive_statistics_and_visuals.ipynb,AIHE_Canon_V1.0/ch/05/py/PY02_descriptive/notebook/02_descriptive_statistics_and_visuals.ipynb
digital-resource-companion/chapters/05/python_analytics/AIHE-PY02_descriptive_statistics_and_visual_comparisons/notebook/COLAB_INSTRUCTIONS.md,AIHE_Canon_V1.0/ch/05/py/PY02_descriptive/notebook/COLAB_INSTRUCTIONS.md
digital-resource-companion/chapters/05/python_analytics/AIHE-PY02_descriptive_statistics_and_visual_comparisons/notebook/README.md,AIHE_Canon_V1.0/ch/05/py/PY02_descriptive/notebook/README.md
digital-resource-companion/chapters/05/python_analytics/AIHE-PY02_descriptive_statistics_and_visual_comparisons/outputs/example/correlation_heatmap.png,AIHE_Canon_V1.0/ch/05/py/PY02_descriptive/outputs/example/correlation_heatmap.png
digital-resource-companion/chapters/05/python_analytics/AIHE-PY02_descriptive_statistics_and_visual_comparisons/outputs/example/correlation_matrix.csv,AIHE_Canon_V1.0/ch/05/py/PY02_descriptive/outputs/example/correlation_matrix.csv
digital-resource-companion/chapters/05/python_analytics/AIHE-PY02_descriptive_statistics_and_visual_comparisons/outputs/example/group_descriptive_statistics.csv,AIHE_Canon_V1.0/ch/05/py/PY02_descriptive/outputs/example/group_descriptive_statistics.csv
digital-resource-companion/chapters/05/python_analytics/AIHE-PY02_descriptive_statistics_and_visual_comparisons/outputs/example/mean_cost_by_group.png,AIHE_Canon_V1.0/ch/05/py/PY02_descriptive/outputs/example/mean_cost_by_group.png
digital-resource-companion/chapters/05/python_analytics/AIHE-PY02_descriptive_statistics_and_visual_comparisons/outputs/example/overall_descriptive_statistics.csv,AIHE_Canon_V1.0/ch/05/py/PY02_descriptive/outputs/example/overall_descriptive_statistics.csv
digital-resource-companion/chapters/05/python_analytics/AIHE-PY02_descriptive_statistics_and_visual_comparisons/outputs/example/summary.json,AIHE_Canon_V1.0/ch/05/py/PY02_descriptive/outputs/example/summary.json
digital-resource-companion/chapters/05/python_analytics/AIHE-PY02_descriptive_statistics_and_visual_comparisons/outputs/example/wait_time_histogram.png,AIHE_Canon_V1.0/ch/05/py/PY02_descriptive/outputs/example/wait_time_histogram.png
digital-resource-companion/chapters/05/python_analytics/AIHE-PY02_descriptive_statistics_and_visual_comparisons/outputs/generated/.gitkeep,AIHE_Canon_V1.0/ch/05/py/PY02_descriptive/outputs/generated/.gitkeep
digital-resource-companion/chapters/05/python_analytics/AIHE-PY02_descriptive_statistics_and_visual_comparisons/python/02_descriptive_statistics_and_visuals.py,AIHE_Canon_V1.0/ch/05/py/PY02_descriptive/python/02_descriptive_statistics_and_visuals.py
digital-resource-companion/chapters/05/python_analytics/AIHE-PY02_descriptive_statistics_and_visual_comparisons/run_python.bat,AIHE_Canon_V1.0/ch/05/py/PY02_descriptive/run_python.bat
digital-resource-companion/chapters/05/python_analytics/AIHE-PY02_descriptive_statistics_and_visual_comparisons/run_python.sh,AIHE_Canon_V1.0/ch/05/py/PY02_descriptive/run_python.sh
digital-resource-companion/chapters/05/python_analytics/AIHE-PY02_descriptive_statistics_and_visual_comparisons/src/aihe_analytics/__init__.py,AIHE_Canon_V1.0/ch/05/py/PY02_descriptive/src/aihe_analytics/__init__.py
digital-resource-companion/chapters/05/python_analytics/AIHE-PY02_descriptive_statistics_and_visual_comparisons/src/aihe_analytics/io.py,AIHE_Canon_V1.0/ch/05/py/PY02_descriptive/src/aihe_analytics/io.py
digital-resource-companion/chapters/05/python_analytics/AIHE-PY02_descriptive_statistics_and_visual_comparisons/src/aihe_analytics/module_02_descriptive_statistics_and_visuals.py,AIHE_Canon_V1.0/ch/05/py/PY02_descriptive/src/aihe_analytics/module_02_descriptive_statistics_and_visuals.py
digital-resource-companion/chapters/05/python_analytics/AIHE-PY02_descriptive_statistics_and_visual_comparisons/src/aihe_analytics/plotting.py,AIHE_Canon_V1.0/ch/05/py/PY02_descriptive/src/aihe_analytics/plotting.py
digital-resource-companion/chapters/06/README.md,AIHE_Canon_V1.0/ch/06/README.md
digital-resource-companion/chapters/06/core/AIHE-B01/README.md,AIHE_Canon_V1.0/ch/06/core/AIHE-B01/README.md
digital-resource-companion/chapters/06/core/AIHE-B01/data/AIHE-B01.schema.json,AIHE_Canon_V1.0/ch/06/core/AIHE-B01/data/AIHE-B01.schema.json
digital-resource-companion/chapters/06/core/AIHE-B01/data/AIHE-B01_blank.csv,AIHE_Canon_V1.0/ch/06/core/AIHE-B01/data/AIHE-B01_blank.csv
digital-resource-companion/chapters/06/core/AIHE-B01/data/AIHE-B01_blank.json,AIHE_Canon_V1.0/ch/06/core/AIHE-B01/data/AIHE-B01_blank.json
digital-resource-companion/chapters/06/core/AIHE-B01/data/AIHE-B01_worked_example.csv,AIHE_Canon_V1.0/ch/06/core/AIHE-B01/data/AIHE-B01_example.csv
digital-resource-companion/chapters/06/core/AIHE-B01/data/AIHE-B01_worked_example.json,AIHE_Canon_V1.0/ch/06/core/AIHE-B01/data/AIHE-B01_example.json
digital-resource-companion/chapters/06/core/AIHE-B01/edit/docx/AIHE-B01_template_and_worked_example.docx,AIHE_Canon_V1.0/ch/06/core/AIHE-B01/edit/docx/AIHE-B01_template_example.docx
digital-resource-companion/chapters/06/core/AIHE-B01/edit/docx/AIHE-B01_template_and_worked_example_V1.0.docx,AIHE_Canon_V1.0/ch/06/core/AIHE-B01/edit/docx/AIHE-B01_template_example_V1.0.docx
digital-resource-companion/chapters/06/core/AIHE-B01/edit/xlsx/AIHE-B01_workbook.xlsx,AIHE_Canon_V1.0/ch/06/core/AIHE-B01/edit/xlsx/AIHE-B01_workbook.xlsx
digital-resource-companion/chapters/06/core/AIHE-B01/edit/xlsx/AIHE-B01_workbook_V1.0.xlsx,AIHE_Canon_V1.0/ch/06/core/AIHE-B01/edit/xlsx/AIHE-B01_workbook_V1.0.xlsx
digital-resource-companion/chapters/06/core/AIHE-B01/flow/PROCESS_FLOW.md,AIHE_Canon_V1.0/ch/06/core/AIHE-B01/flow/PROCESS_FLOW.md
digital-resource-companion/chapters/06/core/AIHE-B01/flow/flowchart.mmd,AIHE_Canon_V1.0/ch/06/core/AIHE-B01/flow/flowchart.mmd
digital-resource-companion/chapters/06/core/AIHE-B01/flow/flowchart.png,AIHE_Canon_V1.0/ch/06/core/AIHE-B01/flow/flowchart.png
digital-resource-companion/chapters/06/core/AIHE-B01/flow/flowchart.svg,AIHE_Canon_V1.0/ch/06/core/AIHE-B01/flow/flowchart.svg
digital-resource-companion/chapters/06/core/AIHE-B01/flow/steps.csv,AIHE_Canon_V1.0/ch/06/core/AIHE-B01/flow/steps.csv
digital-resource-companion/chapters/06/core/AIHE-B01/flow/steps.json,AIHE_Canon_V1.0/ch/06/core/AIHE-B01/flow/steps.json
digital-resource-companion/chapters/06/core/AIHE-B01/metadata.json,AIHE_Canon_V1.0/ch/06/core/AIHE-B01/metadata.json
digital-resource-companion/chapters/06/core/AIHE-B01/supp/AIHE-B/README.md,AIHE_Canon_V1.0/ch/06/core/AIHE-B01/supp/AIHE-B/README.md
digital-resource-companion/chapters/06/core/AIHE-B01/supp/AIHE-B/data/AIHE-B.schema.json,AIHE_Canon_V1.0/ch/06/core/AIHE-B01/supp/AIHE-B/data/AIHE-B.schema.json
digital-resource-companion/chapters/06/core/AIHE-B01/supp/AIHE-B/data/AIHE-B_S1_T1_Main_blank.csv,AIHE_Canon_V1.0/ch/06/core/AIHE-B01/supp/AIHE-B/data/AIHE-B_S1_T1_Main_blank.csv
digital-resource-companion/chapters/06/core/AIHE-B01/supp/AIHE-B/data/AIHE-B_S1_T1_Main_worked_example.csv,AIHE_Canon_V1.0/ch/06/core/AIHE-B01/supp/AIHE-B/data/AIHE-B_S1_T1_Main_example.csv
digital-resource-companion/chapters/06/core/AIHE-B01/supp/AIHE-B/docx/AIHE-B_template.docx,AIHE_Canon_V1.0/ch/06/core/AIHE-B01/supp/AIHE-B/docx/AIHE-B_template.docx
digital-resource-companion/chapters/06/core/AIHE-B01/supp/AIHE-B/docx/AIHE-B_worked_example.docx,AIHE_Canon_V1.0/ch/06/core/AIHE-B01/supp/AIHE-B/docx/AIHE-B_example.docx
digital-resource-companion/chapters/06/core/AIHE-B01/supp/AIHE-B/flow/PROCESS_FLOW.md,AIHE_Canon_V1.0/ch/06/core/AIHE-B01/supp/AIHE-B/flow/PROCESS_FLOW.md
digital-resource-companion/chapters/06/core/AIHE-B01/supp/AIHE-B/flow/flowchart.mmd,AIHE_Canon_V1.0/ch/06/core/AIHE-B01/supp/AIHE-B/flow/flowchart.mmd
digital-resource-companion/chapters/06/core/AIHE-B01/supp/AIHE-B/flow/flowchart.png,AIHE_Canon_V1.0/ch/06/core/AIHE-B01/supp/AIHE-B/flow/flowchart.png
digital-resource-companion/chapters/06/core/AIHE-B01/supp/AIHE-B/flow/flowchart.svg,AIHE_Canon_V1.0/ch/06/core/AIHE-B01/supp/AIHE-B/flow/flowchart.svg
digital-resource-companion/chapters/06/core/AIHE-B01/supp/AIHE-B/flow/steps.csv,AIHE_Canon_V1.0/ch/06/core/AIHE-B01/supp/AIHE-B/flow/steps.csv
digital-resource-companion/chapters/06/core/AIHE-B01/supp/AIHE-B/flow/steps.json,AIHE_Canon_V1.0/ch/06/core/AIHE-B01/supp/AIHE-B/flow/steps.json
digital-resource-companion/chapters/06/core/AIHE-B01/supp/AIHE-B/metadata.json,AIHE_Canon_V1.0/ch/06/core/AIHE-B01/supp/AIHE-B/metadata.json
digital-resource-companion/chapters/06/core/AIHE-B01/supp/AIHE-B/xlsx/AIHE-B_workbook.xlsx,AIHE_Canon_V1.0/ch/06/core/AIHE-B01/supp/AIHE-B/xlsx/AIHE-B_workbook.xlsx
digital-resource-companion/chapters/06/core/AIHE-B02/README.md,AIHE_Canon_V1.0/ch/06/core/AIHE-B02/README.md
digital-resource-companion/chapters/06/core/AIHE-B02/data/AIHE-B02.schema.json,AIHE_Canon_V1.0/ch/06/core/AIHE-B02/data/AIHE-B02.schema.json
digital-resource-companion/chapters/06/core/AIHE-B02/data/AIHE-B02_blank.csv,AIHE_Canon_V1.0/ch/06/core/AIHE-B02/data/AIHE-B02_blank.csv
digital-resource-companion/chapters/06/core/AIHE-B02/data/AIHE-B02_blank.json,AIHE_Canon_V1.0/ch/06/core/AIHE-B02/data/AIHE-B02_blank.json
digital-resource-companion/chapters/06/core/AIHE-B02/data/AIHE-B02_worked_example.csv,AIHE_Canon_V1.0/ch/06/core/AIHE-B02/data/AIHE-B02_example.csv
digital-resource-companion/chapters/06/core/AIHE-B02/data/AIHE-B02_worked_example.json,AIHE_Canon_V1.0/ch/06/core/AIHE-B02/data/AIHE-B02_example.json
digital-resource-companion/chapters/06/core/AIHE-B02/edit/docx/AIHE-B02_template_and_worked_example.docx,AIHE_Canon_V1.0/ch/06/core/AIHE-B02/edit/docx/AIHE-B02_template_example.docx
digital-resource-companion/chapters/06/core/AIHE-B02/edit/docx/AIHE-B02_template_and_worked_example_V1.0.docx,AIHE_Canon_V1.0/ch/06/core/AIHE-B02/edit/docx/AIHE-B02_template_example_V1.0.docx
digital-resource-companion/chapters/06/core/AIHE-B02/edit/xlsx/AIHE-B02_workbook.xlsx,AIHE_Canon_V1.0/ch/06/core/AIHE-B02/edit/xlsx/AIHE-B02_workbook.xlsx
digital-resource-companion/chapters/06/core/AIHE-B02/edit/xlsx/AIHE-B02_workbook_V1.0.xlsx,AIHE_Canon_V1.0/ch/06/core/AIHE-B02/edit/xlsx/AIHE-B02_workbook_V1.0.xlsx
digital-resource-companion/chapters/06/core/AIHE-B02/flow/PROCESS_FLOW.md,AIHE_Canon_V1.0/ch/06/core/AIHE-B02/flow/PROCESS_FLOW.md
digital-resource-companion/chapters/06/core/AIHE-B02/flow/flowchart.mmd,AIHE_Canon_V1.0/ch/06/core/AIHE-B02/flow/flowchart.mmd
digital-resource-companion/chapters/06/core/AIHE-B02/flow/flowchart.png,AIHE_Canon_V1.0/ch/06/core/AIHE-B02/flow/flowchart.png
digital-resource-companion/chapters/06/core/AIHE-B02/flow/flowchart.svg,AIHE_Canon_V1.0/ch/06/core/AIHE-B02/flow/flowchart.svg
digital-resource-companion/chapters/06/core/AIHE-B02/flow/steps.csv,AIHE_Canon_V1.0/ch/06/core/AIHE-B02/flow/steps.csv
digital-resource-companion/chapters/06/core/AIHE-B02/flow/steps.json,AIHE_Canon_V1.0/ch/06/core/AIHE-B02/flow/steps.json
digital-resource-companion/chapters/06/core/AIHE-B02/metadata.json,AIHE_Canon_V1.0/ch/06/core/AIHE-B02/metadata.json
digital-resource-companion/chapters/06/core/AIHE-B02/supp/AIHE-EX17/README.md,AIHE_Canon_V1.0/ch/06/core/AIHE-B02/supp/AIHE-EX17/README.md
digital-resource-companion/chapters/06/core/AIHE-B02/supp/AIHE-EX17/data/AIHE-EX17.schema.json,AIHE_Canon_V1.0/ch/06/core/AIHE-B02/supp/AIHE-EX17/data/AIHE-EX17.schema.json
digital-resource-companion/chapters/06/core/AIHE-B02/supp/AIHE-EX17/data/AIHE-EX17_blank.csv,AIHE_Canon_V1.0/ch/06/core/AIHE-B02/supp/AIHE-EX17/data/AIHE-EX17_blank.csv
digital-resource-companion/chapters/06/core/AIHE-B02/supp/AIHE-EX17/docx/AIHE-EX17_fillable_template.docx,AIHE_Canon_V1.0/ch/06/core/AIHE-B02/supp/AIHE-EX17/docx/AIHE-EX17_fillable_template.docx
digital-resource-companion/chapters/06/core/AIHE-B02/supp/AIHE-EX17/docx/AIHE-EX17_template.docx,AIHE_Canon_V1.0/ch/06/core/AIHE-B02/supp/AIHE-EX17/docx/AIHE-EX17_template.docx
digital-resource-companion/chapters/06/core/AIHE-B02/supp/AIHE-EX17/docx/AIHE-EX17_worked_example.docx,AIHE_Canon_V1.0/ch/06/core/AIHE-B02/supp/AIHE-EX17/docx/AIHE-EX17_example.docx
digital-resource-companion/chapters/06/core/AIHE-B02/supp/AIHE-EX17/flow/PROCESS_FLOW.md,AIHE_Canon_V1.0/ch/06/core/AIHE-B02/supp/AIHE-EX17/flow/PROCESS_FLOW.md
digital-resource-companion/chapters/06/core/AIHE-B02/supp/AIHE-EX17/flow/flowchart.mmd,AIHE_Canon_V1.0/ch/06/core/AIHE-B02/supp/AIHE-EX17/flow/flowchart.mmd
digital-resource-companion/chapters/06/core/AIHE-B02/supp/AIHE-EX17/flow/flowchart.png,AIHE_Canon_V1.0/ch/06/core/AIHE-B02/supp/AIHE-EX17/flow/flowchart.png
digital-resource-companion/chapters/06/core/AIHE-B02/supp/AIHE-EX17/flow/flowchart.svg,AIHE_Canon_V1.0/ch/06/core/AIHE-B02/supp/AIHE-EX17/flow/flowchart.svg
digital-resource-companion/chapters/06/core/AIHE-B02/supp/AIHE-EX17/flow/steps.csv,AIHE_Canon_V1.0/ch/06/core/AIHE-B02/supp/AIHE-EX17/flow/steps.csv
digital-resource-companion/chapters/06/core/AIHE-B02/supp/AIHE-EX17/flow/steps.json,AIHE_Canon_V1.0/ch/06/core/AIHE-B02/supp/AIHE-EX17/flow/steps.json
digital-resource-companion/chapters/06/core/AIHE-B02/supp/AIHE-EX17/metadata.json,AIHE_Canon_V1.0/ch/06/core/AIHE-B02/supp/AIHE-EX17/metadata.json
digital-resource-companion/chapters/06/core/AIHE-B02/supp/AIHE-EX17/xlsx/AIHE-EX17_workbook.xlsx,AIHE_Canon_V1.0/ch/06/core/AIHE-B02/supp/AIHE-EX17/xlsx/AIHE-EX17_workbook.xlsx
digital-resource-companion/chapters/06/core/AIHE-B02/supp/AIHE-M/README.md,AIHE_Canon_V1.0/ch/06/core/AIHE-B02/supp/AIHE-M/README.md
digital-resource-companion/chapters/06/core/AIHE-B02/supp/AIHE-M/data/AIHE-M.schema.json,AIHE_Canon_V1.0/ch/06/core/AIHE-B02/supp/AIHE-M/data/AIHE-M.schema.json
digital-resource-companion/chapters/06/core/AIHE-B02/supp/AIHE-M/data/AIHE-M_S1_T1_Main_blank.csv,AIHE_Canon_V1.0/ch/06/core/AIHE-B02/supp/AIHE-M/data/AIHE-M_S1_T1_Main_blank.csv
digital-resource-companion/chapters/06/core/AIHE-B02/supp/AIHE-M/data/AIHE-M_S1_T1_Main_worked_example.csv,AIHE_Canon_V1.0/ch/06/core/AIHE-B02/supp/AIHE-M/data/AIHE-M_S1_T1_Main_example.csv
digital-resource-companion/chapters/06/core/AIHE-B02/supp/AIHE-M/data/AIHE-M_S1_T2_Main_blank.csv,AIHE_Canon_V1.0/ch/06/core/AIHE-B02/supp/AIHE-M/data/AIHE-M_S1_T2_Main_blank.csv
digital-resource-companion/chapters/06/core/AIHE-B02/supp/AIHE-M/data/AIHE-M_S1_T3_Main_blank.csv,AIHE_Canon_V1.0/ch/06/core/AIHE-B02/supp/AIHE-M/data/AIHE-M_S1_T3_Main_blank.csv
digital-resource-companion/chapters/06/core/AIHE-B02/supp/AIHE-M/data/AIHE-M_S1_T3_Main_worked_example.csv,AIHE_Canon_V1.0/ch/06/core/AIHE-B02/supp/AIHE-M/data/AIHE-M_S1_T3_Main_example.csv
digital-resource-companion/chapters/06/core/AIHE-B02/supp/AIHE-M/docx/AIHE-M_template.docx,AIHE_Canon_V1.0/ch/06/core/AIHE-B02/supp/AIHE-M/docx/AIHE-M_template.docx
digital-resource-companion/chapters/06/core/AIHE-B02/supp/AIHE-M/docx/AIHE-M_worked_example.docx,AIHE_Canon_V1.0/ch/06/core/AIHE-B02/supp/AIHE-M/docx/AIHE-M_example.docx
digital-resource-companion/chapters/06/core/AIHE-B02/supp/AIHE-M/flow/PROCESS_FLOW.md,AIHE_Canon_V1.0/ch/06/core/AIHE-B02/supp/AIHE-M/flow/PROCESS_FLOW.md
digital-resource-companion/chapters/06/core/AIHE-B02/supp/AIHE-M/flow/flowchart.mmd,AIHE_Canon_V1.0/ch/06/core/AIHE-B02/supp/AIHE-M/flow/flowchart.mmd
digital-resource-companion/chapters/06/core/AIHE-B02/supp/AIHE-M/flow/flowchart.png,AIHE_Canon_V1.0/ch/06/core/AIHE-B02/supp/AIHE-M/flow/flowchart.png
digital-resource-companion/chapters/06/core/AIHE-B02/supp/AIHE-M/flow/flowchart.svg,AIHE_Canon_V1.0/ch/06/core/AIHE-B02/supp/AIHE-M/flow/flowchart.svg
digital-resource-companion/chapters/06/core/AIHE-B02/supp/AIHE-M/flow/steps.csv,AIHE_Canon_V1.0/ch/06/core/AIHE-B02/supp/AIHE-M/flow/steps.csv
digital-resource-companion/chapters/06/core/AIHE-B02/supp/AIHE-M/flow/steps.json,AIHE_Canon_V1.0/ch/06/core/AIHE-B02/supp/AIHE-M/flow/steps.json
digital-resource-companion/chapters/06/core/AIHE-B02/supp/AIHE-M/metadata.json,AIHE_Canon_V1.0/ch/06/core/AIHE-B02/supp/AIHE-M/metadata.json
digital-resource-companion/chapters/06/core/AIHE-B02/supp/AIHE-M/xlsx/AIHE-M_workbook.xlsx,AIHE_Canon_V1.0/ch/06/core/AIHE-B02/supp/AIHE-M/xlsx/AIHE-M_workbook.xlsx
digital-resource-companion/chapters/06/flow/DECISION_GATES.md,AIHE_Canon_V1.0/ch/06/flow/DECISION_GATES.md
digital-resource-companion/chapters/06/flow/PROCESS_FLOW.md,AIHE_Canon_V1.0/ch/06/flow/PROCESS_FLOW.md
digital-resource-companion/chapters/06/flow/flowchart.mmd,AIHE_Canon_V1.0/ch/06/flow/flowchart.mmd
digital-resource-companion/chapters/06/flow/flowchart.png,AIHE_Canon_V1.0/ch/06/flow/flowchart.png
digital-resource-companion/chapters/06/flow/flowchart.svg,AIHE_Canon_V1.0/ch/06/flow/flowchart.svg
digital-resource-companion/chapters/06/flow/metadata.json,AIHE_Canon_V1.0/ch/06/flow/metadata.json
digital-resource-companion/chapters/06/flow/steps.csv,AIHE_Canon_V1.0/ch/06/flow/steps.csv
digital-resource-companion/chapters/06/flow/steps.json,AIHE_Canon_V1.0/ch/06/flow/steps.json
digital-resource-companion/chapters/06/python_analytics/AIHE-PY10_total_cost_of_ai_ownership_tcaio_lifecycle_costing/README.md,AIHE_Canon_V1.0/ch/06/py/PY10_cost_budget/README.md
digital-resource-companion/chapters/06/python_analytics/AIHE-PY10_total_cost_of_ai_ownership_tcaio_lifecycle_costing/README_V1.0.md,AIHE_Canon_V1.0/ch/06/py/PY10_cost_budget/README_V1.0.md
digital-resource-companion/chapters/06/python_analytics/AIHE-PY10_total_cost_of_ai_ownership_tcaio_lifecycle_costing/data/README.md,AIHE_Canon_V1.0/ch/06/py/PY10_cost_budget/data/README.md
digital-resource-companion/chapters/06/python_analytics/AIHE-PY10_total_cost_of_ai_ownership_tcaio_lifecycle_costing/data/xlsx/10_tcaio_lifecycle_costing_sample.xlsx,AIHE_Canon_V1.0/ch/06/py/PY10_cost_budget/data/xlsx/10_tcaio_lifecycle_costing_sample.xlsx
digital-resource-companion/chapters/06/python_analytics/AIHE-PY10_total_cost_of_ai_ownership_tcaio_lifecycle_costing/data/xlsx/10_tcaio_lifecycle_costing_template.xlsx,AIHE_Canon_V1.0/ch/06/py/PY10_cost_budget/data/xlsx/10_tcaio_lifecycle_costing_template.xlsx
digital-resource-companion/chapters/06/python_analytics/AIHE-PY10_total_cost_of_ai_ownership_tcaio_lifecycle_costing/environment/environment.yml,AIHE_Canon_V1.0/ch/06/py/PY10_cost_budget/environment/environment.yml
digital-resource-companion/chapters/06/python_analytics/AIHE-PY10_total_cost_of_ai_ownership_tcaio_lifecycle_costing/environment/requirements.txt,AIHE_Canon_V1.0/ch/06/py/PY10_cost_budget/environment/requirements.txt
digital-resource-companion/chapters/06/python_analytics/AIHE-PY10_total_cost_of_ai_ownership_tcaio_lifecycle_costing/metadata.json,AIHE_Canon_V1.0/ch/06/py/PY10_cost_budget/metadata.json
digital-resource-companion/chapters/06/python_analytics/AIHE-PY10_total_cost_of_ai_ownership_tcaio_lifecycle_costing/notebook/10_tcaio_lifecycle_costing.ipynb,AIHE_Canon_V1.0/ch/06/py/PY10_cost_budget/notebook/10_tcaio_lifecycle_costing.ipynb
digital-resource-companion/chapters/06/python_analytics/AIHE-PY10_total_cost_of_ai_ownership_tcaio_lifecycle_costing/notebook/COLAB_INSTRUCTIONS.md,AIHE_Canon_V1.0/ch/06/py/PY10_cost_budget/notebook/COLAB_INSTRUCTIONS.md
digital-resource-companion/chapters/06/python_analytics/AIHE-PY10_total_cost_of_ai_ownership_tcaio_lifecycle_costing/notebook/README.md,AIHE_Canon_V1.0/ch/06/py/PY10_cost_budget/notebook/README.md
digital-resource-companion/chapters/06/python_analytics/AIHE-PY10_total_cost_of_ai_ownership_tcaio_lifecycle_costing/outputs/example/annual_cost_detail.csv,AIHE_Canon_V1.0/ch/06/py/PY10_cost_budget/outputs/example/annual_cost_detail.csv
digital-resource-companion/chapters/06/python_analytics/AIHE-PY10_total_cost_of_ai_ownership_tcaio_lifecycle_costing/outputs/example/cost_by_category.csv,AIHE_Canon_V1.0/ch/06/py/PY10_cost_budget/outputs/example/cost_by_category.csv
digital-resource-companion/chapters/06/python_analytics/AIHE-PY10_total_cost_of_ai_ownership_tcaio_lifecycle_costing/outputs/example/cost_by_category.png,AIHE_Canon_V1.0/ch/06/py/PY10_cost_budget/outputs/example/cost_by_category.png
digital-resource-companion/chapters/06/python_analytics/AIHE-PY10_total_cost_of_ai_ownership_tcaio_lifecycle_costing/outputs/example/cost_by_year.csv,AIHE_Canon_V1.0/ch/06/py/PY10_cost_budget/outputs/example/cost_by_year.csv
digital-resource-companion/chapters/06/python_analytics/AIHE-PY10_total_cost_of_ai_ownership_tcaio_lifecycle_costing/outputs/example/cost_by_year.png,AIHE_Canon_V1.0/ch/06/py/PY10_cost_budget/outputs/example/cost_by_year.png
digital-resource-companion/chapters/06/python_analytics/AIHE-PY10_total_cost_of_ai_ownership_tcaio_lifecycle_costing/outputs/example/summary.csv,AIHE_Canon_V1.0/ch/06/py/PY10_cost_budget/outputs/example/summary.csv
digital-resource-companion/chapters/06/python_analytics/AIHE-PY10_total_cost_of_ai_ownership_tcaio_lifecycle_costing/outputs/example/summary.json,AIHE_Canon_V1.0/ch/06/py/PY10_cost_budget/outputs/example/summary.json
digital-resource-companion/chapters/06/python_analytics/AIHE-PY10_total_cost_of_ai_ownership_tcaio_lifecycle_costing/outputs/generated/.gitkeep,AIHE_Canon_V1.0/ch/06/py/PY10_cost_budget/outputs/generated/.gitkeep
digital-resource-companion/chapters/06/python_analytics/AIHE-PY10_total_cost_of_ai_ownership_tcaio_lifecycle_costing/python/10_lifecycle_cost_cash_expenditure_accounting_expense_and_budget_incidence_analysis_V1_0.py,AIHE_Canon_V1.0/ch/06/py/PY10_cost_budget/python/10_lifecycle_cost_cash_e_budget_life.py
digital-resource-companion/chapters/06/python_analytics/AIHE-PY10_total_cost_of_ai_ownership_tcaio_lifecycle_costing/python/10_tcaio_lifecycle_costing.py,AIHE_Canon_V1.0/ch/06/py/PY10_cost_budget/python/10_tcaio_lifecycle_costing.py
digital-resource-companion/chapters/06/python_analytics/AIHE-PY10_total_cost_of_ai_ownership_tcaio_lifecycle_costing/run_python.bat,AIHE_Canon_V1.0/ch/06/py/PY10_cost_budget/run_python.bat
digital-resource-companion/chapters/06/python_analytics/AIHE-PY10_total_cost_of_ai_ownership_tcaio_lifecycle_costing/run_python.sh,AIHE_Canon_V1.0/ch/06/py/PY10_cost_budget/run_python.sh
digital-resource-companion/chapters/06/python_analytics/AIHE-PY10_total_cost_of_ai_ownership_tcaio_lifecycle_costing/src/aihe_analytics/__init__.py,AIHE_Canon_V1.0/ch/06/py/PY10_cost_budget/src/aihe_analytics/__init__.py
digital-resource-companion/chapters/06/python_analytics/AIHE-PY10_total_cost_of_ai_ownership_tcaio_lifecycle_costing/src/aihe_analytics/io.py,AIHE_Canon_V1.0/ch/06/py/PY10_cost_budget/src/aihe_analytics/io.py
digital-resource-companion/chapters/06/python_analytics/AIHE-PY10_total_cost_of_ai_ownership_tcaio_lifecycle_costing/src/aihe_analytics/module_10_tcaio_lifecycle_costing.py,AIHE_Canon_V1.0/ch/06/py/PY10_cost_budget/src/aihe_analytics/module_10_tcaio_lifecycle_costing.py
digital-resource-companion/chapters/06/python_analytics/AIHE-PY10_total_cost_of_ai_ownership_tcaio_lifecycle_costing/src/aihe_analytics/plotting.py,AIHE_Canon_V1.0/ch/06/py/PY10_cost_budget/src/aihe_analytics/plotting.py
digital-resource-companion/chapters/06/python_analytics/AIHE-PY11_roi_net_benefit_and_benefit_realization_analysis/README.md,AIHE_Canon_V1.0/ch/06/py/PY11_finance_value/README.md
digital-resource-companion/chapters/06/python_analytics/AIHE-PY11_roi_net_benefit_and_benefit_realization_analysis/README_V1.0.md,AIHE_Canon_V1.0/ch/06/py/PY11_finance_value/README_V1.0.md
digital-resource-companion/chapters/06/python_analytics/AIHE-PY11_roi_net_benefit_and_benefit_realization_analysis/data/README.md,AIHE_Canon_V1.0/ch/06/py/PY11_finance_value/data/README.md
digital-resource-companion/chapters/06/python_analytics/AIHE-PY11_roi_net_benefit_and_benefit_realization_analysis/data/xlsx/11_roi_benefit_realization_sample.xlsx,AIHE_Canon_V1.0/ch/06/py/PY11_finance_value/data/xlsx/11_roi_benefit_realization_sample.xlsx
digital-resource-companion/chapters/06/python_analytics/AIHE-PY11_roi_net_benefit_and_benefit_realization_analysis/data/xlsx/11_roi_benefit_realization_template.xlsx,AIHE_Canon_V1.0/ch/06/py/PY11_finance_value/data/xlsx/11_roi_benefit_realization_template.xlsx
digital-resource-companion/chapters/06/python_analytics/AIHE-PY11_roi_net_benefit_and_benefit_realization_analysis/environment/environment.yml,AIHE_Canon_V1.0/ch/06/py/PY11_finance_value/environment/environment.yml
digital-resource-companion/chapters/06/python_analytics/AIHE-PY11_roi_net_benefit_and_benefit_realization_analysis/environment/requirements.txt,AIHE_Canon_V1.0/ch/06/py/PY11_finance_value/environment/requirements.txt
digital-resource-companion/chapters/06/python_analytics/AIHE-PY11_roi_net_benefit_and_benefit_realization_analysis/metadata.json,AIHE_Canon_V1.0/ch/06/py/PY11_finance_value/metadata.json
digital-resource-companion/chapters/06/python_analytics/AIHE-PY11_roi_net_benefit_and_benefit_realization_analysis/notebook/11_roi_benefit_realization.ipynb,AIHE_Canon_V1.0/ch/06/py/PY11_finance_value/notebook/11_roi_benefit_realization.ipynb
digital-resource-companion/chapters/06/python_analytics/AIHE-PY11_roi_net_benefit_and_benefit_realization_analysis/notebook/COLAB_INSTRUCTIONS.md,AIHE_Canon_V1.0/ch/06/py/PY11_finance_value/notebook/COLAB_INSTRUCTIONS.md
digital-resource-companion/chapters/06/python_analytics/AIHE-PY11_roi_net_benefit_and_benefit_realization_analysis/notebook/README.md,AIHE_Canon_V1.0/ch/06/py/PY11_finance_value/notebook/README.md
digital-resource-companion/chapters/06/python_analytics/AIHE-PY11_roi_net_benefit_and_benefit_realization_analysis/outputs/example/annual_roi_cashflow.csv,AIHE_Canon_V1.0/ch/06/py/PY11_finance_value/outputs/example/annual_roi_cashflow.csv
digital-resource-companion/chapters/06/python_analytics/AIHE-PY11_roi_net_benefit_and_benefit_realization_analysis/outputs/example/cumulative_net_benefit.png,AIHE_Canon_V1.0/ch/06/py/PY11_finance_value/outputs/example/cumulative_net_benefit.png
digital-resource-companion/chapters/06/python_analytics/AIHE-PY11_roi_net_benefit_and_benefit_realization_analysis/outputs/example/summary.csv,AIHE_Canon_V1.0/ch/06/py/PY11_finance_value/outputs/example/summary.csv
digital-resource-companion/chapters/06/python_analytics/AIHE-PY11_roi_net_benefit_and_benefit_realization_analysis/outputs/example/summary.json,AIHE_Canon_V1.0/ch/06/py/PY11_finance_value/outputs/example/summary.json
digital-resource-companion/chapters/06/python_analytics/AIHE-PY11_roi_net_benefit_and_benefit_realization_analysis/outputs/generated/.gitkeep,AIHE_Canon_V1.0/ch/06/py/PY11_finance_value/outputs/generated/.gitkeep
digital-resource-companion/chapters/06/python_analytics/AIHE-PY11_roi_net_benefit_and_benefit_realization_analysis/python/11_financial_recognition_npv_roi_payback_and_benefit_realization_analysis_V1_0.py,AIHE_Canon_V1.0/ch/06/py/PY11_finance_value/python/11_financial_recognition_finance.py
digital-resource-companion/chapters/06/python_analytics/AIHE-PY11_roi_net_benefit_and_benefit_realization_analysis/python/11_roi_benefit_realization.py,AIHE_Canon_V1.0/ch/06/py/PY11_finance_value/python/11_roi_benefit_realization.py
digital-resource-companion/chapters/06/python_analytics/AIHE-PY11_roi_net_benefit_and_benefit_realization_analysis/run_python.bat,AIHE_Canon_V1.0/ch/06/py/PY11_finance_value/run_python.bat
digital-resource-companion/chapters/06/python_analytics/AIHE-PY11_roi_net_benefit_and_benefit_realization_analysis/run_python.sh,AIHE_Canon_V1.0/ch/06/py/PY11_finance_value/run_python.sh
digital-resource-companion/chapters/06/python_analytics/AIHE-PY11_roi_net_benefit_and_benefit_realization_analysis/src/aihe_analytics/__init__.py,AIHE_Canon_V1.0/ch/06/py/PY11_finance_value/src/aihe_analytics/__init__.py
digital-resource-companion/chapters/06/python_analytics/AIHE-PY11_roi_net_benefit_and_benefit_realization_analysis/src/aihe_analytics/io.py,AIHE_Canon_V1.0/ch/06/py/PY11_finance_value/src/aihe_analytics/io.py
digital-resource-companion/chapters/06/python_analytics/AIHE-PY11_roi_net_benefit_and_benefit_realization_analysis/src/aihe_analytics/module_11_roi_benefit_realization.py,AIHE_Canon_V1.0/ch/06/py/PY11_finance_value/src/aihe_analytics/module_11_roi_benefit_realization.py
digital-resource-companion/chapters/06/python_analytics/AIHE-PY11_roi_net_benefit_and_benefit_realization_analysis/src/aihe_analytics/plotting.py,AIHE_Canon_V1.0/ch/06/py/PY11_finance_value/src/aihe_analytics/plotting.py
digital-resource-companion/chapters/07/README.md,AIHE_Canon_V1.0/ch/07/README.md
digital-resource-companion/chapters/07/core/AIHE-B04/README.md,AIHE_Canon_V1.0/ch/07/core/AIHE-B04/README.md
digital-resource-companion/chapters/07/core/AIHE-B04/data/AIHE-B04.schema.json,AIHE_Canon_V1.0/ch/07/core/AIHE-B04/data/AIHE-B04.schema.json
digital-resource-companion/chapters/07/core/AIHE-B04/data/AIHE-B04_blank.csv,AIHE_Canon_V1.0/ch/07/core/AIHE-B04/data/AIHE-B04_blank.csv
digital-resource-companion/chapters/07/core/AIHE-B04/data/AIHE-B04_blank.json,AIHE_Canon_V1.0/ch/07/core/AIHE-B04/data/AIHE-B04_blank.json
digital-resource-companion/chapters/07/core/AIHE-B04/data/AIHE-B04_worked_example.csv,AIHE_Canon_V1.0/ch/07/core/AIHE-B04/data/AIHE-B04_example.csv
digital-resource-companion/chapters/07/core/AIHE-B04/data/AIHE-B04_worked_example.json,AIHE_Canon_V1.0/ch/07/core/AIHE-B04/data/AIHE-B04_example.json
digital-resource-companion/chapters/07/core/AIHE-B04/edit/docx/AIHE-B04_template_and_worked_example.docx,AIHE_Canon_V1.0/ch/07/core/AIHE-B04/edit/docx/AIHE-B04_template_example.docx
digital-resource-companion/chapters/07/core/AIHE-B04/edit/docx/AIHE-B04_template_and_worked_example_V1.0.docx,AIHE_Canon_V1.0/ch/07/core/AIHE-B04/edit/docx/AIHE-B04_template_example_V1.0.docx
digital-resource-companion/chapters/07/core/AIHE-B04/edit/xlsx/AIHE-B04_workbook.xlsx,AIHE_Canon_V1.0/ch/07/core/AIHE-B04/edit/xlsx/AIHE-B04_workbook.xlsx
digital-resource-companion/chapters/07/core/AIHE-B04/edit/xlsx/AIHE-B04_workbook_V1.0.xlsx,AIHE_Canon_V1.0/ch/07/core/AIHE-B04/edit/xlsx/AIHE-B04_workbook_V1.0.xlsx
digital-resource-companion/chapters/07/core/AIHE-B04/flow/PROCESS_FLOW.md,AIHE_Canon_V1.0/ch/07/core/AIHE-B04/flow/PROCESS_FLOW.md
digital-resource-companion/chapters/07/core/AIHE-B04/flow/flowchart.mmd,AIHE_Canon_V1.0/ch/07/core/AIHE-B04/flow/flowchart.mmd
digital-resource-companion/chapters/07/core/AIHE-B04/flow/flowchart.png,AIHE_Canon_V1.0/ch/07/core/AIHE-B04/flow/flowchart.png
digital-resource-companion/chapters/07/core/AIHE-B04/flow/flowchart.svg,AIHE_Canon_V1.0/ch/07/core/AIHE-B04/flow/flowchart.svg
digital-resource-companion/chapters/07/core/AIHE-B04/flow/steps.csv,AIHE_Canon_V1.0/ch/07/core/AIHE-B04/flow/steps.csv
digital-resource-companion/chapters/07/core/AIHE-B04/flow/steps.json,AIHE_Canon_V1.0/ch/07/core/AIHE-B04/flow/steps.json
digital-resource-companion/chapters/07/core/AIHE-B04/metadata.json,AIHE_Canon_V1.0/ch/07/core/AIHE-B04/metadata.json
digital-resource-companion/chapters/07/core/AIHE-B04/supp/AIHE-AA/README.md,AIHE_Canon_V1.0/ch/07/core/AIHE-B04/supp/AIHE-AA/README.md
digital-resource-companion/chapters/07/core/AIHE-B04/supp/AIHE-AA/data/AIHE-AA.schema.json,AIHE_Canon_V1.0/ch/07/core/AIHE-B04/supp/AIHE-AA/data/AIHE-AA.schema.json
digital-resource-companion/chapters/07/core/AIHE-B04/supp/AIHE-AA/data/AIHE-AA_S1_T1_Main_blank.csv,AIHE_Canon_V1.0/ch/07/core/AIHE-B04/supp/AIHE-AA/data/AIHE-AA_S1_T1_Main_blank.csv
digital-resource-companion/chapters/07/core/AIHE-B04/supp/AIHE-AA/data/AIHE-AA_S1_T1_Main_worked_example.csv,AIHE_Canon_V1.0/ch/07/core/AIHE-B04/supp/AIHE-AA/data/AIHE-AA_S1_T1_Main_example.csv
digital-resource-companion/chapters/07/core/AIHE-B04/supp/AIHE-AA/docx/AIHE-AA_template.docx,AIHE_Canon_V1.0/ch/07/core/AIHE-B04/supp/AIHE-AA/docx/AIHE-AA_template.docx
digital-resource-companion/chapters/07/core/AIHE-B04/supp/AIHE-AA/docx/AIHE-AA_worked_example.docx,AIHE_Canon_V1.0/ch/07/core/AIHE-B04/supp/AIHE-AA/docx/AIHE-AA_example.docx
digital-resource-companion/chapters/07/core/AIHE-B04/supp/AIHE-AA/flow/PROCESS_FLOW.md,AIHE_Canon_V1.0/ch/07/core/AIHE-B04/supp/AIHE-AA/flow/PROCESS_FLOW.md
digital-resource-companion/chapters/07/core/AIHE-B04/supp/AIHE-AA/flow/flowchart.mmd,AIHE_Canon_V1.0/ch/07/core/AIHE-B04/supp/AIHE-AA/flow/flowchart.mmd
digital-resource-companion/chapters/07/core/AIHE-B04/supp/AIHE-AA/flow/flowchart.png,AIHE_Canon_V1.0/ch/07/core/AIHE-B04/supp/AIHE-AA/flow/flowchart.png
digital-resource-companion/chapters/07/core/AIHE-B04/supp/AIHE-AA/flow/flowchart.svg,AIHE_Canon_V1.0/ch/07/core/AIHE-B04/supp/AIHE-AA/flow/flowchart.svg
digital-resource-companion/chapters/07/core/AIHE-B04/supp/AIHE-AA/flow/steps.csv,AIHE_Canon_V1.0/ch/07/core/AIHE-B04/supp/AIHE-AA/flow/steps.csv
digital-resource-companion/chapters/07/core/AIHE-B04/supp/AIHE-AA/flow/steps.json,AIHE_Canon_V1.0/ch/07/core/AIHE-B04/supp/AIHE-AA/flow/steps.json
digital-resource-companion/chapters/07/core/AIHE-B04/supp/AIHE-AA/metadata.json,AIHE_Canon_V1.0/ch/07/core/AIHE-B04/supp/AIHE-AA/metadata.json
digital-resource-companion/chapters/07/core/AIHE-B04/supp/AIHE-AA/xlsx/AIHE-AA_workbook.xlsx,AIHE_Canon_V1.0/ch/07/core/AIHE-B04/supp/AIHE-AA/xlsx/AIHE-AA_workbook.xlsx
digital-resource-companion/chapters/07/core/AIHE-B04/supp/AIHE-EX18/README.md,AIHE_Canon_V1.0/ch/07/core/AIHE-B04/supp/AIHE-EX18/README.md
digital-resource-companion/chapters/07/core/AIHE-B04/supp/AIHE-EX18/data/AIHE-EX18.schema.json,AIHE_Canon_V1.0/ch/07/core/AIHE-B04/supp/AIHE-EX18/data/AIHE-EX18.schema.json
digital-resource-companion/chapters/07/core/AIHE-B04/supp/AIHE-EX18/data/AIHE-EX18_blank.csv,AIHE_Canon_V1.0/ch/07/core/AIHE-B04/supp/AIHE-EX18/data/AIHE-EX18_blank.csv
digital-resource-companion/chapters/07/core/AIHE-B04/supp/AIHE-EX18/docx/AIHE-EX18_template.docx,AIHE_Canon_V1.0/ch/07/core/AIHE-B04/supp/AIHE-EX18/docx/AIHE-EX18_template.docx
digital-resource-companion/chapters/07/core/AIHE-B04/supp/AIHE-EX18/docx/AIHE-EX18_worked_example.docx,AIHE_Canon_V1.0/ch/07/core/AIHE-B04/supp/AIHE-EX18/docx/AIHE-EX18_example.docx
digital-resource-companion/chapters/07/core/AIHE-B04/supp/AIHE-EX18/flow/PROCESS_FLOW.md,AIHE_Canon_V1.0/ch/07/core/AIHE-B04/supp/AIHE-EX18/flow/PROCESS_FLOW.md
digital-resource-companion/chapters/07/core/AIHE-B04/supp/AIHE-EX18/flow/flowchart.mmd,AIHE_Canon_V1.0/ch/07/core/AIHE-B04/supp/AIHE-EX18/flow/flowchart.mmd
digital-resource-companion/chapters/07/core/AIHE-B04/supp/AIHE-EX18/flow/flowchart.png,AIHE_Canon_V1.0/ch/07/core/AIHE-B04/supp/AIHE-EX18/flow/flowchart.png
digital-resource-companion/chapters/07/core/AIHE-B04/supp/AIHE-EX18/flow/flowchart.svg,AIHE_Canon_V1.0/ch/07/core/AIHE-B04/supp/AIHE-EX18/flow/flowchart.svg
digital-resource-companion/chapters/07/core/AIHE-B04/supp/AIHE-EX18/flow/steps.csv,AIHE_Canon_V1.0/ch/07/core/AIHE-B04/supp/AIHE-EX18/flow/steps.csv
digital-resource-companion/chapters/07/core/AIHE-B04/supp/AIHE-EX18/flow/steps.json,AIHE_Canon_V1.0/ch/07/core/AIHE-B04/supp/AIHE-EX18/flow/steps.json
digital-resource-companion/chapters/07/core/AIHE-B04/supp/AIHE-EX18/metadata.json,AIHE_Canon_V1.0/ch/07/core/AIHE-B04/supp/AIHE-EX18/metadata.json
digital-resource-companion/chapters/07/core/AIHE-B04/supp/AIHE-EX18/xlsx/AIHE-EX18_workbook.xlsx,AIHE_Canon_V1.0/ch/07/core/AIHE-B04/supp/AIHE-EX18/xlsx/AIHE-EX18_workbook.xlsx
digital-resource-companion/chapters/07/flow/DECISION_GATES.md,AIHE_Canon_V1.0/ch/07/flow/DECISION_GATES.md
digital-resource-companion/chapters/07/flow/PROCESS_FLOW.md,AIHE_Canon_V1.0/ch/07/flow/PROCESS_FLOW.md
digital-resource-companion/chapters/07/flow/flowchart.mmd,AIHE_Canon_V1.0/ch/07/flow/flowchart.mmd
digital-resource-companion/chapters/07/flow/flowchart.png,AIHE_Canon_V1.0/ch/07/flow/flowchart.png
digital-resource-companion/chapters/07/flow/flowchart.svg,AIHE_Canon_V1.0/ch/07/flow/flowchart.svg
digital-resource-companion/chapters/07/flow/metadata.json,AIHE_Canon_V1.0/ch/07/flow/metadata.json
digital-resource-companion/chapters/07/flow/steps.csv,AIHE_Canon_V1.0/ch/07/flow/steps.csv
digital-resource-companion/chapters/07/flow/steps.json,AIHE_Canon_V1.0/ch/07/flow/steps.json
digital-resource-companion/chapters/07/python_analytics/AIHE-PY12_cost_effectiveness_icer_and_net_monetary_benefit/README.md,AIHE_Canon_V1.0/ch/07/py/PY12_cost_effect/README.md
digital-resource-companion/chapters/07/python_analytics/AIHE-PY12_cost_effectiveness_icer_and_net_monetary_benefit/data/README.md,AIHE_Canon_V1.0/ch/07/py/PY12_cost_effect/data/README.md
digital-resource-companion/chapters/07/python_analytics/AIHE-PY12_cost_effectiveness_icer_and_net_monetary_benefit/data/xlsx/12_cost_effectiveness_icer_nmb_sample.xlsx,AIHE_Canon_V1.0/ch/07/py/PY12_cost_effect/data/xlsx/12_cost_effectiveness_icer_nmb_sample.xlsx
digital-resource-companion/chapters/07/python_analytics/AIHE-PY12_cost_effectiveness_icer_and_net_monetary_benefit/data/xlsx/12_cost_effectiveness_icer_nmb_template.xlsx,AIHE_Canon_V1.0/ch/07/py/PY12_cost_effect/data/xlsx/12_cost_effectiveness_icer_nmb_template.xlsx
digital-resource-companion/chapters/07/python_analytics/AIHE-PY12_cost_effectiveness_icer_and_net_monetary_benefit/environment/environment.yml,AIHE_Canon_V1.0/ch/07/py/PY12_cost_effect/environment/environment.yml
digital-resource-companion/chapters/07/python_analytics/AIHE-PY12_cost_effectiveness_icer_and_net_monetary_benefit/environment/requirements.txt,AIHE_Canon_V1.0/ch/07/py/PY12_cost_effect/environment/requirements.txt
digital-resource-companion/chapters/07/python_analytics/AIHE-PY12_cost_effectiveness_icer_and_net_monetary_benefit/metadata.json,AIHE_Canon_V1.0/ch/07/py/PY12_cost_effect/metadata.json
digital-resource-companion/chapters/07/python_analytics/AIHE-PY12_cost_effectiveness_icer_and_net_monetary_benefit/notebook/12_cost_effectiveness_icer_nmb.ipynb,AIHE_Canon_V1.0/ch/07/py/PY12_cost_effect/notebook/12_cost_effectiveness_icer_nmb.ipynb
digital-resource-companion/chapters/07/python_analytics/AIHE-PY12_cost_effectiveness_icer_and_net_monetary_benefit/notebook/COLAB_INSTRUCTIONS.md,AIHE_Canon_V1.0/ch/07/py/PY12_cost_effect/notebook/COLAB_INSTRUCTIONS.md
digital-resource-companion/chapters/07/python_analytics/AIHE-PY12_cost_effectiveness_icer_and_net_monetary_benefit/notebook/README.md,AIHE_Canon_V1.0/ch/07/py/PY12_cost_effect/notebook/README.md
digital-resource-companion/chapters/07/python_analytics/AIHE-PY12_cost_effectiveness_icer_and_net_monetary_benefit/outputs/example/cost_effectiveness_plane.png,AIHE_Canon_V1.0/ch/07/py/PY12_cost_effect/outputs/example/cost_effectiveness_plane.png
digital-resource-companion/chapters/07/python_analytics/AIHE-PY12_cost_effectiveness_icer_and_net_monetary_benefit/outputs/example/incremental_analysis.csv,AIHE_Canon_V1.0/ch/07/py/PY12_cost_effect/outputs/example/incremental_analysis.csv
digital-resource-companion/chapters/07/python_analytics/AIHE-PY12_cost_effectiveness_icer_and_net_monetary_benefit/outputs/example/strategy_results.csv,AIHE_Canon_V1.0/ch/07/py/PY12_cost_effect/outputs/example/strategy_results.csv
digital-resource-companion/chapters/07/python_analytics/AIHE-PY12_cost_effectiveness_icer_and_net_monetary_benefit/outputs/example/summary.json,AIHE_Canon_V1.0/ch/07/py/PY12_cost_effect/outputs/example/summary.json
digital-resource-companion/chapters/07/python_analytics/AIHE-PY12_cost_effectiveness_icer_and_net_monetary_benefit/outputs/generated/.gitkeep,AIHE_Canon_V1.0/ch/07/py/PY12_cost_effect/outputs/generated/.gitkeep
digital-resource-companion/chapters/07/python_analytics/AIHE-PY12_cost_effectiveness_icer_and_net_monetary_benefit/python/12_cost_effectiveness_icer_nmb.py,AIHE_Canon_V1.0/ch/07/py/PY12_cost_effect/python/12_cost_effectiveness_icer_nmb.py
digital-resource-companion/chapters/07/python_analytics/AIHE-PY12_cost_effectiveness_icer_and_net_monetary_benefit/run_python.bat,AIHE_Canon_V1.0/ch/07/py/PY12_cost_effect/run_python.bat
digital-resource-companion/chapters/07/python_analytics/AIHE-PY12_cost_effectiveness_icer_and_net_monetary_benefit/run_python.sh,AIHE_Canon_V1.0/ch/07/py/PY12_cost_effect/run_python.sh
digital-resource-companion/chapters/07/python_analytics/AIHE-PY12_cost_effectiveness_icer_and_net_monetary_benefit/src/aihe_analytics/__init__.py,AIHE_Canon_V1.0/ch/07/py/PY12_cost_effect/src/aihe_analytics/__init__.py
digital-resource-companion/chapters/07/python_analytics/AIHE-PY12_cost_effectiveness_icer_and_net_monetary_benefit/src/aihe_analytics/io.py,AIHE_Canon_V1.0/ch/07/py/PY12_cost_effect/src/aihe_analytics/io.py
digital-resource-companion/chapters/07/python_analytics/AIHE-PY12_cost_effectiveness_icer_and_net_monetary_benefit/src/aihe_analytics/module_12_cost_effectiveness_icer_nmb.py,AIHE_Canon_V1.0/ch/07/py/PY12_cost_effect/src/aihe_analytics/module_12_cost_effectiveness_icer_nmb.py
digital-resource-companion/chapters/07/python_analytics/AIHE-PY12_cost_effectiveness_icer_and_net_monetary_benefit/src/aihe_analytics/plotting.py,AIHE_Canon_V1.0/ch/07/py/PY12_cost_effect/src/aihe_analytics/plotting.py
digital-resource-companion/chapters/07/python_analytics/AIHE-PY13_multiyear_budget_impact_analysis/README.md,AIHE_Canon_V1.0/ch/07/py/PY13_budget_impact/README.md
digital-resource-companion/chapters/07/python_analytics/AIHE-PY13_multiyear_budget_impact_analysis/data/README.md,AIHE_Canon_V1.0/ch/07/py/PY13_budget_impact/data/README.md
digital-resource-companion/chapters/07/python_analytics/AIHE-PY13_multiyear_budget_impact_analysis/data/xlsx/13_budget_impact_analysis_sample.xlsx,AIHE_Canon_V1.0/ch/07/py/PY13_budget_impact/data/xlsx/13_budget_impact_analysis_sample.xlsx
digital-resource-companion/chapters/07/python_analytics/AIHE-PY13_multiyear_budget_impact_analysis/data/xlsx/13_budget_impact_analysis_template.xlsx,AIHE_Canon_V1.0/ch/07/py/PY13_budget_impact/data/xlsx/13_budget_impact_analysis_template.xlsx
digital-resource-companion/chapters/07/python_analytics/AIHE-PY13_multiyear_budget_impact_analysis/environment/environment.yml,AIHE_Canon_V1.0/ch/07/py/PY13_budget_impact/environment/environment.yml
digital-resource-companion/chapters/07/python_analytics/AIHE-PY13_multiyear_budget_impact_analysis/environment/requirements.txt,AIHE_Canon_V1.0/ch/07/py/PY13_budget_impact/environment/requirements.txt
digital-resource-companion/chapters/07/python_analytics/AIHE-PY13_multiyear_budget_impact_analysis/metadata.json,AIHE_Canon_V1.0/ch/07/py/PY13_budget_impact/metadata.json
digital-resource-companion/chapters/07/python_analytics/AIHE-PY13_multiyear_budget_impact_analysis/notebook/13_budget_impact_analysis.ipynb,AIHE_Canon_V1.0/ch/07/py/PY13_budget_impact/notebook/13_budget_impact_analysis.ipynb
digital-resource-companion/chapters/07/python_analytics/AIHE-PY13_multiyear_budget_impact_analysis/notebook/COLAB_INSTRUCTIONS.md,AIHE_Canon_V1.0/ch/07/py/PY13_budget_impact/notebook/COLAB_INSTRUCTIONS.md
digital-resource-companion/chapters/07/python_analytics/AIHE-PY13_multiyear_budget_impact_analysis/notebook/README.md,AIHE_Canon_V1.0/ch/07/py/PY13_budget_impact/notebook/README.md
digital-resource-companion/chapters/07/python_analytics/AIHE-PY13_multiyear_budget_impact_analysis/outputs/example/budget_impact_by_year.csv,AIHE_Canon_V1.0/ch/07/py/PY13_budget_impact/outputs/example/budget_impact_by_year.csv
digital-resource-companion/chapters/07/python_analytics/AIHE-PY13_multiyear_budget_impact_analysis/outputs/example/budget_impact_profile.png,AIHE_Canon_V1.0/ch/07/py/PY13_budget_impact/outputs/example/budget_impact_profile.png
digital-resource-companion/chapters/07/python_analytics/AIHE-PY13_multiyear_budget_impact_analysis/outputs/example/summary.json,AIHE_Canon_V1.0/ch/07/py/PY13_budget_impact/outputs/example/summary.json
digital-resource-companion/chapters/07/python_analytics/AIHE-PY13_multiyear_budget_impact_analysis/outputs/generated/.gitkeep,AIHE_Canon_V1.0/ch/07/py/PY13_budget_impact/outputs/generated/.gitkeep
digital-resource-companion/chapters/07/python_analytics/AIHE-PY13_multiyear_budget_impact_analysis/python/13_budget_impact_analysis.py,AIHE_Canon_V1.0/ch/07/py/PY13_budget_impact/python/13_budget_impact_analysis.py
digital-resource-companion/chapters/07/python_analytics/AIHE-PY13_multiyear_budget_impact_analysis/run_python.bat,AIHE_Canon_V1.0/ch/07/py/PY13_budget_impact/run_python.bat
digital-resource-companion/chapters/07/python_analytics/AIHE-PY13_multiyear_budget_impact_analysis/run_python.sh,AIHE_Canon_V1.0/ch/07/py/PY13_budget_impact/run_python.sh
digital-resource-companion/chapters/07/python_analytics/AIHE-PY13_multiyear_budget_impact_analysis/src/aihe_analytics/__init__.py,AIHE_Canon_V1.0/ch/07/py/PY13_budget_impact/src/aihe_analytics/__init__.py
digital-resource-companion/chapters/07/python_analytics/AIHE-PY13_multiyear_budget_impact_analysis/src/aihe_analytics/io.py,AIHE_Canon_V1.0/ch/07/py/PY13_budget_impact/src/aihe_analytics/io.py
digital-resource-companion/chapters/07/python_analytics/AIHE-PY13_multiyear_budget_impact_analysis/src/aihe_analytics/module_13_budget_impact_analysis.py,AIHE_Canon_V1.0/ch/07/py/PY13_budget_impact/src/aihe_analytics/module_13_budget_impact_analysis.py
digital-resource-companion/chapters/07/python_analytics/AIHE-PY13_multiyear_budget_impact_analysis/src/aihe_analytics/plotting.py,AIHE_Canon_V1.0/ch/07/py/PY13_budget_impact/src/aihe_analytics/plotting.py
digital-resource-companion/chapters/07/python_analytics/AIHE-PY16_distributional_cost_effectiveness_and_equity_weighted_analysis/README.md,AIHE_Canon_V1.0/ch/07/py/PY16_distributional/README.md
digital-resource-companion/chapters/07/python_analytics/AIHE-PY16_distributional_cost_effectiveness_and_equity_weighted_analysis/data/README.md,AIHE_Canon_V1.0/ch/07/py/PY16_distributional/data/README.md
digital-resource-companion/chapters/07/python_analytics/AIHE-PY16_distributional_cost_effectiveness_and_equity_weighted_analysis/data/xlsx/16_distributional_cost_effectiveness_sample.xlsx,AIHE_Canon_V1.0/ch/07/py/PY16_distributional/data/xlsx/16_distributional_cost_effectiveness_sample.xlsx
digital-resource-companion/chapters/07/python_analytics/AIHE-PY16_distributional_cost_effectiveness_and_equity_weighted_analysis/data/xlsx/16_distributional_cost_effectiveness_template.xlsx,AIHE_Canon_V1.0/ch/07/py/PY16_distributional/data/xlsx/16_distributional_cost_effectiveness_template.xlsx
digital-resource-companion/chapters/07/python_analytics/AIHE-PY16_distributional_cost_effectiveness_and_equity_weighted_analysis/environment/environment.yml,AIHE_Canon_V1.0/ch/07/py/PY16_distributional/environment/environment.yml
digital-resource-companion/chapters/07/python_analytics/AIHE-PY16_distributional_cost_effectiveness_and_equity_weighted_analysis/environment/requirements.txt,AIHE_Canon_V1.0/ch/07/py/PY16_distributional/environment/requirements.txt
digital-resource-companion/chapters/07/python_analytics/AIHE-PY16_distributional_cost_effectiveness_and_equity_weighted_analysis/metadata.json,AIHE_Canon_V1.0/ch/07/py/PY16_distributional/metadata.json
digital-resource-companion/chapters/07/python_analytics/AIHE-PY16_distributional_cost_effectiveness_and_equity_weighted_analysis/notebook/16_distributional_cost_effectiveness.ipynb,AIHE_Canon_V1.0/ch/07/py/PY16_distributional/notebook/16_distributional_cost_effectiveness.ipynb
digital-resource-companion/chapters/07/python_analytics/AIHE-PY16_distributional_cost_effectiveness_and_equity_weighted_analysis/notebook/COLAB_INSTRUCTIONS.md,AIHE_Canon_V1.0/ch/07/py/PY16_distributional/notebook/COLAB_INSTRUCTIONS.md
digital-resource-companion/chapters/07/python_analytics/AIHE-PY16_distributional_cost_effectiveness_and_equity_weighted_analysis/notebook/README.md,AIHE_Canon_V1.0/ch/07/py/PY16_distributional/notebook/README.md
digital-resource-companion/chapters/07/python_analytics/AIHE-PY16_distributional_cost_effectiveness_and_equity_weighted_analysis/outputs/example/distributional_nmb.png,AIHE_Canon_V1.0/ch/07/py/PY16_distributional/outputs/example/distributional_nmb.png
digital-resource-companion/chapters/07/python_analytics/AIHE-PY16_distributional_cost_effectiveness_and_equity_weighted_analysis/outputs/example/distributional_results.csv,AIHE_Canon_V1.0/ch/07/py/PY16_distributional/outputs/example/distributional_results.csv
digital-resource-companion/chapters/07/python_analytics/AIHE-PY16_distributional_cost_effectiveness_and_equity_weighted_analysis/outputs/example/summary.json,AIHE_Canon_V1.0/ch/07/py/PY16_distributional/outputs/example/summary.json
digital-resource-companion/chapters/07/python_analytics/AIHE-PY16_distributional_cost_effectiveness_and_equity_weighted_analysis/outputs/generated/.gitkeep,AIHE_Canon_V1.0/ch/07/py/PY16_distributional/outputs/generated/.gitkeep
digital-resource-companion/chapters/07/python_analytics/AIHE-PY16_distributional_cost_effectiveness_and_equity_weighted_analysis/python/16_distributional_cost_effectiveness.py,AIHE_Canon_V1.0/ch/07/py/PY16_distributional/python/16_distributional_cost_effectiveness.py
digital-resource-companion/chapters/07/python_analytics/AIHE-PY16_distributional_cost_effectiveness_and_equity_weighted_analysis/run_python.bat,AIHE_Canon_V1.0/ch/07/py/PY16_distributional/run_python.bat
digital-resource-companion/chapters/07/python_analytics/AIHE-PY16_distributional_cost_effectiveness_and_equity_weighted_analysis/run_python.sh,AIHE_Canon_V1.0/ch/07/py/PY16_distributional/run_python.sh
digital-resource-companion/chapters/07/python_analytics/AIHE-PY16_distributional_cost_effectiveness_and_equity_weighted_analysis/src/aihe_analytics/__init__.py,AIHE_Canon_V1.0/ch/07/py/PY16_distributional/src/aihe_analytics/__init__.py
digital-resource-companion/chapters/07/python_analytics/AIHE-PY16_distributional_cost_effectiveness_and_equity_weighted_analysis/src/aihe_analytics/io.py,AIHE_Canon_V1.0/ch/07/py/PY16_distributional/src/aihe_analytics/io.py
digital-resource-companion/chapters/07/python_analytics/AIHE-PY16_distributional_cost_effectiveness_and_equity_weighted_analysis/src/aihe_analytics/module_16_distributional_cost_effectiveness.py,AIHE_Canon_V1.0/ch/07/py/PY16_distributional/src/aihe_analytics/module_16_distributional_cost_effectiveness.py
digital-resource-companion/chapters/07/python_analytics/AIHE-PY16_distributional_cost_effectiveness_and_equity_weighted_analysis/src/aihe_analytics/plotting.py,AIHE_Canon_V1.0/ch/07/py/PY16_distributional/src/aihe_analytics/plotting.py
digital-resource-companion/chapters/08/README.md,AIHE_Canon_V1.0/ch/08/README.md
digital-resource-companion/chapters/08/core/AIHE-B05/README.md,AIHE_Canon_V1.0/ch/08/core/AIHE-B05/README.md
digital-resource-companion/chapters/08/core/AIHE-B05/data/AIHE-B05.schema.json,AIHE_Canon_V1.0/ch/08/core/AIHE-B05/data/AIHE-B05.schema.json
digital-resource-companion/chapters/08/core/AIHE-B05/data/AIHE-B05_blank.csv,AIHE_Canon_V1.0/ch/08/core/AIHE-B05/data/AIHE-B05_blank.csv
digital-resource-companion/chapters/08/core/AIHE-B05/data/AIHE-B05_blank.json,AIHE_Canon_V1.0/ch/08/core/AIHE-B05/data/AIHE-B05_blank.json
digital-resource-companion/chapters/08/core/AIHE-B05/data/AIHE-B05_worked_example.csv,AIHE_Canon_V1.0/ch/08/core/AIHE-B05/data/AIHE-B05_example.csv
digital-resource-companion/chapters/08/core/AIHE-B05/data/AIHE-B05_worked_example.json,AIHE_Canon_V1.0/ch/08/core/AIHE-B05/data/AIHE-B05_example.json
digital-resource-companion/chapters/08/core/AIHE-B05/edit/docx/AIHE-B05_template_and_worked_example.docx,AIHE_Canon_V1.0/ch/08/core/AIHE-B05/edit/docx/AIHE-B05_template_example.docx
digital-resource-companion/chapters/08/core/AIHE-B05/edit/docx/AIHE-B05_template_and_worked_example_V1.0.docx,AIHE_Canon_V1.0/ch/08/core/AIHE-B05/edit/docx/AIHE-B05_template_example_V1.0.docx
digital-resource-companion/chapters/08/core/AIHE-B05/edit/xlsx/AIHE-B05_workbook.xlsx,AIHE_Canon_V1.0/ch/08/core/AIHE-B05/edit/xlsx/AIHE-B05_workbook.xlsx
digital-resource-companion/chapters/08/core/AIHE-B05/edit/xlsx/AIHE-B05_workbook_V1.0.xlsx,AIHE_Canon_V1.0/ch/08/core/AIHE-B05/edit/xlsx/AIHE-B05_workbook_V1.0.xlsx
digital-resource-companion/chapters/08/core/AIHE-B05/flow/PROCESS_FLOW.md,AIHE_Canon_V1.0/ch/08/core/AIHE-B05/flow/PROCESS_FLOW.md
digital-resource-companion/chapters/08/core/AIHE-B05/flow/flowchart.mmd,AIHE_Canon_V1.0/ch/08/core/AIHE-B05/flow/flowchart.mmd
digital-resource-companion/chapters/08/core/AIHE-B05/flow/flowchart.png,AIHE_Canon_V1.0/ch/08/core/AIHE-B05/flow/flowchart.png
digital-resource-companion/chapters/08/core/AIHE-B05/flow/flowchart.svg,AIHE_Canon_V1.0/ch/08/core/AIHE-B05/flow/flowchart.svg
digital-resource-companion/chapters/08/core/AIHE-B05/flow/steps.csv,AIHE_Canon_V1.0/ch/08/core/AIHE-B05/flow/steps.csv
digital-resource-companion/chapters/08/core/AIHE-B05/flow/steps.json,AIHE_Canon_V1.0/ch/08/core/AIHE-B05/flow/steps.json
digital-resource-companion/chapters/08/core/AIHE-B05/metadata.json,AIHE_Canon_V1.0/ch/08/core/AIHE-B05/metadata.json
digital-resource-companion/chapters/08/core/AIHE-B05/supp/AIHE-AF/README.md,AIHE_Canon_V1.0/ch/08/core/AIHE-B05/supp/AIHE-AF/README.md
digital-resource-companion/chapters/08/core/AIHE-B05/supp/AIHE-AF/data/AIHE-AF.schema.json,AIHE_Canon_V1.0/ch/08/core/AIHE-B05/supp/AIHE-AF/data/AIHE-AF.schema.json
digital-resource-companion/chapters/08/core/AIHE-B05/supp/AIHE-AF/data/AIHE-AF_S1_T1_Main_blank.csv,AIHE_Canon_V1.0/ch/08/core/AIHE-B05/supp/AIHE-AF/data/AIHE-AF_S1_T1_Main_blank.csv
digital-resource-companion/chapters/08/core/AIHE-B05/supp/AIHE-AF/data/AIHE-AF_blank.csv,AIHE_Canon_V1.0/ch/08/core/AIHE-B05/supp/AIHE-AF/data/AIHE-AF_blank.csv
digital-resource-companion/chapters/08/core/AIHE-B05/supp/AIHE-AF/docx/AIHE-AF_fillable_template.docx,AIHE_Canon_V1.0/ch/08/core/AIHE-B05/supp/AIHE-AF/docx/AIHE-AF_fillable_template.docx
digital-resource-companion/chapters/08/core/AIHE-B05/supp/AIHE-AF/docx/AIHE-AF_template.docx,AIHE_Canon_V1.0/ch/08/core/AIHE-B05/supp/AIHE-AF/docx/AIHE-AF_template.docx
digital-resource-companion/chapters/08/core/AIHE-B05/supp/AIHE-AF/docx/AIHE-AF_worked_example.docx,AIHE_Canon_V1.0/ch/08/core/AIHE-B05/supp/AIHE-AF/docx/AIHE-AF_example.docx
digital-resource-companion/chapters/08/core/AIHE-B05/supp/AIHE-AF/flow/PROCESS_FLOW.md,AIHE_Canon_V1.0/ch/08/core/AIHE-B05/supp/AIHE-AF/flow/PROCESS_FLOW.md
digital-resource-companion/chapters/08/core/AIHE-B05/supp/AIHE-AF/flow/flowchart.mmd,AIHE_Canon_V1.0/ch/08/core/AIHE-B05/supp/AIHE-AF/flow/flowchart.mmd
digital-resource-companion/chapters/08/core/AIHE-B05/supp/AIHE-AF/flow/flowchart.png,AIHE_Canon_V1.0/ch/08/core/AIHE-B05/supp/AIHE-AF/flow/flowchart.png
digital-resource-companion/chapters/08/core/AIHE-B05/supp/AIHE-AF/flow/flowchart.svg,AIHE_Canon_V1.0/ch/08/core/AIHE-B05/supp/AIHE-AF/flow/flowchart.svg
digital-resource-companion/chapters/08/core/AIHE-B05/supp/AIHE-AF/flow/steps.csv,AIHE_Canon_V1.0/ch/08/core/AIHE-B05/supp/AIHE-AF/flow/steps.csv
digital-resource-companion/chapters/08/core/AIHE-B05/supp/AIHE-AF/flow/steps.json,AIHE_Canon_V1.0/ch/08/core/AIHE-B05/supp/AIHE-AF/flow/steps.json
digital-resource-companion/chapters/08/core/AIHE-B05/supp/AIHE-AF/metadata.json,AIHE_Canon_V1.0/ch/08/core/AIHE-B05/supp/AIHE-AF/metadata.json
digital-resource-companion/chapters/08/core/AIHE-B05/supp/AIHE-AF/xlsx/AIHE-AF_workbook.xlsx,AIHE_Canon_V1.0/ch/08/core/AIHE-B05/supp/AIHE-AF/xlsx/AIHE-AF_workbook.xlsx
digital-resource-companion/chapters/08/core/AIHE-B05/supp/AIHE-EX04/README.md,AIHE_Canon_V1.0/ch/08/core/AIHE-B05/supp/AIHE-EX04/README.md
digital-resource-companion/chapters/08/core/AIHE-B05/supp/AIHE-EX04/data/AIHE-EX04_blank.csv,AIHE_Canon_V1.0/ch/08/core/AIHE-B05/supp/AIHE-EX04/data/AIHE-EX04_blank.csv
digital-resource-companion/chapters/08/core/AIHE-B05/supp/AIHE-EX04/docx/AIHE-EX04_template.docx,AIHE_Canon_V1.0/ch/08/core/AIHE-B05/supp/AIHE-EX04/docx/AIHE-EX04_template.docx
digital-resource-companion/chapters/08/core/AIHE-B05/supp/AIHE-EX04/docx/AIHE-EX04_worked_example.docx,AIHE_Canon_V1.0/ch/08/core/AIHE-B05/supp/AIHE-EX04/docx/AIHE-EX04_example.docx
digital-resource-companion/chapters/08/core/AIHE-B05/supp/AIHE-EX04/flow/PROCESS_FLOW.md,AIHE_Canon_V1.0/ch/08/core/AIHE-B05/supp/AIHE-EX04/flow/PROCESS_FLOW.md
digital-resource-companion/chapters/08/core/AIHE-B05/supp/AIHE-EX04/flow/flowchart.mmd,AIHE_Canon_V1.0/ch/08/core/AIHE-B05/supp/AIHE-EX04/flow/flowchart.mmd
digital-resource-companion/chapters/08/core/AIHE-B05/supp/AIHE-EX04/flow/flowchart.png,AIHE_Canon_V1.0/ch/08/core/AIHE-B05/supp/AIHE-EX04/flow/flowchart.png
digital-resource-companion/chapters/08/core/AIHE-B05/supp/AIHE-EX04/flow/flowchart.svg,AIHE_Canon_V1.0/ch/08/core/AIHE-B05/supp/AIHE-EX04/flow/flowchart.svg
digital-resource-companion/chapters/08/core/AIHE-B05/supp/AIHE-EX04/flow/steps.csv,AIHE_Canon_V1.0/ch/08/core/AIHE-B05/supp/AIHE-EX04/flow/steps.csv
digital-resource-companion/chapters/08/core/AIHE-B05/supp/AIHE-EX04/flow/steps.json,AIHE_Canon_V1.0/ch/08/core/AIHE-B05/supp/AIHE-EX04/flow/steps.json
digital-resource-companion/chapters/08/core/AIHE-B05/supp/AIHE-EX04/metadata.json,AIHE_Canon_V1.0/ch/08/core/AIHE-B05/supp/AIHE-EX04/metadata.json
digital-resource-companion/chapters/08/core/AIHE-B05/supp/AIHE-EX04/xlsx/AIHE-EX04_workbook.xlsx,AIHE_Canon_V1.0/ch/08/core/AIHE-B05/supp/AIHE-EX04/xlsx/AIHE-EX04_workbook.xlsx
digital-resource-companion/chapters/08/core/AIHE-B05/supp/AIHE-EX06/README.md,AIHE_Canon_V1.0/ch/08/core/AIHE-B05/supp/AIHE-EX06/README.md
digital-resource-companion/chapters/08/core/AIHE-B05/supp/AIHE-EX06/data/AIHE-EX06_blank.csv,AIHE_Canon_V1.0/ch/08/core/AIHE-B05/supp/AIHE-EX06/data/AIHE-EX06_blank.csv
digital-resource-companion/chapters/08/core/AIHE-B05/supp/AIHE-EX06/docx/AIHE-EX06_template.docx,AIHE_Canon_V1.0/ch/08/core/AIHE-B05/supp/AIHE-EX06/docx/AIHE-EX06_template.docx
digital-resource-companion/chapters/08/core/AIHE-B05/supp/AIHE-EX06/docx/AIHE-EX06_worked_example.docx,AIHE_Canon_V1.0/ch/08/core/AIHE-B05/supp/AIHE-EX06/docx/AIHE-EX06_example.docx
digital-resource-companion/chapters/08/core/AIHE-B05/supp/AIHE-EX06/flow/PROCESS_FLOW.md,AIHE_Canon_V1.0/ch/08/core/AIHE-B05/supp/AIHE-EX06/flow/PROCESS_FLOW.md
digital-resource-companion/chapters/08/core/AIHE-B05/supp/AIHE-EX06/flow/flowchart.mmd,AIHE_Canon_V1.0/ch/08/core/AIHE-B05/supp/AIHE-EX06/flow/flowchart.mmd
digital-resource-companion/chapters/08/core/AIHE-B05/supp/AIHE-EX06/flow/flowchart.png,AIHE_Canon_V1.0/ch/08/core/AIHE-B05/supp/AIHE-EX06/flow/flowchart.png
digital-resource-companion/chapters/08/core/AIHE-B05/supp/AIHE-EX06/flow/flowchart.svg,AIHE_Canon_V1.0/ch/08/core/AIHE-B05/supp/AIHE-EX06/flow/flowchart.svg
digital-resource-companion/chapters/08/core/AIHE-B05/supp/AIHE-EX06/flow/steps.csv,AIHE_Canon_V1.0/ch/08/core/AIHE-B05/supp/AIHE-EX06/flow/steps.csv
digital-resource-companion/chapters/08/core/AIHE-B05/supp/AIHE-EX06/flow/steps.json,AIHE_Canon_V1.0/ch/08/core/AIHE-B05/supp/AIHE-EX06/flow/steps.json
digital-resource-companion/chapters/08/core/AIHE-B05/supp/AIHE-EX06/metadata.json,AIHE_Canon_V1.0/ch/08/core/AIHE-B05/supp/AIHE-EX06/metadata.json
digital-resource-companion/chapters/08/core/AIHE-B05/supp/AIHE-EX06/xlsx/AIHE-EX06_workbook.xlsx,AIHE_Canon_V1.0/ch/08/core/AIHE-B05/supp/AIHE-EX06/xlsx/AIHE-EX06_workbook.xlsx
digital-resource-companion/chapters/08/core/AIHE-B05/supp/AIHE-EX15/README.md,AIHE_Canon_V1.0/ch/08/core/AIHE-B05/supp/AIHE-EX15/README.md
digital-resource-companion/chapters/08/core/AIHE-B05/supp/AIHE-EX15/data/AIHE-EX15.schema.json,AIHE_Canon_V1.0/ch/08/core/AIHE-B05/supp/AIHE-EX15/data/AIHE-EX15.schema.json
digital-resource-companion/chapters/08/core/AIHE-B05/supp/AIHE-EX15/data/AIHE-EX15_blank.csv,AIHE_Canon_V1.0/ch/08/core/AIHE-B05/supp/AIHE-EX15/data/AIHE-EX15_blank.csv
digital-resource-companion/chapters/08/core/AIHE-B05/supp/AIHE-EX15/docx/AIHE-EX15_fillable_template.docx,AIHE_Canon_V1.0/ch/08/core/AIHE-B05/supp/AIHE-EX15/docx/AIHE-EX15_fillable_template.docx
digital-resource-companion/chapters/08/core/AIHE-B05/supp/AIHE-EX15/docx/AIHE-EX15_template.docx,AIHE_Canon_V1.0/ch/08/core/AIHE-B05/supp/AIHE-EX15/docx/AIHE-EX15_template.docx
digital-resource-companion/chapters/08/core/AIHE-B05/supp/AIHE-EX15/docx/AIHE-EX15_worked_example.docx,AIHE_Canon_V1.0/ch/08/core/AIHE-B05/supp/AIHE-EX15/docx/AIHE-EX15_example.docx
digital-resource-companion/chapters/08/core/AIHE-B05/supp/AIHE-EX15/flow/PROCESS_FLOW.md,AIHE_Canon_V1.0/ch/08/core/AIHE-B05/supp/AIHE-EX15/flow/PROCESS_FLOW.md
digital-resource-companion/chapters/08/core/AIHE-B05/supp/AIHE-EX15/flow/flowchart.mmd,AIHE_Canon_V1.0/ch/08/core/AIHE-B05/supp/AIHE-EX15/flow/flowchart.mmd
digital-resource-companion/chapters/08/core/AIHE-B05/supp/AIHE-EX15/flow/flowchart.png,AIHE_Canon_V1.0/ch/08/core/AIHE-B05/supp/AIHE-EX15/flow/flowchart.png
digital-resource-companion/chapters/08/core/AIHE-B05/supp/AIHE-EX15/flow/flowchart.svg,AIHE_Canon_V1.0/ch/08/core/AIHE-B05/supp/AIHE-EX15/flow/flowchart.svg
digital-resource-companion/chapters/08/core/AIHE-B05/supp/AIHE-EX15/flow/steps.csv,AIHE_Canon_V1.0/ch/08/core/AIHE-B05/supp/AIHE-EX15/flow/steps.csv
digital-resource-companion/chapters/08/core/AIHE-B05/supp/AIHE-EX15/flow/steps.json,AIHE_Canon_V1.0/ch/08/core/AIHE-B05/supp/AIHE-EX15/flow/steps.json
digital-resource-companion/chapters/08/core/AIHE-B05/supp/AIHE-EX15/metadata.json,AIHE_Canon_V1.0/ch/08/core/AIHE-B05/supp/AIHE-EX15/metadata.json
digital-resource-companion/chapters/08/core/AIHE-B05/supp/AIHE-EX15/xlsx/AIHE-EX15_workbook.xlsx,AIHE_Canon_V1.0/ch/08/core/AIHE-B05/supp/AIHE-EX15/xlsx/AIHE-EX15_workbook.xlsx
digital-resource-companion/chapters/08/core/AIHE-B05/supp/AIHE-EX16/README.md,AIHE_Canon_V1.0/ch/08/core/AIHE-B05/supp/AIHE-EX16/README.md
digital-resource-companion/chapters/08/core/AIHE-B05/supp/AIHE-EX16/data/AIHE-EX16.schema.json,AIHE_Canon_V1.0/ch/08/core/AIHE-B05/supp/AIHE-EX16/data/AIHE-EX16.schema.json
digital-resource-companion/chapters/08/core/AIHE-B05/supp/AIHE-EX16/data/AIHE-EX16_blank.csv,AIHE_Canon_V1.0/ch/08/core/AIHE-B05/supp/AIHE-EX16/data/AIHE-EX16_blank.csv
digital-resource-companion/chapters/08/core/AIHE-B05/supp/AIHE-EX16/docx/AIHE-EX16_fillable_template.docx,AIHE_Canon_V1.0/ch/08/core/AIHE-B05/supp/AIHE-EX16/docx/AIHE-EX16_fillable_template.docx
digital-resource-companion/chapters/08/core/AIHE-B05/supp/AIHE-EX16/docx/AIHE-EX16_template.docx,AIHE_Canon_V1.0/ch/08/core/AIHE-B05/supp/AIHE-EX16/docx/AIHE-EX16_template.docx
digital-resource-companion/chapters/08/core/AIHE-B05/supp/AIHE-EX16/docx/AIHE-EX16_worked_example.docx,AIHE_Canon_V1.0/ch/08/core/AIHE-B05/supp/AIHE-EX16/docx/AIHE-EX16_example.docx
digital-resource-companion/chapters/08/core/AIHE-B05/supp/AIHE-EX16/flow/PROCESS_FLOW.md,AIHE_Canon_V1.0/ch/08/core/AIHE-B05/supp/AIHE-EX16/flow/PROCESS_FLOW.md
digital-resource-companion/chapters/08/core/AIHE-B05/supp/AIHE-EX16/flow/flowchart.mmd,AIHE_Canon_V1.0/ch/08/core/AIHE-B05/supp/AIHE-EX16/flow/flowchart.mmd
digital-resource-companion/chapters/08/core/AIHE-B05/supp/AIHE-EX16/flow/flowchart.png,AIHE_Canon_V1.0/ch/08/core/AIHE-B05/supp/AIHE-EX16/flow/flowchart.png
digital-resource-companion/chapters/08/core/AIHE-B05/supp/AIHE-EX16/flow/flowchart.svg,AIHE_Canon_V1.0/ch/08/core/AIHE-B05/supp/AIHE-EX16/flow/flowchart.svg
digital-resource-companion/chapters/08/core/AIHE-B05/supp/AIHE-EX16/flow/steps.csv,AIHE_Canon_V1.0/ch/08/core/AIHE-B05/supp/AIHE-EX16/flow/steps.csv
digital-resource-companion/chapters/08/core/AIHE-B05/supp/AIHE-EX16/flow/steps.json,AIHE_Canon_V1.0/ch/08/core/AIHE-B05/supp/AIHE-EX16/flow/steps.json
digital-resource-companion/chapters/08/core/AIHE-B05/supp/AIHE-EX16/metadata.json,AIHE_Canon_V1.0/ch/08/core/AIHE-B05/supp/AIHE-EX16/metadata.json
digital-resource-companion/chapters/08/core/AIHE-B05/supp/AIHE-EX16/xlsx/AIHE-EX16_workbook.xlsx,AIHE_Canon_V1.0/ch/08/core/AIHE-B05/supp/AIHE-EX16/xlsx/AIHE-EX16_workbook.xlsx
digital-resource-companion/chapters/08/flow/DECISION_GATES.md,AIHE_Canon_V1.0/ch/08/flow/DECISION_GATES.md
digital-resource-companion/chapters/08/flow/PROCESS_FLOW.md,AIHE_Canon_V1.0/ch/08/flow/PROCESS_FLOW.md
digital-resource-companion/chapters/08/flow/flowchart.mmd,AIHE_Canon_V1.0/ch/08/flow/flowchart.mmd
digital-resource-companion/chapters/08/flow/flowchart.png,AIHE_Canon_V1.0/ch/08/flow/flowchart.png
digital-resource-companion/chapters/08/flow/flowchart.svg,AIHE_Canon_V1.0/ch/08/flow/flowchart.svg
digital-resource-companion/chapters/08/flow/metadata.json,AIHE_Canon_V1.0/ch/08/flow/metadata.json
digital-resource-companion/chapters/08/flow/steps.csv,AIHE_Canon_V1.0/ch/08/flow/steps.csv
digital-resource-companion/chapters/08/flow/steps.json,AIHE_Canon_V1.0/ch/08/flow/steps.json
digital-resource-companion/chapters/08/guides/AIHE-RG05/README.md,AIHE_Canon_V1.0/ch/08/guides/AIHE-RG05/README.md
digital-resource-companion/chapters/08/guides/AIHE-RG05/data/AIHE-RG05_scenario_planning_and_real_options_worksheet.csv,AIHE_Canon_V1.0/ch/08/guides/AIHE-RG05/data/AIHE-RG05_scenario_planning_and_real_options_worksheet.csv
digital-resource-companion/chapters/08/guides/AIHE-RG05/data/AIHE-RG05_scenario_planning_and_real_options_worksheet.md,AIHE_Canon_V1.0/ch/08/guides/AIHE-RG05/data/AIHE-RG05_scenario_planning_and_real_options_worksheet.md
digital-resource-companion/chapters/08/guides/AIHE-RG05/edit/docx/AIHE-RG05_guide_and_template.docx,AIHE_Canon_V1.0/ch/08/guides/AIHE-RG05/edit/docx/AIHE-RG05_guide_and_template.docx
digital-resource-companion/chapters/08/guides/AIHE-RG05/edit/xlsx/AIHE-RG05_register.xlsx,AIHE_Canon_V1.0/ch/08/guides/AIHE-RG05/edit/xlsx/AIHE-RG05_register.xlsx
digital-resource-companion/chapters/08/guides/AIHE-RG05/flow/PROCESS_FLOW.md,AIHE_Canon_V1.0/ch/08/guides/AIHE-RG05/flow/PROCESS_FLOW.md
digital-resource-companion/chapters/08/guides/AIHE-RG05/flow/steps.csv,AIHE_Canon_V1.0/ch/08/guides/AIHE-RG05/flow/steps.csv
digital-resource-companion/chapters/08/guides/AIHE-RG05/flow/steps.json,AIHE_Canon_V1.0/ch/08/guides/AIHE-RG05/flow/steps.json
digital-resource-companion/chapters/08/guides/AIHE-RG05/metadata.json,AIHE_Canon_V1.0/ch/08/guides/AIHE-RG05/metadata.json
digital-resource-companion/chapters/08/python_analytics/AIHE-PY14_deterministic_sensitivity_and_tornado_analysis/README.md,AIHE_Canon_V1.0/ch/08/py/PY14_sensitivity/README.md
digital-resource-companion/chapters/08/python_analytics/AIHE-PY14_deterministic_sensitivity_and_tornado_analysis/README_V1.0.md,AIHE_Canon_V1.0/ch/08/py/PY14_sensitivity/README_V1.0.md
digital-resource-companion/chapters/08/python_analytics/AIHE-PY14_deterministic_sensitivity_and_tornado_analysis/data/README.md,AIHE_Canon_V1.0/ch/08/py/PY14_sensitivity/data/README.md
digital-resource-companion/chapters/08/python_analytics/AIHE-PY14_deterministic_sensitivity_and_tornado_analysis/data/xlsx/14_deterministic_sensitivity_tornado_sample.xlsx,AIHE_Canon_V1.0/ch/08/py/PY14_sensitivity/data/xlsx/14_deterministic_sensitivity_tornado_sample.xlsx
digital-resource-companion/chapters/08/python_analytics/AIHE-PY14_deterministic_sensitivity_and_tornado_analysis/data/xlsx/14_deterministic_sensitivity_tornado_template.xlsx,AIHE_Canon_V1.0/ch/08/py/PY14_sensitivity/data/xlsx/14_deterministic_sensitivity_tornado_template.xlsx
digital-resource-companion/chapters/08/python_analytics/AIHE-PY14_deterministic_sensitivity_and_tornado_analysis/environment/environment.yml,AIHE_Canon_V1.0/ch/08/py/PY14_sensitivity/environment/environment.yml
digital-resource-companion/chapters/08/python_analytics/AIHE-PY14_deterministic_sensitivity_and_tornado_analysis/environment/requirements.txt,AIHE_Canon_V1.0/ch/08/py/PY14_sensitivity/environment/requirements.txt
digital-resource-companion/chapters/08/python_analytics/AIHE-PY14_deterministic_sensitivity_and_tornado_analysis/metadata.json,AIHE_Canon_V1.0/ch/08/py/PY14_sensitivity/metadata.json
digital-resource-companion/chapters/08/python_analytics/AIHE-PY14_deterministic_sensitivity_and_tornado_analysis/notebook/14_deterministic_sensitivity_tornado.ipynb,AIHE_Canon_V1.0/ch/08/py/PY14_sensitivity/notebook/14_deterministic_sensitivity_tornado.ipynb
digital-resource-companion/chapters/08/python_analytics/AIHE-PY14_deterministic_sensitivity_and_tornado_analysis/notebook/COLAB_INSTRUCTIONS.md,AIHE_Canon_V1.0/ch/08/py/PY14_sensitivity/notebook/COLAB_INSTRUCTIONS.md
digital-resource-companion/chapters/08/python_analytics/AIHE-PY14_deterministic_sensitivity_and_tornado_analysis/notebook/README.md,AIHE_Canon_V1.0/ch/08/py/PY14_sensitivity/notebook/README.md
digital-resource-companion/chapters/08/python_analytics/AIHE-PY14_deterministic_sensitivity_and_tornado_analysis/outputs/example/one_way_sensitivity.csv,AIHE_Canon_V1.0/ch/08/py/PY14_sensitivity/outputs/example/one_way_sensitivity.csv
digital-resource-companion/chapters/08/python_analytics/AIHE-PY14_deterministic_sensitivity_and_tornado_analysis/outputs/example/summary.json,AIHE_Canon_V1.0/ch/08/py/PY14_sensitivity/outputs/example/summary.json
digital-resource-companion/chapters/08/python_analytics/AIHE-PY14_deterministic_sensitivity_and_tornado_analysis/outputs/example/tornado_chart.png,AIHE_Canon_V1.0/ch/08/py/PY14_sensitivity/outputs/example/tornado_chart.png
digital-resource-companion/chapters/08/python_analytics/AIHE-PY14_deterministic_sensitivity_and_tornado_analysis/outputs/generated/.gitkeep,AIHE_Canon_V1.0/ch/08/py/PY14_sensitivity/outputs/generated/.gitkeep
digital-resource-companion/chapters/08/python_analytics/AIHE-PY14_deterministic_sensitivity_and_tornado_analysis/python/14_deterministic_sensitivity_tornado.py,AIHE_Canon_V1.0/ch/08/py/PY14_sensitivity/python/14_deterministic_sensitivity_tornado.py
digital-resource-companion/chapters/08/python_analytics/AIHE-PY14_deterministic_sensitivity_and_tornado_analysis/python/14_one_way_sensitivity_scenario_and_threshold_analysis_V1_0.py,AIHE_Canon_V1.0/ch/08/py/PY14_sensitivity/python/14_one_way_sensitivity_scenario_and_threshold_analysis_V1_0.py
digital-resource-companion/chapters/08/python_analytics/AIHE-PY14_deterministic_sensitivity_and_tornado_analysis/run_python.bat,AIHE_Canon_V1.0/ch/08/py/PY14_sensitivity/run_python.bat
digital-resource-companion/chapters/08/python_analytics/AIHE-PY14_deterministic_sensitivity_and_tornado_analysis/run_python.sh,AIHE_Canon_V1.0/ch/08/py/PY14_sensitivity/run_python.sh
digital-resource-companion/chapters/08/python_analytics/AIHE-PY14_deterministic_sensitivity_and_tornado_analysis/src/aihe_analytics/__init__.py,AIHE_Canon_V1.0/ch/08/py/PY14_sensitivity/src/aihe_analytics/__init__.py
digital-resource-companion/chapters/08/python_analytics/AIHE-PY14_deterministic_sensitivity_and_tornado_analysis/src/aihe_analytics/io.py,AIHE_Canon_V1.0/ch/08/py/PY14_sensitivity/src/aihe_analytics/io.py
digital-resource-companion/chapters/08/python_analytics/AIHE-PY14_deterministic_sensitivity_and_tornado_analysis/src/aihe_analytics/module_14_deterministic_sensitivity_tornado.py,AIHE_Canon_V1.0/ch/08/py/PY14_sensitivity/src/aihe_analytics/module_14_deterministic_sensitivity_tornado.py
digital-resource-companion/chapters/08/python_analytics/AIHE-PY14_deterministic_sensitivity_and_tornado_analysis/src/aihe_analytics/plotting.py,AIHE_Canon_V1.0/ch/08/py/PY14_sensitivity/src/aihe_analytics/plotting.py
digital-resource-companion/chapters/08/python_analytics/AIHE-PY15_probabilistic_sensitivity_analysis_ceac_and_evpi/README.md,AIHE_Canon_V1.0/ch/08/py/PY15_psa_voi/README.md
digital-resource-companion/chapters/08/python_analytics/AIHE-PY15_probabilistic_sensitivity_analysis_ceac_and_evpi/README_V1.0.md,AIHE_Canon_V1.0/ch/08/py/PY15_psa_voi/README_V1.0.md
digital-resource-companion/chapters/08/python_analytics/AIHE-PY15_probabilistic_sensitivity_analysis_ceac_and_evpi/data/README.md,AIHE_Canon_V1.0/ch/08/py/PY15_psa_voi/data/README.md
digital-resource-companion/chapters/08/python_analytics/AIHE-PY15_probabilistic_sensitivity_analysis_ceac_and_evpi/data/xlsx/15_probabilistic_sensitivity_ceac_evpi_sample.xlsx,AIHE_Canon_V1.0/ch/08/py/PY15_psa_voi/data/xlsx/15_probabilistic_sensitivity_ceac_evpi_sample.xlsx
digital-resource-companion/chapters/08/python_analytics/AIHE-PY15_probabilistic_sensitivity_analysis_ceac_and_evpi/data/xlsx/15_probabilistic_sensitivity_ceac_evpi_template.xlsx,AIHE_Canon_V1.0/ch/08/py/PY15_psa_voi/data/xlsx/15_probabilistic_sensitivity_ceac_evpi_template.xlsx
digital-resource-companion/chapters/08/python_analytics/AIHE-PY15_probabilistic_sensitivity_analysis_ceac_and_evpi/environment/environment.yml,AIHE_Canon_V1.0/ch/08/py/PY15_psa_voi/environment/environment.yml
digital-resource-companion/chapters/08/python_analytics/AIHE-PY15_probabilistic_sensitivity_analysis_ceac_and_evpi/environment/requirements.txt,AIHE_Canon_V1.0/ch/08/py/PY15_psa_voi/environment/requirements.txt
digital-resource-companion/chapters/08/python_analytics/AIHE-PY15_probabilistic_sensitivity_analysis_ceac_and_evpi/metadata.json,AIHE_Canon_V1.0/ch/08/py/PY15_psa_voi/metadata.json
digital-resource-companion/chapters/08/python_analytics/AIHE-PY15_probabilistic_sensitivity_analysis_ceac_and_evpi/notebook/15_probabilistic_sensitivity_ceac_evpi.ipynb,AIHE_Canon_V1.0/ch/08/py/PY15_psa_voi/notebook/15_probabilistic_sensitivity_ceac_evpi.ipynb
digital-resource-companion/chapters/08/python_analytics/AIHE-PY15_probabilistic_sensitivity_analysis_ceac_and_evpi/notebook/COLAB_INSTRUCTIONS.md,AIHE_Canon_V1.0/ch/08/py/PY15_psa_voi/notebook/COLAB_INSTRUCTIONS.md
digital-resource-companion/chapters/08/python_analytics/AIHE-PY15_probabilistic_sensitivity_analysis_ceac_and_evpi/notebook/README.md,AIHE_Canon_V1.0/ch/08/py/PY15_psa_voi/notebook/README.md
digital-resource-companion/chapters/08/python_analytics/AIHE-PY15_probabilistic_sensitivity_analysis_ceac_and_evpi/outputs/example/ceac.png,AIHE_Canon_V1.0/ch/08/py/PY15_psa_voi/outputs/example/ceac.png
digital-resource-companion/chapters/08/python_analytics/AIHE-PY15_probabilistic_sensitivity_analysis_ceac_and_evpi/outputs/example/ceac_evpi.csv,AIHE_Canon_V1.0/ch/08/py/PY15_psa_voi/outputs/example/ceac_evpi.csv
digital-resource-companion/chapters/08/python_analytics/AIHE-PY15_probabilistic_sensitivity_analysis_ceac_and_evpi/outputs/example/evpi.png,AIHE_Canon_V1.0/ch/08/py/PY15_psa_voi/outputs/example/evpi.png
digital-resource-companion/chapters/08/python_analytics/AIHE-PY15_probabilistic_sensitivity_analysis_ceac_and_evpi/outputs/example/psa_cost_effectiveness_plane.png,AIHE_Canon_V1.0/ch/08/py/PY15_psa_voi/outputs/example/psa_cost_effectiveness_plane.png
digital-resource-companion/chapters/08/python_analytics/AIHE-PY15_probabilistic_sensitivity_analysis_ceac_and_evpi/outputs/example/psa_draws.csv,AIHE_Canon_V1.0/ch/08/py/PY15_psa_voi/outputs/example/psa_draws.csv
digital-resource-companion/chapters/08/python_analytics/AIHE-PY15_probabilistic_sensitivity_analysis_ceac_and_evpi/outputs/example/summary.json,AIHE_Canon_V1.0/ch/08/py/PY15_psa_voi/outputs/example/summary.json
digital-resource-companion/chapters/08/python_analytics/AIHE-PY15_probabilistic_sensitivity_analysis_ceac_and_evpi/outputs/generated/.gitkeep,AIHE_Canon_V1.0/ch/08/py/PY15_psa_voi/outputs/generated/.gitkeep
digital-resource-companion/chapters/08/python_analytics/AIHE-PY15_probabilistic_sensitivity_analysis_ceac_and_evpi/python/15_probabilistic_analysis_value_of_information_evsi_and_expected_net_benefit_of_sampling_V1_0.py,AIHE_Canon_V1.0/ch/08/py/PY15_psa_voi/python/15_probabilistic_analysi_223f984a.py
digital-resource-companion/chapters/08/python_analytics/AIHE-PY15_probabilistic_sensitivity_analysis_ceac_and_evpi/python/15_probabilistic_sensitivity_ceac_evpi.py,AIHE_Canon_V1.0/ch/08/py/PY15_psa_voi/python/15_probabilistic_sensitivity_ceac_evpi.py
digital-resource-companion/chapters/08/python_analytics/AIHE-PY15_probabilistic_sensitivity_analysis_ceac_and_evpi/run_python.bat,AIHE_Canon_V1.0/ch/08/py/PY15_psa_voi/run_python.bat
digital-resource-companion/chapters/08/python_analytics/AIHE-PY15_probabilistic_sensitivity_analysis_ceac_and_evpi/run_python.sh,AIHE_Canon_V1.0/ch/08/py/PY15_psa_voi/run_python.sh
digital-resource-companion/chapters/08/python_analytics/AIHE-PY15_probabilistic_sensitivity_analysis_ceac_and_evpi/src/aihe_analytics/__init__.py,AIHE_Canon_V1.0/ch/08/py/PY15_psa_voi/src/aihe_analytics/__init__.py
digital-resource-companion/chapters/08/python_analytics/AIHE-PY15_probabilistic_sensitivity_analysis_ceac_and_evpi/src/aihe_analytics/io.py,AIHE_Canon_V1.0/ch/08/py/PY15_psa_voi/src/aihe_analytics/io.py
digital-resource-companion/chapters/08/python_analytics/AIHE-PY15_probabilistic_sensitivity_analysis_ceac_and_evpi/src/aihe_analytics/module_15_probabilistic_sensitivity_ceac_evpi.py,AIHE_Canon_V1.0/ch/08/py/PY15_psa_voi/src/aihe_analytics/module_15_probabilistic_sensitivity_ceac_evpi.py
digital-resource-companion/chapters/08/python_analytics/AIHE-PY15_probabilistic_sensitivity_analysis_ceac_and_evpi/src/aihe_analytics/plotting.py,AIHE_Canon_V1.0/ch/08/py/PY15_psa_voi/src/aihe_analytics/plotting.py
digital-resource-companion/chapters/08/python_analytics/AIHE-PY18_decision_tree_pathway_model/README.md,AIHE_Canon_V1.0/ch/08/py/PY18_decision_tree/README.md
digital-resource-companion/chapters/08/python_analytics/AIHE-PY18_decision_tree_pathway_model/data/README.md,AIHE_Canon_V1.0/ch/08/py/PY18_decision_tree/data/README.md
digital-resource-companion/chapters/08/python_analytics/AIHE-PY18_decision_tree_pathway_model/data/xlsx/18_decision_tree_pathway_sample.xlsx,AIHE_Canon_V1.0/ch/08/py/PY18_decision_tree/data/xlsx/18_decision_tree_pathway_sample.xlsx
digital-resource-companion/chapters/08/python_analytics/AIHE-PY18_decision_tree_pathway_model/data/xlsx/18_decision_tree_pathway_template.xlsx,AIHE_Canon_V1.0/ch/08/py/PY18_decision_tree/data/xlsx/18_decision_tree_pathway_template.xlsx
digital-resource-companion/chapters/08/python_analytics/AIHE-PY18_decision_tree_pathway_model/environment/environment.yml,AIHE_Canon_V1.0/ch/08/py/PY18_decision_tree/environment/environment.yml
digital-resource-companion/chapters/08/python_analytics/AIHE-PY18_decision_tree_pathway_model/environment/requirements.txt,AIHE_Canon_V1.0/ch/08/py/PY18_decision_tree/environment/requirements.txt
digital-resource-companion/chapters/08/python_analytics/AIHE-PY18_decision_tree_pathway_model/metadata.json,AIHE_Canon_V1.0/ch/08/py/PY18_decision_tree/metadata.json
digital-resource-companion/chapters/08/python_analytics/AIHE-PY18_decision_tree_pathway_model/notebook/18_decision_tree_pathway.ipynb,AIHE_Canon_V1.0/ch/08/py/PY18_decision_tree/notebook/18_decision_tree_pathway.ipynb
digital-resource-companion/chapters/08/python_analytics/AIHE-PY18_decision_tree_pathway_model/notebook/COLAB_INSTRUCTIONS.md,AIHE_Canon_V1.0/ch/08/py/PY18_decision_tree/notebook/COLAB_INSTRUCTIONS.md
digital-resource-companion/chapters/08/python_analytics/AIHE-PY18_decision_tree_pathway_model/notebook/README.md,AIHE_Canon_V1.0/ch/08/py/PY18_decision_tree/notebook/README.md
digital-resource-companion/chapters/08/python_analytics/AIHE-PY18_decision_tree_pathway_model/outputs/example/branch_contributions.csv,AIHE_Canon_V1.0/ch/08/py/PY18_decision_tree/outputs/example/branch_contributions.csv
digital-resource-companion/chapters/08/python_analytics/AIHE-PY18_decision_tree_pathway_model/outputs/example/branch_cost_contributions.png,AIHE_Canon_V1.0/ch/08/py/PY18_decision_tree/outputs/example/branch_cost_contributions.png
digital-resource-companion/chapters/08/python_analytics/AIHE-PY18_decision_tree_pathway_model/outputs/example/strategy_expected_values.csv,AIHE_Canon_V1.0/ch/08/py/PY18_decision_tree/outputs/example/strategy_expected_values.csv
digital-resource-companion/chapters/08/python_analytics/AIHE-PY18_decision_tree_pathway_model/outputs/example/summary.json,AIHE_Canon_V1.0/ch/08/py/PY18_decision_tree/outputs/example/summary.json
digital-resource-companion/chapters/08/python_analytics/AIHE-PY18_decision_tree_pathway_model/outputs/generated/.gitkeep,AIHE_Canon_V1.0/ch/08/py/PY18_decision_tree/outputs/generated/.gitkeep
digital-resource-companion/chapters/08/python_analytics/AIHE-PY18_decision_tree_pathway_model/python/18_decision_tree_pathway.py,AIHE_Canon_V1.0/ch/08/py/PY18_decision_tree/python/18_decision_tree_pathway.py
digital-resource-companion/chapters/08/python_analytics/AIHE-PY18_decision_tree_pathway_model/run_python.bat,AIHE_Canon_V1.0/ch/08/py/PY18_decision_tree/run_python.bat
digital-resource-companion/chapters/08/python_analytics/AIHE-PY18_decision_tree_pathway_model/run_python.sh,AIHE_Canon_V1.0/ch/08/py/PY18_decision_tree/run_python.sh
digital-resource-companion/chapters/08/python_analytics/AIHE-PY18_decision_tree_pathway_model/src/aihe_analytics/__init__.py,AIHE_Canon_V1.0/ch/08/py/PY18_decision_tree/src/aihe_analytics/__init__.py
digital-resource-companion/chapters/08/python_analytics/AIHE-PY18_decision_tree_pathway_model/src/aihe_analytics/io.py,AIHE_Canon_V1.0/ch/08/py/PY18_decision_tree/src/aihe_analytics/io.py
digital-resource-companion/chapters/08/python_analytics/AIHE-PY18_decision_tree_pathway_model/src/aihe_analytics/module_18_decision_tree_pathway.py,AIHE_Canon_V1.0/ch/08/py/PY18_decision_tree/src/aihe_analytics/module_18_decision_tree_pathway.py
digital-resource-companion/chapters/08/python_analytics/AIHE-PY18_decision_tree_pathway_model/src/aihe_analytics/plotting.py,AIHE_Canon_V1.0/ch/08/py/PY18_decision_tree/src/aihe_analytics/plotting.py
digital-resource-companion/chapters/08/python_analytics/AIHE-PY19_markov_cohort_model_for_long_term_ai_evaluation/README.md,AIHE_Canon_V1.0/ch/08/py/PY19_markov/README.md
digital-resource-companion/chapters/08/python_analytics/AIHE-PY19_markov_cohort_model_for_long_term_ai_evaluation/data/README.md,AIHE_Canon_V1.0/ch/08/py/PY19_markov/data/README.md
digital-resource-companion/chapters/08/python_analytics/AIHE-PY19_markov_cohort_model_for_long_term_ai_evaluation/data/xlsx/19_markov_cohort_model_sample.xlsx,AIHE_Canon_V1.0/ch/08/py/PY19_markov/data/xlsx/19_markov_cohort_model_sample.xlsx
digital-resource-companion/chapters/08/python_analytics/AIHE-PY19_markov_cohort_model_for_long_term_ai_evaluation/data/xlsx/19_markov_cohort_model_template.xlsx,AIHE_Canon_V1.0/ch/08/py/PY19_markov/data/xlsx/19_markov_cohort_model_template.xlsx
digital-resource-companion/chapters/08/python_analytics/AIHE-PY19_markov_cohort_model_for_long_term_ai_evaluation/environment/environment.yml,AIHE_Canon_V1.0/ch/08/py/PY19_markov/environment/environment.yml
digital-resource-companion/chapters/08/python_analytics/AIHE-PY19_markov_cohort_model_for_long_term_ai_evaluation/environment/requirements.txt,AIHE_Canon_V1.0/ch/08/py/PY19_markov/environment/requirements.txt
digital-resource-companion/chapters/08/python_analytics/AIHE-PY19_markov_cohort_model_for_long_term_ai_evaluation/metadata.json,AIHE_Canon_V1.0/ch/08/py/PY19_markov/metadata.json
digital-resource-companion/chapters/08/python_analytics/AIHE-PY19_markov_cohort_model_for_long_term_ai_evaluation/notebook/19_markov_cohort_model.ipynb,AIHE_Canon_V1.0/ch/08/py/PY19_markov/notebook/19_markov_cohort_model.ipynb
digital-resource-companion/chapters/08/python_analytics/AIHE-PY19_markov_cohort_model_for_long_term_ai_evaluation/notebook/COLAB_INSTRUCTIONS.md,AIHE_Canon_V1.0/ch/08/py/PY19_markov/notebook/COLAB_INSTRUCTIONS.md
digital-resource-companion/chapters/08/python_analytics/AIHE-PY19_markov_cohort_model_for_long_term_ai_evaluation/notebook/README.md,AIHE_Canon_V1.0/ch/08/py/PY19_markov/notebook/README.md
digital-resource-companion/chapters/08/python_analytics/AIHE-PY19_markov_cohort_model_for_long_term_ai_evaluation/outputs/example/ai_markov_trace.png,AIHE_Canon_V1.0/ch/08/py/PY19_markov/outputs/example/ai_markov_trace.png
digital-resource-companion/chapters/08/python_analytics/AIHE-PY19_markov_cohort_model_for_long_term_ai_evaluation/outputs/example/ai_trace.csv,AIHE_Canon_V1.0/ch/08/py/PY19_markov/outputs/example/ai_trace.csv
digital-resource-companion/chapters/08/python_analytics/AIHE-PY19_markov_cohort_model_for_long_term_ai_evaluation/outputs/example/strategy_summary.csv,AIHE_Canon_V1.0/ch/08/py/PY19_markov/outputs/example/strategy_summary.csv
digital-resource-companion/chapters/08/python_analytics/AIHE-PY19_markov_cohort_model_for_long_term_ai_evaluation/outputs/example/summary.json,AIHE_Canon_V1.0/ch/08/py/PY19_markov/outputs/example/summary.json
digital-resource-companion/chapters/08/python_analytics/AIHE-PY19_markov_cohort_model_for_long_term_ai_evaluation/outputs/example/usual_care_trace.csv,AIHE_Canon_V1.0/ch/08/py/PY19_markov/outputs/example/usual_care_trace.csv
digital-resource-companion/chapters/08/python_analytics/AIHE-PY19_markov_cohort_model_for_long_term_ai_evaluation/outputs/generated/.gitkeep,AIHE_Canon_V1.0/ch/08/py/PY19_markov/outputs/generated/.gitkeep
digital-resource-companion/chapters/08/python_analytics/AIHE-PY19_markov_cohort_model_for_long_term_ai_evaluation/python/19_markov_cohort_model.py,AIHE_Canon_V1.0/ch/08/py/PY19_markov/python/19_markov_cohort_model.py
digital-resource-companion/chapters/08/python_analytics/AIHE-PY19_markov_cohort_model_for_long_term_ai_evaluation/run_python.bat,AIHE_Canon_V1.0/ch/08/py/PY19_markov/run_python.bat
digital-resource-companion/chapters/08/python_analytics/AIHE-PY19_markov_cohort_model_for_long_term_ai_evaluation/run_python.sh,AIHE_Canon_V1.0/ch/08/py/PY19_markov/run_python.sh
digital-resource-companion/chapters/08/python_analytics/AIHE-PY19_markov_cohort_model_for_long_term_ai_evaluation/src/aihe_analytics/__init__.py,AIHE_Canon_V1.0/ch/08/py/PY19_markov/src/aihe_analytics/__init__.py
digital-resource-companion/chapters/08/python_analytics/AIHE-PY19_markov_cohort_model_for_long_term_ai_evaluation/src/aihe_analytics/io.py,AIHE_Canon_V1.0/ch/08/py/PY19_markov/src/aihe_analytics/io.py
digital-resource-companion/chapters/08/python_analytics/AIHE-PY19_markov_cohort_model_for_long_term_ai_evaluation/src/aihe_analytics/module_19_markov_cohort_model.py,AIHE_Canon_V1.0/ch/08/py/PY19_markov/src/aihe_analytics/module_19_markov_cohort_model.py
digital-resource-companion/chapters/08/python_analytics/AIHE-PY19_markov_cohort_model_for_long_term_ai_evaluation/src/aihe_analytics/plotting.py,AIHE_Canon_V1.0/ch/08/py/PY19_markov/src/aihe_analytics/plotting.py
digital-resource-companion/chapters/08/python_analytics/AIHE-PY20_patient_level_microsimulation/README.md,AIHE_Canon_V1.0/ch/08/py/PY20_microsim/README.md
digital-resource-companion/chapters/08/python_analytics/AIHE-PY20_patient_level_microsimulation/data/README.md,AIHE_Canon_V1.0/ch/08/py/PY20_microsim/data/README.md
digital-resource-companion/chapters/08/python_analytics/AIHE-PY20_patient_level_microsimulation/data/xlsx/20_patient_microsimulation_sample.xlsx,AIHE_Canon_V1.0/ch/08/py/PY20_microsim/data/xlsx/20_patient_microsimulation_sample.xlsx
digital-resource-companion/chapters/08/python_analytics/AIHE-PY20_patient_level_microsimulation/data/xlsx/20_patient_microsimulation_template.xlsx,AIHE_Canon_V1.0/ch/08/py/PY20_microsim/data/xlsx/20_patient_microsimulation_template.xlsx
digital-resource-companion/chapters/08/python_analytics/AIHE-PY20_patient_level_microsimulation/environment/environment.yml,AIHE_Canon_V1.0/ch/08/py/PY20_microsim/environment/environment.yml
digital-resource-companion/chapters/08/python_analytics/AIHE-PY20_patient_level_microsimulation/environment/requirements.txt,AIHE_Canon_V1.0/ch/08/py/PY20_microsim/environment/requirements.txt
digital-resource-companion/chapters/08/python_analytics/AIHE-PY20_patient_level_microsimulation/metadata.json,AIHE_Canon_V1.0/ch/08/py/PY20_microsim/metadata.json
digital-resource-companion/chapters/08/python_analytics/AIHE-PY20_patient_level_microsimulation/notebook/20_patient_microsimulation.ipynb,AIHE_Canon_V1.0/ch/08/py/PY20_microsim/notebook/20_patient_microsimulation.ipynb
digital-resource-companion/chapters/08/python_analytics/AIHE-PY20_patient_level_microsimulation/notebook/COLAB_INSTRUCTIONS.md,AIHE_Canon_V1.0/ch/08/py/PY20_microsim/notebook/COLAB_INSTRUCTIONS.md
digital-resource-companion/chapters/08/python_analytics/AIHE-PY20_patient_level_microsimulation/notebook/README.md,AIHE_Canon_V1.0/ch/08/py/PY20_microsim/notebook/README.md
digital-resource-companion/chapters/08/python_analytics/AIHE-PY20_patient_level_microsimulation/outputs/example/patient_level_results.csv,AIHE_Canon_V1.0/ch/08/py/PY20_microsim/outputs/example/patient_level_results.csv
digital-resource-companion/chapters/08/python_analytics/AIHE-PY20_patient_level_microsimulation/outputs/example/subgroup_events.png,AIHE_Canon_V1.0/ch/08/py/PY20_microsim/outputs/example/subgroup_events.png
digital-resource-companion/chapters/08/python_analytics/AIHE-PY20_patient_level_microsimulation/outputs/example/subgroup_summary.csv,AIHE_Canon_V1.0/ch/08/py/PY20_microsim/outputs/example/subgroup_summary.csv
digital-resource-companion/chapters/08/python_analytics/AIHE-PY20_patient_level_microsimulation/outputs/example/summary.json,AIHE_Canon_V1.0/ch/08/py/PY20_microsim/outputs/example/summary.json
digital-resource-companion/chapters/08/python_analytics/AIHE-PY20_patient_level_microsimulation/outputs/generated/.gitkeep,AIHE_Canon_V1.0/ch/08/py/PY20_microsim/outputs/generated/.gitkeep
digital-resource-companion/chapters/08/python_analytics/AIHE-PY20_patient_level_microsimulation/python/20_patient_microsimulation.py,AIHE_Canon_V1.0/ch/08/py/PY20_microsim/python/20_patient_microsimulation.py
digital-resource-companion/chapters/08/python_analytics/AIHE-PY20_patient_level_microsimulation/run_python.bat,AIHE_Canon_V1.0/ch/08/py/PY20_microsim/run_python.bat
digital-resource-companion/chapters/08/python_analytics/AIHE-PY20_patient_level_microsimulation/run_python.sh,AIHE_Canon_V1.0/ch/08/py/PY20_microsim/run_python.sh
digital-resource-companion/chapters/08/python_analytics/AIHE-PY20_patient_level_microsimulation/src/aihe_analytics/__init__.py,AIHE_Canon_V1.0/ch/08/py/PY20_microsim/src/aihe_analytics/__init__.py
digital-resource-companion/chapters/08/python_analytics/AIHE-PY20_patient_level_microsimulation/src/aihe_analytics/io.py,AIHE_Canon_V1.0/ch/08/py/PY20_microsim/src/aihe_analytics/io.py
digital-resource-companion/chapters/08/python_analytics/AIHE-PY20_patient_level_microsimulation/src/aihe_analytics/module_20_patient_microsimulation.py,AIHE_Canon_V1.0/ch/08/py/PY20_microsim/src/aihe_analytics/module_20_patient_microsimulation.py
digital-resource-companion/chapters/08/python_analytics/AIHE-PY20_patient_level_microsimulation/src/aihe_analytics/plotting.py,AIHE_Canon_V1.0/ch/08/py/PY20_microsim/src/aihe_analytics/plotting.py
digital-resource-companion/chapters/09/README.md,AIHE_Canon_V1.0/ch/09/README.md
digital-resource-companion/chapters/09/core/AIHE-D01/README.md,AIHE_Canon_V1.0/ch/09/core/AIHE-D01/README.md
digital-resource-companion/chapters/09/core/AIHE-D01/data/AIHE-D01.schema.json,AIHE_Canon_V1.0/ch/09/core/AIHE-D01/data/AIHE-D01.schema.json
digital-resource-companion/chapters/09/core/AIHE-D01/data/AIHE-D01_blank.csv,AIHE_Canon_V1.0/ch/09/core/AIHE-D01/data/AIHE-D01_blank.csv
digital-resource-companion/chapters/09/core/AIHE-D01/data/AIHE-D01_blank.json,AIHE_Canon_V1.0/ch/09/core/AIHE-D01/data/AIHE-D01_blank.json
digital-resource-companion/chapters/09/core/AIHE-D01/data/AIHE-D01_worked_example.csv,AIHE_Canon_V1.0/ch/09/core/AIHE-D01/data/AIHE-D01_example.csv
digital-resource-companion/chapters/09/core/AIHE-D01/data/AIHE-D01_worked_example.json,AIHE_Canon_V1.0/ch/09/core/AIHE-D01/data/AIHE-D01_example.json
digital-resource-companion/chapters/09/core/AIHE-D01/edit/docx/AIHE-D01_template_and_worked_example.docx,AIHE_Canon_V1.0/ch/09/core/AIHE-D01/edit/docx/AIHE-D01_template_example.docx
digital-resource-companion/chapters/09/core/AIHE-D01/edit/docx/AIHE-D01_template_and_worked_example_V1.0.docx,AIHE_Canon_V1.0/ch/09/core/AIHE-D01/edit/docx/AIHE-D01_template_example_V1.0.docx
digital-resource-companion/chapters/09/core/AIHE-D01/edit/xlsx/AIHE-D01_workbook.xlsx,AIHE_Canon_V1.0/ch/09/core/AIHE-D01/edit/xlsx/AIHE-D01_workbook.xlsx
digital-resource-companion/chapters/09/core/AIHE-D01/edit/xlsx/AIHE-D01_workbook_V1.0.xlsx,AIHE_Canon_V1.0/ch/09/core/AIHE-D01/edit/xlsx/AIHE-D01_workbook_V1.0.xlsx
digital-resource-companion/chapters/09/core/AIHE-D01/flow/PROCESS_FLOW.md,AIHE_Canon_V1.0/ch/09/core/AIHE-D01/flow/PROCESS_FLOW.md
digital-resource-companion/chapters/09/core/AIHE-D01/flow/flowchart.mmd,AIHE_Canon_V1.0/ch/09/core/AIHE-D01/flow/flowchart.mmd
digital-resource-companion/chapters/09/core/AIHE-D01/flow/flowchart.png,AIHE_Canon_V1.0/ch/09/core/AIHE-D01/flow/flowchart.png
digital-resource-companion/chapters/09/core/AIHE-D01/flow/flowchart.svg,AIHE_Canon_V1.0/ch/09/core/AIHE-D01/flow/flowchart.svg
digital-resource-companion/chapters/09/core/AIHE-D01/flow/steps.csv,AIHE_Canon_V1.0/ch/09/core/AIHE-D01/flow/steps.csv
digital-resource-companion/chapters/09/core/AIHE-D01/flow/steps.json,AIHE_Canon_V1.0/ch/09/core/AIHE-D01/flow/steps.json
digital-resource-companion/chapters/09/core/AIHE-D01/metadata.json,AIHE_Canon_V1.0/ch/09/core/AIHE-D01/metadata.json
digital-resource-companion/chapters/09/core/AIHE-D01/supp/AIHE-D/README.md,AIHE_Canon_V1.0/ch/09/core/AIHE-D01/supp/AIHE-D/README.md
digital-resource-companion/chapters/09/core/AIHE-D01/supp/AIHE-D/data/AIHE-D.schema.json,AIHE_Canon_V1.0/ch/09/core/AIHE-D01/supp/AIHE-D/data/AIHE-D.schema.json
digital-resource-companion/chapters/09/core/AIHE-D01/supp/AIHE-D/data/AIHE-D_S1_T1_Main_blank.csv,AIHE_Canon_V1.0/ch/09/core/AIHE-D01/supp/AIHE-D/data/AIHE-D_S1_T1_Main_blank.csv
digital-resource-companion/chapters/09/core/AIHE-D01/supp/AIHE-D/data/AIHE-D_S1_T1_Main_worked_example.csv,AIHE_Canon_V1.0/ch/09/core/AIHE-D01/supp/AIHE-D/data/AIHE-D_S1_T1_Main_example.csv
digital-resource-companion/chapters/09/core/AIHE-D01/supp/AIHE-D/docx/AIHE-D_template.docx,AIHE_Canon_V1.0/ch/09/core/AIHE-D01/supp/AIHE-D/docx/AIHE-D_template.docx
digital-resource-companion/chapters/09/core/AIHE-D01/supp/AIHE-D/docx/AIHE-D_worked_example.docx,AIHE_Canon_V1.0/ch/09/core/AIHE-D01/supp/AIHE-D/docx/AIHE-D_example.docx
digital-resource-companion/chapters/09/core/AIHE-D01/supp/AIHE-D/flow/PROCESS_FLOW.md,AIHE_Canon_V1.0/ch/09/core/AIHE-D01/supp/AIHE-D/flow/PROCESS_FLOW.md
digital-resource-companion/chapters/09/core/AIHE-D01/supp/AIHE-D/flow/flowchart.mmd,AIHE_Canon_V1.0/ch/09/core/AIHE-D01/supp/AIHE-D/flow/flowchart.mmd
digital-resource-companion/chapters/09/core/AIHE-D01/supp/AIHE-D/flow/flowchart.png,AIHE_Canon_V1.0/ch/09/core/AIHE-D01/supp/AIHE-D/flow/flowchart.png
digital-resource-companion/chapters/09/core/AIHE-D01/supp/AIHE-D/flow/flowchart.svg,AIHE_Canon_V1.0/ch/09/core/AIHE-D01/supp/AIHE-D/flow/flowchart.svg
digital-resource-companion/chapters/09/core/AIHE-D01/supp/AIHE-D/flow/steps.csv,AIHE_Canon_V1.0/ch/09/core/AIHE-D01/supp/AIHE-D/flow/steps.csv
digital-resource-companion/chapters/09/core/AIHE-D01/supp/AIHE-D/flow/steps.json,AIHE_Canon_V1.0/ch/09/core/AIHE-D01/supp/AIHE-D/flow/steps.json
digital-resource-companion/chapters/09/core/AIHE-D01/supp/AIHE-D/metadata.json,AIHE_Canon_V1.0/ch/09/core/AIHE-D01/supp/AIHE-D/metadata.json
digital-resource-companion/chapters/09/core/AIHE-D01/supp/AIHE-D/xlsx/AIHE-D_workbook.xlsx,AIHE_Canon_V1.0/ch/09/core/AIHE-D01/supp/AIHE-D/xlsx/AIHE-D_workbook.xlsx
digital-resource-companion/chapters/09/core/AIHE-D01/supp/AIHE-EX08/README.md,AIHE_Canon_V1.0/ch/09/core/AIHE-D01/supp/AIHE-EX08/README.md
digital-resource-companion/chapters/09/core/AIHE-D01/supp/AIHE-EX08/data/AIHE-EX08_blank.csv,AIHE_Canon_V1.0/ch/09/core/AIHE-D01/supp/AIHE-EX08/data/AIHE-EX08_blank.csv
digital-resource-companion/chapters/09/core/AIHE-D01/supp/AIHE-EX08/docx/AIHE-EX08_template.docx,AIHE_Canon_V1.0/ch/09/core/AIHE-D01/supp/AIHE-EX08/docx/AIHE-EX08_template.docx
digital-resource-companion/chapters/09/core/AIHE-D01/supp/AIHE-EX08/docx/AIHE-EX08_worked_example.docx,AIHE_Canon_V1.0/ch/09/core/AIHE-D01/supp/AIHE-EX08/docx/AIHE-EX08_example.docx
digital-resource-companion/chapters/09/core/AIHE-D01/supp/AIHE-EX08/flow/PROCESS_FLOW.md,AIHE_Canon_V1.0/ch/09/core/AIHE-D01/supp/AIHE-EX08/flow/PROCESS_FLOW.md
digital-resource-companion/chapters/09/core/AIHE-D01/supp/AIHE-EX08/flow/flowchart.mmd,AIHE_Canon_V1.0/ch/09/core/AIHE-D01/supp/AIHE-EX08/flow/flowchart.mmd
digital-resource-companion/chapters/09/core/AIHE-D01/supp/AIHE-EX08/flow/flowchart.png,AIHE_Canon_V1.0/ch/09/core/AIHE-D01/supp/AIHE-EX08/flow/flowchart.png
digital-resource-companion/chapters/09/core/AIHE-D01/supp/AIHE-EX08/flow/flowchart.svg,AIHE_Canon_V1.0/ch/09/core/AIHE-D01/supp/AIHE-EX08/flow/flowchart.svg
digital-resource-companion/chapters/09/core/AIHE-D01/supp/AIHE-EX08/flow/steps.csv,AIHE_Canon_V1.0/ch/09/core/AIHE-D01/supp/AIHE-EX08/flow/steps.csv
digital-resource-companion/chapters/09/core/AIHE-D01/supp/AIHE-EX08/flow/steps.json,AIHE_Canon_V1.0/ch/09/core/AIHE-D01/supp/AIHE-EX08/flow/steps.json
digital-resource-companion/chapters/09/core/AIHE-D01/supp/AIHE-EX08/metadata.json,AIHE_Canon_V1.0/ch/09/core/AIHE-D01/supp/AIHE-EX08/metadata.json
digital-resource-companion/chapters/09/core/AIHE-D01/supp/AIHE-EX08/xlsx/AIHE-EX08_workbook.xlsx,AIHE_Canon_V1.0/ch/09/core/AIHE-D01/supp/AIHE-EX08/xlsx/AIHE-EX08_workbook.xlsx
digital-resource-companion/chapters/09/core/AIHE-D01/supp/AIHE-EX09/README.md,AIHE_Canon_V1.0/ch/09/core/AIHE-D01/supp/AIHE-EX09/README.md
digital-resource-companion/chapters/09/core/AIHE-D01/supp/AIHE-EX09/data/AIHE-EX09_blank.csv,AIHE_Canon_V1.0/ch/09/core/AIHE-D01/supp/AIHE-EX09/data/AIHE-EX09_blank.csv
digital-resource-companion/chapters/09/core/AIHE-D01/supp/AIHE-EX09/docx/AIHE-EX09_template.docx,AIHE_Canon_V1.0/ch/09/core/AIHE-D01/supp/AIHE-EX09/docx/AIHE-EX09_template.docx
digital-resource-companion/chapters/09/core/AIHE-D01/supp/AIHE-EX09/docx/AIHE-EX09_worked_example.docx,AIHE_Canon_V1.0/ch/09/core/AIHE-D01/supp/AIHE-EX09/docx/AIHE-EX09_example.docx
digital-resource-companion/chapters/09/core/AIHE-D01/supp/AIHE-EX09/flow/PROCESS_FLOW.md,AIHE_Canon_V1.0/ch/09/core/AIHE-D01/supp/AIHE-EX09/flow/PROCESS_FLOW.md
digital-resource-companion/chapters/09/core/AIHE-D01/supp/AIHE-EX09/flow/flowchart.mmd,AIHE_Canon_V1.0/ch/09/core/AIHE-D01/supp/AIHE-EX09/flow/flowchart.mmd
digital-resource-companion/chapters/09/core/AIHE-D01/supp/AIHE-EX09/flow/flowchart.png,AIHE_Canon_V1.0/ch/09/core/AIHE-D01/supp/AIHE-EX09/flow/flowchart.png
digital-resource-companion/chapters/09/core/AIHE-D01/supp/AIHE-EX09/flow/flowchart.svg,AIHE_Canon_V1.0/ch/09/core/AIHE-D01/supp/AIHE-EX09/flow/flowchart.svg
digital-resource-companion/chapters/09/core/AIHE-D01/supp/AIHE-EX09/flow/steps.csv,AIHE_Canon_V1.0/ch/09/core/AIHE-D01/supp/AIHE-EX09/flow/steps.csv
digital-resource-companion/chapters/09/core/AIHE-D01/supp/AIHE-EX09/flow/steps.json,AIHE_Canon_V1.0/ch/09/core/AIHE-D01/supp/AIHE-EX09/flow/steps.json
digital-resource-companion/chapters/09/core/AIHE-D01/supp/AIHE-EX09/metadata.json,AIHE_Canon_V1.0/ch/09/core/AIHE-D01/supp/AIHE-EX09/metadata.json
digital-resource-companion/chapters/09/core/AIHE-D01/supp/AIHE-EX09/xlsx/AIHE-EX09_workbook.xlsx,AIHE_Canon_V1.0/ch/09/core/AIHE-D01/supp/AIHE-EX09/xlsx/AIHE-EX09_workbook.xlsx
digital-resource-companion/chapters/09/flow/DECISION_GATES.md,AIHE_Canon_V1.0/ch/09/flow/DECISION_GATES.md
digital-resource-companion/chapters/09/flow/PROCESS_FLOW.md,AIHE_Canon_V1.0/ch/09/flow/PROCESS_FLOW.md
digital-resource-companion/chapters/09/flow/flowchart.mmd,AIHE_Canon_V1.0/ch/09/flow/flowchart.mmd
digital-resource-companion/chapters/09/flow/flowchart.png,AIHE_Canon_V1.0/ch/09/flow/flowchart.png
digital-resource-companion/chapters/09/flow/flowchart.svg,AIHE_Canon_V1.0/ch/09/flow/flowchart.svg
digital-resource-companion/chapters/09/flow/metadata.json,AIHE_Canon_V1.0/ch/09/flow/metadata.json
digital-resource-companion/chapters/09/flow/steps.csv,AIHE_Canon_V1.0/ch/09/flow/steps.csv
digital-resource-companion/chapters/09/flow/steps.json,AIHE_Canon_V1.0/ch/09/flow/steps.json
digital-resource-companion/chapters/09/python_analytics/AIHE-PY17_ai_pricing_and_contract_scenario_analysis/README.md,AIHE_Canon_V1.0/ch/09/py/PY17_pricing_contract/README.md
digital-resource-companion/chapters/09/python_analytics/AIHE-PY17_ai_pricing_and_contract_scenario_analysis/README_V1.0.md,AIHE_Canon_V1.0/ch/09/py/PY17_pricing_contract/README_V1.0.md
digital-resource-companion/chapters/09/python_analytics/AIHE-PY17_ai_pricing_and_contract_scenario_analysis/data/README.md,AIHE_Canon_V1.0/ch/09/py/PY17_pricing_contract/data/README.md
digital-resource-companion/chapters/09/python_analytics/AIHE-PY17_ai_pricing_and_contract_scenario_analysis/data/xlsx/17_ai_pricing_contract_scenarios_sample.xlsx,AIHE_Canon_V1.0/ch/09/py/PY17_pricing_contract/data/xlsx/17_ai_pricing_contract_scenarios_sample.xlsx
digital-resource-companion/chapters/09/python_analytics/AIHE-PY17_ai_pricing_and_contract_scenario_analysis/data/xlsx/17_ai_pricing_contract_scenarios_template.xlsx,AIHE_Canon_V1.0/ch/09/py/PY17_pricing_contract/data/xlsx/17_ai_pricing_contract_scenarios_template.xlsx
digital-resource-companion/chapters/09/python_analytics/AIHE-PY17_ai_pricing_and_contract_scenario_analysis/environment/environment.yml,AIHE_Canon_V1.0/ch/09/py/PY17_pricing_contract/environment/environment.yml
digital-resource-companion/chapters/09/python_analytics/AIHE-PY17_ai_pricing_and_contract_scenario_analysis/environment/requirements.txt,AIHE_Canon_V1.0/ch/09/py/PY17_pricing_contract/environment/requirements.txt
digital-resource-companion/chapters/09/python_analytics/AIHE-PY17_ai_pricing_and_contract_scenario_analysis/metadata.json,AIHE_Canon_V1.0/ch/09/py/PY17_pricing_contract/metadata.json
digital-resource-companion/chapters/09/python_analytics/AIHE-PY17_ai_pricing_and_contract_scenario_analysis/notebook/17_ai_pricing_contract_scenarios.ipynb,AIHE_Canon_V1.0/ch/09/py/PY17_pricing_contract/notebook/17_ai_pricing_contract_scenarios.ipynb
digital-resource-companion/chapters/09/python_analytics/AIHE-PY17_ai_pricing_and_contract_scenario_analysis/notebook/COLAB_INSTRUCTIONS.md,AIHE_Canon_V1.0/ch/09/py/PY17_pricing_contract/notebook/COLAB_INSTRUCTIONS.md
digital-resource-companion/chapters/09/python_analytics/AIHE-PY17_ai_pricing_and_contract_scenario_analysis/notebook/README.md,AIHE_Canon_V1.0/ch/09/py/PY17_pricing_contract/notebook/README.md
digital-resource-companion/chapters/09/python_analytics/AIHE-PY17_ai_pricing_and_contract_scenario_analysis/outputs/example/pricing_scenario_results.csv,AIHE_Canon_V1.0/ch/09/py/PY17_pricing_contract/outputs/example/pricing_scenario_results.csv
digital-resource-companion/chapters/09/python_analytics/AIHE-PY17_ai_pricing_and_contract_scenario_analysis/outputs/example/pricing_scenarios.png,AIHE_Canon_V1.0/ch/09/py/PY17_pricing_contract/outputs/example/pricing_scenarios.png
digital-resource-companion/chapters/09/python_analytics/AIHE-PY17_ai_pricing_and_contract_scenario_analysis/outputs/example/summary.json,AIHE_Canon_V1.0/ch/09/py/PY17_pricing_contract/outputs/example/summary.json
digital-resource-companion/chapters/09/python_analytics/AIHE-PY17_ai_pricing_and_contract_scenario_analysis/outputs/generated/.gitkeep,AIHE_Canon_V1.0/ch/09/py/PY17_pricing_contract/outputs/generated/.gitkeep
digital-resource-companion/chapters/09/python_analytics/AIHE-PY17_ai_pricing_and_contract_scenario_analysis/python/17_ai_pricing_contract_scenarios.py,AIHE_Canon_V1.0/ch/09/py/PY17_pricing_contract/python/17_ai_pricing_contract_scenarios.py
digital-resource-companion/chapters/09/python_analytics/AIHE-PY17_ai_pricing_and_contract_scenario_analysis/python/17_supplier_claims_dependencies_continuing_disclosure_and_obligation_audit_V1_0.py,AIHE_Canon_V1.0/ch/09/py/PY17_pricing_contract/python/17_supplier_claims_depen_4edbb166.py
digital-resource-companion/chapters/09/python_analytics/AIHE-PY17_ai_pricing_and_contract_scenario_analysis/run_python.bat,AIHE_Canon_V1.0/ch/09/py/PY17_pricing_contract/run_python.bat
digital-resource-companion/chapters/09/python_analytics/AIHE-PY17_ai_pricing_and_contract_scenario_analysis/run_python.sh,AIHE_Canon_V1.0/ch/09/py/PY17_pricing_contract/run_python.sh
digital-resource-companion/chapters/09/python_analytics/AIHE-PY17_ai_pricing_and_contract_scenario_analysis/src/aihe_analytics/__init__.py,AIHE_Canon_V1.0/ch/09/py/PY17_pricing_contract/src/aihe_analytics/__init__.py
digital-resource-companion/chapters/09/python_analytics/AIHE-PY17_ai_pricing_and_contract_scenario_analysis/src/aihe_analytics/io.py,AIHE_Canon_V1.0/ch/09/py/PY17_pricing_contract/src/aihe_analytics/io.py
digital-resource-companion/chapters/09/python_analytics/AIHE-PY17_ai_pricing_and_contract_scenario_analysis/src/aihe_analytics/module_17_ai_pricing_contract_scenarios.py,AIHE_Canon_V1.0/ch/09/py/PY17_pricing_contract/src/aihe_analytics/module_17_ai_pricing_contract_scenarios.py
digital-resource-companion/chapters/09/python_analytics/AIHE-PY17_ai_pricing_and_contract_scenario_analysis/src/aihe_analytics/plotting.py,AIHE_Canon_V1.0/ch/09/py/PY17_pricing_contract/src/aihe_analytics/plotting.py
digital-resource-companion/chapters/09/python_analytics/AIHE-PY25_weighted_procurement_scorecard_with_mandatory_safeguards/README.md,AIHE_Canon_V1.0/ch/09/py/PY25_procurement/README.md
digital-resource-companion/chapters/09/python_analytics/AIHE-PY25_weighted_procurement_scorecard_with_mandatory_safeguards/README_V1.0.md,AIHE_Canon_V1.0/ch/09/py/PY25_procurement/README_V1.0.md
digital-resource-companion/chapters/09/python_analytics/AIHE-PY25_weighted_procurement_scorecard_with_mandatory_safeguards/data/README.md,AIHE_Canon_V1.0/ch/09/py/PY25_procurement/data/README.md
digital-resource-companion/chapters/09/python_analytics/AIHE-PY25_weighted_procurement_scorecard_with_mandatory_safeguards/data/xlsx/25_procurement_mcda_scorecard_sample.xlsx,AIHE_Canon_V1.0/ch/09/py/PY25_procurement/data/xlsx/25_procurement_mcda_scorecard_sample.xlsx
digital-resource-companion/chapters/09/python_analytics/AIHE-PY25_weighted_procurement_scorecard_with_mandatory_safeguards/data/xlsx/25_procurement_mcda_scorecard_template.xlsx,AIHE_Canon_V1.0/ch/09/py/PY25_procurement/data/xlsx/25_procurement_mcda_scorecard_template.xlsx
digital-resource-companion/chapters/09/python_analytics/AIHE-PY25_weighted_procurement_scorecard_with_mandatory_safeguards/environment/environment.yml,AIHE_Canon_V1.0/ch/09/py/PY25_procurement/environment/environment.yml
digital-resource-companion/chapters/09/python_analytics/AIHE-PY25_weighted_procurement_scorecard_with_mandatory_safeguards/environment/requirements.txt,AIHE_Canon_V1.0/ch/09/py/PY25_procurement/environment/requirements.txt
digital-resource-companion/chapters/09/python_analytics/AIHE-PY25_weighted_procurement_scorecard_with_mandatory_safeguards/metadata.json,AIHE_Canon_V1.0/ch/09/py/PY25_procurement/metadata.json
digital-resource-companion/chapters/09/python_analytics/AIHE-PY25_weighted_procurement_scorecard_with_mandatory_safeguards/notebook/25_procurement_mcda_scorecard.ipynb,AIHE_Canon_V1.0/ch/09/py/PY25_procurement/notebook/25_procurement_mcda_scorecard.ipynb
digital-resource-companion/chapters/09/python_analytics/AIHE-PY25_weighted_procurement_scorecard_with_mandatory_safeguards/notebook/COLAB_INSTRUCTIONS.md,AIHE_Canon_V1.0/ch/09/py/PY25_procurement/notebook/COLAB_INSTRUCTIONS.md
digital-resource-companion/chapters/09/python_analytics/AIHE-PY25_weighted_procurement_scorecard_with_mandatory_safeguards/notebook/README.md,AIHE_Canon_V1.0/ch/09/py/PY25_procurement/notebook/README.md
digital-resource-companion/chapters/09/python_analytics/AIHE-PY25_weighted_procurement_scorecard_with_mandatory_safeguards/outputs/example/domain_scores.csv,AIHE_Canon_V1.0/ch/09/py/PY25_procurement/outputs/example/domain_scores.csv
digital-resource-companion/chapters/09/python_analytics/AIHE-PY25_weighted_procurement_scorecard_with_mandatory_safeguards/outputs/example/summary.json,AIHE_Canon_V1.0/ch/09/py/PY25_procurement/outputs/example/summary.json
digital-resource-companion/chapters/09/python_analytics/AIHE-PY25_weighted_procurement_scorecard_with_mandatory_safeguards/outputs/example/vendor_domain_comparison.png,AIHE_Canon_V1.0/ch/09/py/PY25_procurement/outputs/example/vendor_domain_comparison.png
digital-resource-companion/chapters/09/python_analytics/AIHE-PY25_weighted_procurement_scorecard_with_mandatory_safeguards/outputs/example/vendor_ranking.csv,AIHE_Canon_V1.0/ch/09/py/PY25_procurement/outputs/example/vendor_ranking.csv
digital-resource-companion/chapters/09/python_analytics/AIHE-PY25_weighted_procurement_scorecard_with_mandatory_safeguards/outputs/generated/.gitkeep,AIHE_Canon_V1.0/ch/09/py/PY25_procurement/outputs/generated/.gitkeep
digital-resource-companion/chapters/09/python_analytics/AIHE-PY25_weighted_procurement_scorecard_with_mandatory_safeguards/python/25_pricing_renewal_renegotiation_and_credible_exit_analysis_V1_0.py,AIHE_Canon_V1.0/ch/09/py/PY25_procurement/python/25_pricing_renewal_renegotiation_and_credible_exit_analysis_V1_0.py
digital-resource-companion/chapters/09/python_analytics/AIHE-PY25_weighted_procurement_scorecard_with_mandatory_safeguards/python/25_procurement_mcda_scorecard.py,AIHE_Canon_V1.0/ch/09/py/PY25_procurement/python/25_procurement_mcda_scorecard.py
digital-resource-companion/chapters/09/python_analytics/AIHE-PY25_weighted_procurement_scorecard_with_mandatory_safeguards/run_python.bat,AIHE_Canon_V1.0/ch/09/py/PY25_procurement/run_python.bat
digital-resource-companion/chapters/09/python_analytics/AIHE-PY25_weighted_procurement_scorecard_with_mandatory_safeguards/run_python.sh,AIHE_Canon_V1.0/ch/09/py/PY25_procurement/run_python.sh
digital-resource-companion/chapters/09/python_analytics/AIHE-PY25_weighted_procurement_scorecard_with_mandatory_safeguards/src/aihe_analytics/__init__.py,AIHE_Canon_V1.0/ch/09/py/PY25_procurement/src/aihe_analytics/__init__.py
digital-resource-companion/chapters/09/python_analytics/AIHE-PY25_weighted_procurement_scorecard_with_mandatory_safeguards/src/aihe_analytics/io.py,AIHE_Canon_V1.0/ch/09/py/PY25_procurement/src/aihe_analytics/io.py
digital-resource-companion/chapters/09/python_analytics/AIHE-PY25_weighted_procurement_scorecard_with_mandatory_safeguards/src/aihe_analytics/module_25_procurement_mcda_scorecard.py,AIHE_Canon_V1.0/ch/09/py/PY25_procurement/src/aihe_analytics/module_25_procurement_mcda_scorecard.py
digital-resource-companion/chapters/09/python_analytics/AIHE-PY25_weighted_procurement_scorecard_with_mandatory_safeguards/src/aihe_analytics/plotting.py,AIHE_Canon_V1.0/ch/09/py/PY25_procurement/src/aihe_analytics/plotting.py
digital-resource-companion/chapters/10/README.md,AIHE_Canon_V1.0/ch/10/README.md
digital-resource-companion/chapters/10/core/AIHE-C03/README.md,AIHE_Canon_V1.0/ch/10/core/AIHE-C03/README.md
digital-resource-companion/chapters/10/core/AIHE-C03/data/AIHE-C03.schema.json,AIHE_Canon_V1.0/ch/10/core/AIHE-C03/data/AIHE-C03.schema.json
digital-resource-companion/chapters/10/core/AIHE-C03/data/AIHE-C03_blank.csv,AIHE_Canon_V1.0/ch/10/core/AIHE-C03/data/AIHE-C03_blank.csv
digital-resource-companion/chapters/10/core/AIHE-C03/data/AIHE-C03_blank.json,AIHE_Canon_V1.0/ch/10/core/AIHE-C03/data/AIHE-C03_blank.json
digital-resource-companion/chapters/10/core/AIHE-C03/data/AIHE-C03_worked_example.csv,AIHE_Canon_V1.0/ch/10/core/AIHE-C03/data/AIHE-C03_example.csv
digital-resource-companion/chapters/10/core/AIHE-C03/data/AIHE-C03_worked_example.json,AIHE_Canon_V1.0/ch/10/core/AIHE-C03/data/AIHE-C03_example.json
digital-resource-companion/chapters/10/core/AIHE-C03/edit/docx/AIHE-C03_template_and_worked_example.docx,AIHE_Canon_V1.0/ch/10/core/AIHE-C03/edit/docx/AIHE-C03_template_example.docx
digital-resource-companion/chapters/10/core/AIHE-C03/edit/docx/AIHE-C03_template_and_worked_example_V1.0.docx,AIHE_Canon_V1.0/ch/10/core/AIHE-C03/edit/docx/AIHE-C03_template_example_V1.0.docx
digital-resource-companion/chapters/10/core/AIHE-C03/edit/xlsx/AIHE-C03_workbook.xlsx,AIHE_Canon_V1.0/ch/10/core/AIHE-C03/edit/xlsx/AIHE-C03_workbook.xlsx
digital-resource-companion/chapters/10/core/AIHE-C03/edit/xlsx/AIHE-C03_workbook_V1.0.xlsx,AIHE_Canon_V1.0/ch/10/core/AIHE-C03/edit/xlsx/AIHE-C03_workbook_V1.0.xlsx
digital-resource-companion/chapters/10/core/AIHE-C03/flow/PROCESS_FLOW.md,AIHE_Canon_V1.0/ch/10/core/AIHE-C03/flow/PROCESS_FLOW.md
digital-resource-companion/chapters/10/core/AIHE-C03/flow/flowchart.mmd,AIHE_Canon_V1.0/ch/10/core/AIHE-C03/flow/flowchart.mmd
digital-resource-companion/chapters/10/core/AIHE-C03/flow/flowchart.png,AIHE_Canon_V1.0/ch/10/core/AIHE-C03/flow/flowchart.png
digital-resource-companion/chapters/10/core/AIHE-C03/flow/flowchart.svg,AIHE_Canon_V1.0/ch/10/core/AIHE-C03/flow/flowchart.svg
digital-resource-companion/chapters/10/core/AIHE-C03/flow/steps.csv,AIHE_Canon_V1.0/ch/10/core/AIHE-C03/flow/steps.csv
digital-resource-companion/chapters/10/core/AIHE-C03/flow/steps.json,AIHE_Canon_V1.0/ch/10/core/AIHE-C03/flow/steps.json
digital-resource-companion/chapters/10/core/AIHE-C03/metadata.json,AIHE_Canon_V1.0/ch/10/core/AIHE-C03/metadata.json
digital-resource-companion/chapters/10/core/AIHE-C03/supp/AIHE-AB/README.md,AIHE_Canon_V1.0/ch/10/core/AIHE-C03/supp/AIHE-AB/README.md
digital-resource-companion/chapters/10/core/AIHE-C03/supp/AIHE-AB/data/AIHE-AB.schema.json,AIHE_Canon_V1.0/ch/10/core/AIHE-C03/supp/AIHE-AB/data/AIHE-AB.schema.json
digital-resource-companion/chapters/10/core/AIHE-C03/supp/AIHE-AB/data/AIHE-AB_S1_T1_Main_blank.csv,AIHE_Canon_V1.0/ch/10/core/AIHE-C03/supp/AIHE-AB/data/AIHE-AB_S1_T1_Main_blank.csv
digital-resource-companion/chapters/10/core/AIHE-C03/supp/AIHE-AB/data/AIHE-AB_S1_T1_Main_worked_example.csv,AIHE_Canon_V1.0/ch/10/core/AIHE-C03/supp/AIHE-AB/data/AIHE-AB_S1_T1_Main_example.csv
digital-resource-companion/chapters/10/core/AIHE-C03/supp/AIHE-AB/docx/AIHE-AB_template.docx,AIHE_Canon_V1.0/ch/10/core/AIHE-C03/supp/AIHE-AB/docx/AIHE-AB_template.docx
digital-resource-companion/chapters/10/core/AIHE-C03/supp/AIHE-AB/docx/AIHE-AB_worked_example.docx,AIHE_Canon_V1.0/ch/10/core/AIHE-C03/supp/AIHE-AB/docx/AIHE-AB_example.docx
digital-resource-companion/chapters/10/core/AIHE-C03/supp/AIHE-AB/flow/PROCESS_FLOW.md,AIHE_Canon_V1.0/ch/10/core/AIHE-C03/supp/AIHE-AB/flow/PROCESS_FLOW.md
digital-resource-companion/chapters/10/core/AIHE-C03/supp/AIHE-AB/flow/flowchart.mmd,AIHE_Canon_V1.0/ch/10/core/AIHE-C03/supp/AIHE-AB/flow/flowchart.mmd
digital-resource-companion/chapters/10/core/AIHE-C03/supp/AIHE-AB/flow/flowchart.png,AIHE_Canon_V1.0/ch/10/core/AIHE-C03/supp/AIHE-AB/flow/flowchart.png
digital-resource-companion/chapters/10/core/AIHE-C03/supp/AIHE-AB/flow/flowchart.svg,AIHE_Canon_V1.0/ch/10/core/AIHE-C03/supp/AIHE-AB/flow/flowchart.svg
digital-resource-companion/chapters/10/core/AIHE-C03/supp/AIHE-AB/flow/steps.csv,AIHE_Canon_V1.0/ch/10/core/AIHE-C03/supp/AIHE-AB/flow/steps.csv
digital-resource-companion/chapters/10/core/AIHE-C03/supp/AIHE-AB/flow/steps.json,AIHE_Canon_V1.0/ch/10/core/AIHE-C03/supp/AIHE-AB/flow/steps.json
digital-resource-companion/chapters/10/core/AIHE-C03/supp/AIHE-AB/metadata.json,AIHE_Canon_V1.0/ch/10/core/AIHE-C03/supp/AIHE-AB/metadata.json
digital-resource-companion/chapters/10/core/AIHE-C03/supp/AIHE-AB/xlsx/AIHE-AB_workbook.xlsx,AIHE_Canon_V1.0/ch/10/core/AIHE-C03/supp/AIHE-AB/xlsx/AIHE-AB_workbook.xlsx
digital-resource-companion/chapters/10/core/AIHE-C03/supp/AIHE-AC/README.md,AIHE_Canon_V1.0/ch/10/core/AIHE-C03/supp/AIHE-AC/README.md
digital-resource-companion/chapters/10/core/AIHE-C03/supp/AIHE-AC/data/AIHE-AC.schema.json,AIHE_Canon_V1.0/ch/10/core/AIHE-C03/supp/AIHE-AC/data/AIHE-AC.schema.json
digital-resource-companion/chapters/10/core/AIHE-C03/supp/AIHE-AC/data/AIHE-AC_S1_T1_Main_blank.csv,AIHE_Canon_V1.0/ch/10/core/AIHE-C03/supp/AIHE-AC/data/AIHE-AC_S1_T1_Main_blank.csv
digital-resource-companion/chapters/10/core/AIHE-C03/supp/AIHE-AC/data/AIHE-AC_S1_T1_Main_worked_example.csv,AIHE_Canon_V1.0/ch/10/core/AIHE-C03/supp/AIHE-AC/data/AIHE-AC_S1_T1_Main_example.csv
digital-resource-companion/chapters/10/core/AIHE-C03/supp/AIHE-AC/docx/AIHE-AC_template.docx,AIHE_Canon_V1.0/ch/10/core/AIHE-C03/supp/AIHE-AC/docx/AIHE-AC_template.docx
digital-resource-companion/chapters/10/core/AIHE-C03/supp/AIHE-AC/docx/AIHE-AC_worked_example.docx,AIHE_Canon_V1.0/ch/10/core/AIHE-C03/supp/AIHE-AC/docx/AIHE-AC_example.docx
digital-resource-companion/chapters/10/core/AIHE-C03/supp/AIHE-AC/flow/PROCESS_FLOW.md,AIHE_Canon_V1.0/ch/10/core/AIHE-C03/supp/AIHE-AC/flow/PROCESS_FLOW.md
digital-resource-companion/chapters/10/core/AIHE-C03/supp/AIHE-AC/flow/flowchart.mmd,AIHE_Canon_V1.0/ch/10/core/AIHE-C03/supp/AIHE-AC/flow/flowchart.mmd
digital-resource-companion/chapters/10/core/AIHE-C03/supp/AIHE-AC/flow/flowchart.png,AIHE_Canon_V1.0/ch/10/core/AIHE-C03/supp/AIHE-AC/flow/flowchart.png
digital-resource-companion/chapters/10/core/AIHE-C03/supp/AIHE-AC/flow/flowchart.svg,AIHE_Canon_V1.0/ch/10/core/AIHE-C03/supp/AIHE-AC/flow/flowchart.svg
digital-resource-companion/chapters/10/core/AIHE-C03/supp/AIHE-AC/flow/steps.csv,AIHE_Canon_V1.0/ch/10/core/AIHE-C03/supp/AIHE-AC/flow/steps.csv
digital-resource-companion/chapters/10/core/AIHE-C03/supp/AIHE-AC/flow/steps.json,AIHE_Canon_V1.0/ch/10/core/AIHE-C03/supp/AIHE-AC/flow/steps.json
digital-resource-companion/chapters/10/core/AIHE-C03/supp/AIHE-AC/metadata.json,AIHE_Canon_V1.0/ch/10/core/AIHE-C03/supp/AIHE-AC/metadata.json
digital-resource-companion/chapters/10/core/AIHE-C03/supp/AIHE-AC/xlsx/AIHE-AC_workbook.xlsx,AIHE_Canon_V1.0/ch/10/core/AIHE-C03/supp/AIHE-AC/xlsx/AIHE-AC_workbook.xlsx
digital-resource-companion/chapters/10/core/AIHE-C03/supp/AIHE-C/README.md,AIHE_Canon_V1.0/ch/10/core/AIHE-C03/supp/AIHE-C/README.md
digital-resource-companion/chapters/10/core/AIHE-C03/supp/AIHE-C/data/AIHE-C.schema.json,AIHE_Canon_V1.0/ch/10/core/AIHE-C03/supp/AIHE-C/data/AIHE-C.schema.json
digital-resource-companion/chapters/10/core/AIHE-C03/supp/AIHE-C/data/AIHE-C_S1_T1_Main_blank.csv,AIHE_Canon_V1.0/ch/10/core/AIHE-C03/supp/AIHE-C/data/AIHE-C_S1_T1_Main_blank.csv
digital-resource-companion/chapters/10/core/AIHE-C03/supp/AIHE-C/data/AIHE-C_S1_T1_Main_worked_example.csv,AIHE_Canon_V1.0/ch/10/core/AIHE-C03/supp/AIHE-C/data/AIHE-C_S1_T1_Main_example.csv
digital-resource-companion/chapters/10/core/AIHE-C03/supp/AIHE-C/docx/AIHE-C_template.docx,AIHE_Canon_V1.0/ch/10/core/AIHE-C03/supp/AIHE-C/docx/AIHE-C_template.docx
digital-resource-companion/chapters/10/core/AIHE-C03/supp/AIHE-C/docx/AIHE-C_worked_example.docx,AIHE_Canon_V1.0/ch/10/core/AIHE-C03/supp/AIHE-C/docx/AIHE-C_example.docx
digital-resource-companion/chapters/10/core/AIHE-C03/supp/AIHE-C/flow/PROCESS_FLOW.md,AIHE_Canon_V1.0/ch/10/core/AIHE-C03/supp/AIHE-C/flow/PROCESS_FLOW.md
digital-resource-companion/chapters/10/core/AIHE-C03/supp/AIHE-C/flow/flowchart.mmd,AIHE_Canon_V1.0/ch/10/core/AIHE-C03/supp/AIHE-C/flow/flowchart.mmd
digital-resource-companion/chapters/10/core/AIHE-C03/supp/AIHE-C/flow/flowchart.png,AIHE_Canon_V1.0/ch/10/core/AIHE-C03/supp/AIHE-C/flow/flowchart.png
digital-resource-companion/chapters/10/core/AIHE-C03/supp/AIHE-C/flow/flowchart.svg,AIHE_Canon_V1.0/ch/10/core/AIHE-C03/supp/AIHE-C/flow/flowchart.svg
digital-resource-companion/chapters/10/core/AIHE-C03/supp/AIHE-C/flow/steps.csv,AIHE_Canon_V1.0/ch/10/core/AIHE-C03/supp/AIHE-C/flow/steps.csv
digital-resource-companion/chapters/10/core/AIHE-C03/supp/AIHE-C/flow/steps.json,AIHE_Canon_V1.0/ch/10/core/AIHE-C03/supp/AIHE-C/flow/steps.json
digital-resource-companion/chapters/10/core/AIHE-C03/supp/AIHE-C/metadata.json,AIHE_Canon_V1.0/ch/10/core/AIHE-C03/supp/AIHE-C/metadata.json
digital-resource-companion/chapters/10/core/AIHE-C03/supp/AIHE-C/xlsx/AIHE-C_workbook.xlsx,AIHE_Canon_V1.0/ch/10/core/AIHE-C03/supp/AIHE-C/xlsx/AIHE-C_workbook.xlsx
digital-resource-companion/chapters/10/core/AIHE-C03/supp/AIHE-G/README.md,AIHE_Canon_V1.0/ch/10/core/AIHE-C03/supp/AIHE-G/README.md
digital-resource-companion/chapters/10/core/AIHE-C03/supp/AIHE-G/data/AIHE-G.schema.json,AIHE_Canon_V1.0/ch/10/core/AIHE-C03/supp/AIHE-G/data/AIHE-G.schema.json
digital-resource-companion/chapters/10/core/AIHE-C03/supp/AIHE-G/data/AIHE-G_S9_T1_Decommissioning_blank.csv,AIHE_Canon_V1.0/ch/10/core/AIHE-C03/supp/AIHE-G/data/AIHE-G_S9_T1_Decommissioning_blank.csv
digital-resource-companion/chapters/10/core/AIHE-C03/supp/AIHE-G/docx/AIHE-G_template.docx,AIHE_Canon_V1.0/ch/10/core/AIHE-C03/supp/AIHE-G/docx/AIHE-G_template.docx
digital-resource-companion/chapters/10/core/AIHE-C03/supp/AIHE-G/docx/AIHE-G_worked_example.docx,AIHE_Canon_V1.0/ch/10/core/AIHE-C03/supp/AIHE-G/docx/AIHE-G_example.docx
digital-resource-companion/chapters/10/core/AIHE-C03/supp/AIHE-G/flow/PROCESS_FLOW.md,AIHE_Canon_V1.0/ch/10/core/AIHE-C03/supp/AIHE-G/flow/PROCESS_FLOW.md
digital-resource-companion/chapters/10/core/AIHE-C03/supp/AIHE-G/flow/flowchart.mmd,AIHE_Canon_V1.0/ch/10/core/AIHE-C03/supp/AIHE-G/flow/flowchart.mmd
digital-resource-companion/chapters/10/core/AIHE-C03/supp/AIHE-G/flow/flowchart.png,AIHE_Canon_V1.0/ch/10/core/AIHE-C03/supp/AIHE-G/flow/flowchart.png
digital-resource-companion/chapters/10/core/AIHE-C03/supp/AIHE-G/flow/flowchart.svg,AIHE_Canon_V1.0/ch/10/core/AIHE-C03/supp/AIHE-G/flow/flowchart.svg
digital-resource-companion/chapters/10/core/AIHE-C03/supp/AIHE-G/flow/steps.csv,AIHE_Canon_V1.0/ch/10/core/AIHE-C03/supp/AIHE-G/flow/steps.csv
digital-resource-companion/chapters/10/core/AIHE-C03/supp/AIHE-G/flow/steps.json,AIHE_Canon_V1.0/ch/10/core/AIHE-C03/supp/AIHE-G/flow/steps.json
digital-resource-companion/chapters/10/core/AIHE-C03/supp/AIHE-G/metadata.json,AIHE_Canon_V1.0/ch/10/core/AIHE-C03/supp/AIHE-G/metadata.json
digital-resource-companion/chapters/10/core/AIHE-C03/supp/AIHE-G/xlsx/AIHE-G_workbook.xlsx,AIHE_Canon_V1.0/ch/10/core/AIHE-C03/supp/AIHE-G/xlsx/AIHE-G_workbook.xlsx
digital-resource-companion/chapters/10/core/AIHE-C03/supp/AIHE-N/README.md,AIHE_Canon_V1.0/ch/10/core/AIHE-C03/supp/AIHE-N/README.md
digital-resource-companion/chapters/10/core/AIHE-C03/supp/AIHE-N/data/AIHE-N.schema.json,AIHE_Canon_V1.0/ch/10/core/AIHE-C03/supp/AIHE-N/data/AIHE-N.schema.json
digital-resource-companion/chapters/10/core/AIHE-C03/supp/AIHE-N/data/AIHE-N_S1_T1_Main_blank.csv,AIHE_Canon_V1.0/ch/10/core/AIHE-C03/supp/AIHE-N/data/AIHE-N_S1_T1_Main_blank.csv
digital-resource-companion/chapters/10/core/AIHE-C03/supp/AIHE-N/data/AIHE-N_S1_T1_Main_worked_example.csv,AIHE_Canon_V1.0/ch/10/core/AIHE-C03/supp/AIHE-N/data/AIHE-N_S1_T1_Main_example.csv
digital-resource-companion/chapters/10/core/AIHE-C03/supp/AIHE-N/data/AIHE-N_S1_T2_Main_blank.csv,AIHE_Canon_V1.0/ch/10/core/AIHE-C03/supp/AIHE-N/data/AIHE-N_S1_T2_Main_blank.csv
digital-resource-companion/chapters/10/core/AIHE-C03/supp/AIHE-N/data/AIHE-N_S1_T2_Main_worked_example.csv,AIHE_Canon_V1.0/ch/10/core/AIHE-C03/supp/AIHE-N/data/AIHE-N_S1_T2_Main_example.csv
digital-resource-companion/chapters/10/core/AIHE-C03/supp/AIHE-N/data/AIHE-N_S1_T3_Main_blank.csv,AIHE_Canon_V1.0/ch/10/core/AIHE-C03/supp/AIHE-N/data/AIHE-N_S1_T3_Main_blank.csv
digital-resource-companion/chapters/10/core/AIHE-C03/supp/AIHE-N/data/AIHE-N_S1_T3_Main_worked_example.csv,AIHE_Canon_V1.0/ch/10/core/AIHE-C03/supp/AIHE-N/data/AIHE-N_S1_T3_Main_example.csv
digital-resource-companion/chapters/10/core/AIHE-C03/supp/AIHE-N/data/AIHE-N_S1_T4_Main_blank.csv,AIHE_Canon_V1.0/ch/10/core/AIHE-C03/supp/AIHE-N/data/AIHE-N_S1_T4_Main_blank.csv
digital-resource-companion/chapters/10/core/AIHE-C03/supp/AIHE-N/data/AIHE-N_S1_T4_Main_worked_example.csv,AIHE_Canon_V1.0/ch/10/core/AIHE-C03/supp/AIHE-N/data/AIHE-N_S1_T4_Main_example.csv
digital-resource-companion/chapters/10/core/AIHE-C03/supp/AIHE-N/data/AIHE-N_S1_T5_Main_blank.csv,AIHE_Canon_V1.0/ch/10/core/AIHE-C03/supp/AIHE-N/data/AIHE-N_S1_T5_Main_blank.csv
digital-resource-companion/chapters/10/core/AIHE-C03/supp/AIHE-N/data/AIHE-N_S1_T5_Main_worked_example.csv,AIHE_Canon_V1.0/ch/10/core/AIHE-C03/supp/AIHE-N/data/AIHE-N_S1_T5_Main_example.csv
digital-resource-companion/chapters/10/core/AIHE-C03/supp/AIHE-N/docx/AIHE-N_template.docx,AIHE_Canon_V1.0/ch/10/core/AIHE-C03/supp/AIHE-N/docx/AIHE-N_template.docx
digital-resource-companion/chapters/10/core/AIHE-C03/supp/AIHE-N/docx/AIHE-N_worked_example.docx,AIHE_Canon_V1.0/ch/10/core/AIHE-C03/supp/AIHE-N/docx/AIHE-N_example.docx
digital-resource-companion/chapters/10/core/AIHE-C03/supp/AIHE-N/flow/PROCESS_FLOW.md,AIHE_Canon_V1.0/ch/10/core/AIHE-C03/supp/AIHE-N/flow/PROCESS_FLOW.md
digital-resource-companion/chapters/10/core/AIHE-C03/supp/AIHE-N/flow/flowchart.mmd,AIHE_Canon_V1.0/ch/10/core/AIHE-C03/supp/AIHE-N/flow/flowchart.mmd
digital-resource-companion/chapters/10/core/AIHE-C03/supp/AIHE-N/flow/flowchart.png,AIHE_Canon_V1.0/ch/10/core/AIHE-C03/supp/AIHE-N/flow/flowchart.png
digital-resource-companion/chapters/10/core/AIHE-C03/supp/AIHE-N/flow/flowchart.svg,AIHE_Canon_V1.0/ch/10/core/AIHE-C03/supp/AIHE-N/flow/flowchart.svg
digital-resource-companion/chapters/10/core/AIHE-C03/supp/AIHE-N/flow/steps.csv,AIHE_Canon_V1.0/ch/10/core/AIHE-C03/supp/AIHE-N/flow/steps.csv
digital-resource-companion/chapters/10/core/AIHE-C03/supp/AIHE-N/flow/steps.json,AIHE_Canon_V1.0/ch/10/core/AIHE-C03/supp/AIHE-N/flow/steps.json
digital-resource-companion/chapters/10/core/AIHE-C03/supp/AIHE-N/metadata.json,AIHE_Canon_V1.0/ch/10/core/AIHE-C03/supp/AIHE-N/metadata.json
digital-resource-companion/chapters/10/core/AIHE-C03/supp/AIHE-N/xlsx/AIHE-N_workbook.xlsx,AIHE_Canon_V1.0/ch/10/core/AIHE-C03/supp/AIHE-N/xlsx/AIHE-N_workbook.xlsx
digital-resource-companion/chapters/10/core/AIHE-C05/README.md,AIHE_Canon_V1.0/ch/10/core/AIHE-C05/README.md
digital-resource-companion/chapters/10/core/AIHE-C05/data/AIHE-C05.schema.json,AIHE_Canon_V1.0/ch/10/core/AIHE-C05/data/AIHE-C05.schema.json
digital-resource-companion/chapters/10/core/AIHE-C05/data/AIHE-C05_blank.csv,AIHE_Canon_V1.0/ch/10/core/AIHE-C05/data/AIHE-C05_blank.csv
digital-resource-companion/chapters/10/core/AIHE-C05/data/AIHE-C05_blank.json,AIHE_Canon_V1.0/ch/10/core/AIHE-C05/data/AIHE-C05_blank.json
digital-resource-companion/chapters/10/core/AIHE-C05/data/AIHE-C05_worked_example.csv,AIHE_Canon_V1.0/ch/10/core/AIHE-C05/data/AIHE-C05_example.csv
digital-resource-companion/chapters/10/core/AIHE-C05/data/AIHE-C05_worked_example.json,AIHE_Canon_V1.0/ch/10/core/AIHE-C05/data/AIHE-C05_example.json
digital-resource-companion/chapters/10/core/AIHE-C05/edit/docx/AIHE-C05_template_and_worked_example.docx,AIHE_Canon_V1.0/ch/10/core/AIHE-C05/edit/docx/AIHE-C05_template_example.docx
digital-resource-companion/chapters/10/core/AIHE-C05/edit/docx/AIHE-C05_template_and_worked_example_V1.0.docx,AIHE_Canon_V1.0/ch/10/core/AIHE-C05/edit/docx/AIHE-C05_template_example_V1.0.docx
digital-resource-companion/chapters/10/core/AIHE-C05/edit/xlsx/AIHE-C05_workbook.xlsx,AIHE_Canon_V1.0/ch/10/core/AIHE-C05/edit/xlsx/AIHE-C05_workbook.xlsx
digital-resource-companion/chapters/10/core/AIHE-C05/edit/xlsx/AIHE-C05_workbook_V1.0.xlsx,AIHE_Canon_V1.0/ch/10/core/AIHE-C05/edit/xlsx/AIHE-C05_workbook_V1.0.xlsx
digital-resource-companion/chapters/10/core/AIHE-C05/flow/PROCESS_FLOW.md,AIHE_Canon_V1.0/ch/10/core/AIHE-C05/flow/PROCESS_FLOW.md
digital-resource-companion/chapters/10/core/AIHE-C05/flow/flowchart.mmd,AIHE_Canon_V1.0/ch/10/core/AIHE-C05/flow/flowchart.mmd
digital-resource-companion/chapters/10/core/AIHE-C05/flow/flowchart.png,AIHE_Canon_V1.0/ch/10/core/AIHE-C05/flow/flowchart.png
digital-resource-companion/chapters/10/core/AIHE-C05/flow/flowchart.svg,AIHE_Canon_V1.0/ch/10/core/AIHE-C05/flow/flowchart.svg
digital-resource-companion/chapters/10/core/AIHE-C05/flow/steps.csv,AIHE_Canon_V1.0/ch/10/core/AIHE-C05/flow/steps.csv
digital-resource-companion/chapters/10/core/AIHE-C05/flow/steps.json,AIHE_Canon_V1.0/ch/10/core/AIHE-C05/flow/steps.json
digital-resource-companion/chapters/10/core/AIHE-C05/metadata.json,AIHE_Canon_V1.0/ch/10/core/AIHE-C05/metadata.json
digital-resource-companion/chapters/10/core/AIHE-C05/supp/AIHE-EX13/README.md,AIHE_Canon_V1.0/ch/10/core/AIHE-C05/supp/AIHE-EX13/README.md
digital-resource-companion/chapters/10/core/AIHE-C05/supp/AIHE-EX13/data/AIHE-EX13_blank.csv,AIHE_Canon_V1.0/ch/10/core/AIHE-C05/supp/AIHE-EX13/data/AIHE-EX13_blank.csv
digital-resource-companion/chapters/10/core/AIHE-C05/supp/AIHE-EX13/docx/AIHE-EX13_template.docx,AIHE_Canon_V1.0/ch/10/core/AIHE-C05/supp/AIHE-EX13/docx/AIHE-EX13_template.docx
digital-resource-companion/chapters/10/core/AIHE-C05/supp/AIHE-EX13/docx/AIHE-EX13_worked_example.docx,AIHE_Canon_V1.0/ch/10/core/AIHE-C05/supp/AIHE-EX13/docx/AIHE-EX13_example.docx
digital-resource-companion/chapters/10/core/AIHE-C05/supp/AIHE-EX13/flow/PROCESS_FLOW.md,AIHE_Canon_V1.0/ch/10/core/AIHE-C05/supp/AIHE-EX13/flow/PROCESS_FLOW.md
digital-resource-companion/chapters/10/core/AIHE-C05/supp/AIHE-EX13/flow/flowchart.mmd,AIHE_Canon_V1.0/ch/10/core/AIHE-C05/supp/AIHE-EX13/flow/flowchart.mmd
digital-resource-companion/chapters/10/core/AIHE-C05/supp/AIHE-EX13/flow/flowchart.png,AIHE_Canon_V1.0/ch/10/core/AIHE-C05/supp/AIHE-EX13/flow/flowchart.png
digital-resource-companion/chapters/10/core/AIHE-C05/supp/AIHE-EX13/flow/flowchart.svg,AIHE_Canon_V1.0/ch/10/core/AIHE-C05/supp/AIHE-EX13/flow/flowchart.svg
digital-resource-companion/chapters/10/core/AIHE-C05/supp/AIHE-EX13/flow/steps.csv,AIHE_Canon_V1.0/ch/10/core/AIHE-C05/supp/AIHE-EX13/flow/steps.csv
digital-resource-companion/chapters/10/core/AIHE-C05/supp/AIHE-EX13/flow/steps.json,AIHE_Canon_V1.0/ch/10/core/AIHE-C05/supp/AIHE-EX13/flow/steps.json
digital-resource-companion/chapters/10/core/AIHE-C05/supp/AIHE-EX13/metadata.json,AIHE_Canon_V1.0/ch/10/core/AIHE-C05/supp/AIHE-EX13/metadata.json
digital-resource-companion/chapters/10/core/AIHE-C05/supp/AIHE-EX13/xlsx/AIHE-EX13_workbook.xlsx,AIHE_Canon_V1.0/ch/10/core/AIHE-C05/supp/AIHE-EX13/xlsx/AIHE-EX13_workbook.xlsx
digital-resource-companion/chapters/10/flow/DECISION_GATES.md,AIHE_Canon_V1.0/ch/10/flow/DECISION_GATES.md
digital-resource-companion/chapters/10/flow/PROCESS_FLOW.md,AIHE_Canon_V1.0/ch/10/flow/PROCESS_FLOW.md
digital-resource-companion/chapters/10/flow/flowchart.mmd,AIHE_Canon_V1.0/ch/10/flow/flowchart.mmd
digital-resource-companion/chapters/10/flow/flowchart.png,AIHE_Canon_V1.0/ch/10/flow/flowchart.png
digital-resource-companion/chapters/10/flow/flowchart.svg,AIHE_Canon_V1.0/ch/10/flow/flowchart.svg
digital-resource-companion/chapters/10/flow/metadata.json,AIHE_Canon_V1.0/ch/10/flow/metadata.json
digital-resource-companion/chapters/10/flow/steps.csv,AIHE_Canon_V1.0/ch/10/flow/steps.csv
digital-resource-companion/chapters/10/flow/steps.json,AIHE_Canon_V1.0/ch/10/flow/steps.json
digital-resource-companion/chapters/10/guides/AIHE-RG04/README.md,AIHE_Canon_V1.0/ch/10/guides/AIHE-RG04/README.md
digital-resource-companion/chapters/10/guides/AIHE-RG04/data/AIHE-RG04_regulatory_standards_policy_update_register.csv,AIHE_Canon_V1.0/ch/10/guides/AIHE-RG04/data/AIHE-RG04_regulatory_standards_policy_update_register.csv
digital-resource-companion/chapters/10/guides/AIHE-RG04/data/AIHE-RG04_regulatory_standards_policy_update_register.md,AIHE_Canon_V1.0/ch/10/guides/AIHE-RG04/data/AIHE-RG04_regulatory_standards_policy_update_register.md
digital-resource-companion/chapters/10/guides/AIHE-RG04/edit/docx/AIHE-RG04_guide_and_template.docx,AIHE_Canon_V1.0/ch/10/guides/AIHE-RG04/edit/docx/AIHE-RG04_guide_and_template.docx
digital-resource-companion/chapters/10/guides/AIHE-RG04/edit/xlsx/AIHE-RG04_register.xlsx,AIHE_Canon_V1.0/ch/10/guides/AIHE-RG04/edit/xlsx/AIHE-RG04_register.xlsx
digital-resource-companion/chapters/10/guides/AIHE-RG04/flow/PROCESS_FLOW.md,AIHE_Canon_V1.0/ch/10/guides/AIHE-RG04/flow/PROCESS_FLOW.md
digital-resource-companion/chapters/10/guides/AIHE-RG04/flow/steps.csv,AIHE_Canon_V1.0/ch/10/guides/AIHE-RG04/flow/steps.csv
digital-resource-companion/chapters/10/guides/AIHE-RG04/flow/steps.json,AIHE_Canon_V1.0/ch/10/guides/AIHE-RG04/flow/steps.json
digital-resource-companion/chapters/10/guides/AIHE-RG04/metadata.json,AIHE_Canon_V1.0/ch/10/guides/AIHE-RG04/metadata.json
digital-resource-companion/chapters/10/python_analytics/AIHE-PY07_feature_importance_and_partial_dependence_exploration/README.md,AIHE_Canon_V1.0/ch/10/py/PY07_feature_importance/README.md
digital-resource-companion/chapters/10/python_analytics/AIHE-PY07_feature_importance_and_partial_dependence_exploration/data/README.md,AIHE_Canon_V1.0/ch/10/py/PY07_feature_importance/data/README.md
digital-resource-companion/chapters/10/python_analytics/AIHE-PY07_feature_importance_and_partial_dependence_exploration/data/xlsx/07_feature_importance_explainability_sample.xlsx,AIHE_Canon_V1.0/ch/10/py/PY07_feature_importance/data/xlsx/07_feature_importance_explainability_sample.xlsx
digital-resource-companion/chapters/10/python_analytics/AIHE-PY07_feature_importance_and_partial_dependence_exploration/data/xlsx/07_feature_importance_explainability_template.xlsx,AIHE_Canon_V1.0/ch/10/py/PY07_feature_importance/data/xlsx/07_feature_importance_explainability_template.xlsx
digital-resource-companion/chapters/10/python_analytics/AIHE-PY07_feature_importance_and_partial_dependence_exploration/environment/environment.yml,AIHE_Canon_V1.0/ch/10/py/PY07_feature_importance/environment/environment.yml
digital-resource-companion/chapters/10/python_analytics/AIHE-PY07_feature_importance_and_partial_dependence_exploration/environment/requirements.txt,AIHE_Canon_V1.0/ch/10/py/PY07_feature_importance/environment/requirements.txt
digital-resource-companion/chapters/10/python_analytics/AIHE-PY07_feature_importance_and_partial_dependence_exploration/metadata.json,AIHE_Canon_V1.0/ch/10/py/PY07_feature_importance/metadata.json
digital-resource-companion/chapters/10/python_analytics/AIHE-PY07_feature_importance_and_partial_dependence_exploration/notebook/07_feature_importance_explainability.ipynb,AIHE_Canon_V1.0/ch/10/py/PY07_feature_importance/notebook/07_feature_importance_explainability.ipynb
digital-resource-companion/chapters/10/python_analytics/AIHE-PY07_feature_importance_and_partial_dependence_exploration/notebook/COLAB_INSTRUCTIONS.md,AIHE_Canon_V1.0/ch/10/py/PY07_feature_importance/notebook/COLAB_INSTRUCTIONS.md
digital-resource-companion/chapters/10/python_analytics/AIHE-PY07_feature_importance_and_partial_dependence_exploration/notebook/README.md,AIHE_Canon_V1.0/ch/10/py/PY07_feature_importance/notebook/README.md
digital-resource-companion/chapters/10/python_analytics/AIHE-PY07_feature_importance_and_partial_dependence_exploration/outputs/example/partial_dependence.png,AIHE_Canon_V1.0/ch/10/py/PY07_feature_importance/outputs/example/partial_dependence.png
digital-resource-companion/chapters/10/python_analytics/AIHE-PY07_feature_importance_and_partial_dependence_exploration/outputs/example/permutation_importance.csv,AIHE_Canon_V1.0/ch/10/py/PY07_feature_importance/outputs/example/permutation_importance.csv
digital-resource-companion/chapters/10/python_analytics/AIHE-PY07_feature_importance_and_partial_dependence_exploration/outputs/example/permutation_importance.png,AIHE_Canon_V1.0/ch/10/py/PY07_feature_importance/outputs/example/permutation_importance.png
digital-resource-companion/chapters/10/python_analytics/AIHE-PY07_feature_importance_and_partial_dependence_exploration/outputs/example/summary.json,AIHE_Canon_V1.0/ch/10/py/PY07_feature_importance/outputs/example/summary.json
digital-resource-companion/chapters/10/python_analytics/AIHE-PY07_feature_importance_and_partial_dependence_exploration/outputs/generated/.gitkeep,AIHE_Canon_V1.0/ch/10/py/PY07_feature_importance/outputs/generated/.gitkeep
digital-resource-companion/chapters/10/python_analytics/AIHE-PY07_feature_importance_and_partial_dependence_exploration/python/07_feature_importance_explainability.py,AIHE_Canon_V1.0/ch/10/py/PY07_feature_importance/python/07_feature_importance_explainability.py
digital-resource-companion/chapters/10/python_analytics/AIHE-PY07_feature_importance_and_partial_dependence_exploration/run_python.bat,AIHE_Canon_V1.0/ch/10/py/PY07_feature_importance/run_python.bat
digital-resource-companion/chapters/10/python_analytics/AIHE-PY07_feature_importance_and_partial_dependence_exploration/run_python.sh,AIHE_Canon_V1.0/ch/10/py/PY07_feature_importance/run_python.sh
digital-resource-companion/chapters/10/python_analytics/AIHE-PY07_feature_importance_and_partial_dependence_exploration/src/aihe_analytics/__init__.py,AIHE_Canon_V1.0/ch/10/py/PY07_feature_importance/src/aihe_analytics/__init__.py
digital-resource-companion/chapters/10/python_analytics/AIHE-PY07_feature_importance_and_partial_dependence_exploration/src/aihe_analytics/io.py,AIHE_Canon_V1.0/ch/10/py/PY07_feature_importance/src/aihe_analytics/io.py
digital-resource-companion/chapters/10/python_analytics/AIHE-PY07_feature_importance_and_partial_dependence_exploration/src/aihe_analytics/module_07_feature_importance_explainability.py,AIHE_Canon_V1.0/ch/10/py/PY07_feature_importance/src/aihe_analytics/module_07_feature_importance_explainability.py
digital-resource-companion/chapters/10/python_analytics/AIHE-PY07_feature_importance_and_partial_dependence_exploration/src/aihe_analytics/plotting.py,AIHE_Canon_V1.0/ch/10/py/PY07_feature_importance/src/aihe_analytics/plotting.py
digital-resource-companion/chapters/10/python_analytics/AIHE-PY08_subgroup_performance_and_equity_audit/README.md,AIHE_Canon_V1.0/ch/10/py/PY08_equity_audit/README.md
digital-resource-companion/chapters/10/python_analytics/AIHE-PY08_subgroup_performance_and_equity_audit/data/README.md,AIHE_Canon_V1.0/ch/10/py/PY08_equity_audit/data/README.md
digital-resource-companion/chapters/10/python_analytics/AIHE-PY08_subgroup_performance_and_equity_audit/data/xlsx/08_subgroup_equity_audit_sample.xlsx,AIHE_Canon_V1.0/ch/10/py/PY08_equity_audit/data/xlsx/08_subgroup_equity_audit_sample.xlsx
digital-resource-companion/chapters/10/python_analytics/AIHE-PY08_subgroup_performance_and_equity_audit/data/xlsx/08_subgroup_equity_audit_template.xlsx,AIHE_Canon_V1.0/ch/10/py/PY08_equity_audit/data/xlsx/08_subgroup_equity_audit_template.xlsx
digital-resource-companion/chapters/10/python_analytics/AIHE-PY08_subgroup_performance_and_equity_audit/environment/environment.yml,AIHE_Canon_V1.0/ch/10/py/PY08_equity_audit/environment/environment.yml
digital-resource-companion/chapters/10/python_analytics/AIHE-PY08_subgroup_performance_and_equity_audit/environment/requirements.txt,AIHE_Canon_V1.0/ch/10/py/PY08_equity_audit/environment/requirements.txt
digital-resource-companion/chapters/10/python_analytics/AIHE-PY08_subgroup_performance_and_equity_audit/metadata.json,AIHE_Canon_V1.0/ch/10/py/PY08_equity_audit/metadata.json
digital-resource-companion/chapters/10/python_analytics/AIHE-PY08_subgroup_performance_and_equity_audit/notebook/08_subgroup_equity_audit.ipynb,AIHE_Canon_V1.0/ch/10/py/PY08_equity_audit/notebook/08_subgroup_equity_audit.ipynb
digital-resource-companion/chapters/10/python_analytics/AIHE-PY08_subgroup_performance_and_equity_audit/notebook/COLAB_INSTRUCTIONS.md,AIHE_Canon_V1.0/ch/10/py/PY08_equity_audit/notebook/COLAB_INSTRUCTIONS.md
digital-resource-companion/chapters/10/python_analytics/AIHE-PY08_subgroup_performance_and_equity_audit/notebook/README.md,AIHE_Canon_V1.0/ch/10/py/PY08_equity_audit/notebook/README.md
digital-resource-companion/chapters/10/python_analytics/AIHE-PY08_subgroup_performance_and_equity_audit/outputs/example/disparity_summary.csv,AIHE_Canon_V1.0/ch/10/py/PY08_equity_audit/outputs/example/disparity_summary.csv
digital-resource-companion/chapters/10/python_analytics/AIHE-PY08_subgroup_performance_and_equity_audit/outputs/example/subgroup_calibration.png,AIHE_Canon_V1.0/ch/10/py/PY08_equity_audit/outputs/example/subgroup_calibration.png
digital-resource-companion/chapters/10/python_analytics/AIHE-PY08_subgroup_performance_and_equity_audit/outputs/example/subgroup_equity_audit.csv,AIHE_Canon_V1.0/ch/10/py/PY08_equity_audit/outputs/example/subgroup_equity_audit.csv
digital-resource-companion/chapters/10/python_analytics/AIHE-PY08_subgroup_performance_and_equity_audit/outputs/example/subgroup_sensitivity.png,AIHE_Canon_V1.0/ch/10/py/PY08_equity_audit/outputs/example/subgroup_sensitivity.png
digital-resource-companion/chapters/10/python_analytics/AIHE-PY08_subgroup_performance_and_equity_audit/outputs/example/summary.json,AIHE_Canon_V1.0/ch/10/py/PY08_equity_audit/outputs/example/summary.json
digital-resource-companion/chapters/10/python_analytics/AIHE-PY08_subgroup_performance_and_equity_audit/outputs/generated/.gitkeep,AIHE_Canon_V1.0/ch/10/py/PY08_equity_audit/outputs/generated/.gitkeep
digital-resource-companion/chapters/10/python_analytics/AIHE-PY08_subgroup_performance_and_equity_audit/python/08_subgroup_equity_audit.py,AIHE_Canon_V1.0/ch/10/py/PY08_equity_audit/python/08_subgroup_equity_audit.py
digital-resource-companion/chapters/10/python_analytics/AIHE-PY08_subgroup_performance_and_equity_audit/run_python.bat,AIHE_Canon_V1.0/ch/10/py/PY08_equity_audit/run_python.bat
digital-resource-companion/chapters/10/python_analytics/AIHE-PY08_subgroup_performance_and_equity_audit/run_python.sh,AIHE_Canon_V1.0/ch/10/py/PY08_equity_audit/run_python.sh
digital-resource-companion/chapters/10/python_analytics/AIHE-PY08_subgroup_performance_and_equity_audit/src/aihe_analytics/__init__.py,AIHE_Canon_V1.0/ch/10/py/PY08_equity_audit/src/aihe_analytics/__init__.py
digital-resource-companion/chapters/10/python_analytics/AIHE-PY08_subgroup_performance_and_equity_audit/src/aihe_analytics/io.py,AIHE_Canon_V1.0/ch/10/py/PY08_equity_audit/src/aihe_analytics/io.py
digital-resource-companion/chapters/10/python_analytics/AIHE-PY08_subgroup_performance_and_equity_audit/src/aihe_analytics/metrics.py,AIHE_Canon_V1.0/ch/10/py/PY08_equity_audit/src/aihe_analytics/metrics.py
digital-resource-companion/chapters/10/python_analytics/AIHE-PY08_subgroup_performance_and_equity_audit/src/aihe_analytics/module_08_subgroup_equity_audit.py,AIHE_Canon_V1.0/ch/10/py/PY08_equity_audit/src/aihe_analytics/module_08_subgroup_equity_audit.py
digital-resource-companion/chapters/10/python_analytics/AIHE-PY08_subgroup_performance_and_equity_audit/src/aihe_analytics/plotting.py,AIHE_Canon_V1.0/ch/10/py/PY08_equity_audit/src/aihe_analytics/plotting.py
digital-resource-companion/chapters/10/python_analytics/AIHE-PY26_integrated_privacy_cybersecurity_equity_safety_and_trust_risk_register/README.md,AIHE_Canon_V1.0/ch/10/py/PY26_risk_register/README.md
digital-resource-companion/chapters/10/python_analytics/AIHE-PY26_integrated_privacy_cybersecurity_equity_safety_and_trust_risk_register/data/README.md,AIHE_Canon_V1.0/ch/10/py/PY26_risk_register/data/README.md
digital-resource-companion/chapters/10/python_analytics/AIHE-PY26_integrated_privacy_cybersecurity_equity_safety_and_trust_risk_register/data/xlsx/26_integrated_risk_register_sample.xlsx,AIHE_Canon_V1.0/ch/10/py/PY26_risk_register/data/xlsx/26_integrated_risk_register_sample.xlsx
digital-resource-companion/chapters/10/python_analytics/AIHE-PY26_integrated_privacy_cybersecurity_equity_safety_and_trust_risk_register/data/xlsx/26_integrated_risk_register_template.xlsx,AIHE_Canon_V1.0/ch/10/py/PY26_risk_register/data/xlsx/26_integrated_risk_register_template.xlsx
digital-resource-companion/chapters/10/python_analytics/AIHE-PY26_integrated_privacy_cybersecurity_equity_safety_and_trust_risk_register/environment/environment.yml,AIHE_Canon_V1.0/ch/10/py/PY26_risk_register/environment/environment.yml
digital-resource-companion/chapters/10/python_analytics/AIHE-PY26_integrated_privacy_cybersecurity_equity_safety_and_trust_risk_register/environment/requirements.txt,AIHE_Canon_V1.0/ch/10/py/PY26_risk_register/environment/requirements.txt
digital-resource-companion/chapters/10/python_analytics/AIHE-PY26_integrated_privacy_cybersecurity_equity_safety_and_trust_risk_register/metadata.json,AIHE_Canon_V1.0/ch/10/py/PY26_risk_register/metadata.json
digital-resource-companion/chapters/10/python_analytics/AIHE-PY26_integrated_privacy_cybersecurity_equity_safety_and_trust_risk_register/notebook/26_integrated_risk_register.ipynb,AIHE_Canon_V1.0/ch/10/py/PY26_risk_register/notebook/26_integrated_risk_register.ipynb
digital-resource-companion/chapters/10/python_analytics/AIHE-PY26_integrated_privacy_cybersecurity_equity_safety_and_trust_risk_register/notebook/COLAB_INSTRUCTIONS.md,AIHE_Canon_V1.0/ch/10/py/PY26_risk_register/notebook/COLAB_INSTRUCTIONS.md
digital-resource-companion/chapters/10/python_analytics/AIHE-PY26_integrated_privacy_cybersecurity_equity_safety_and_trust_risk_register/notebook/README.md,AIHE_Canon_V1.0/ch/10/py/PY26_risk_register/notebook/README.md
digital-resource-companion/chapters/10/python_analytics/AIHE-PY26_integrated_privacy_cybersecurity_equity_safety_and_trust_risk_register/outputs/example/prioritized_risk_register.csv,AIHE_Canon_V1.0/ch/10/py/PY26_risk_register/outputs/example/prioritized_risk_register.csv
digital-resource-companion/chapters/10/python_analytics/AIHE-PY26_integrated_privacy_cybersecurity_equity_safety_and_trust_risk_register/outputs/example/risk_by_domain.png,AIHE_Canon_V1.0/ch/10/py/PY26_risk_register/outputs/example/risk_by_domain.png
digital-resource-companion/chapters/10/python_analytics/AIHE-PY26_integrated_privacy_cybersecurity_equity_safety_and_trust_risk_register/outputs/example/risk_domain_summary.csv,AIHE_Canon_V1.0/ch/10/py/PY26_risk_register/outputs/example/risk_domain_summary.csv
digital-resource-companion/chapters/10/python_analytics/AIHE-PY26_integrated_privacy_cybersecurity_equity_safety_and_trust_risk_register/outputs/example/summary.json,AIHE_Canon_V1.0/ch/10/py/PY26_risk_register/outputs/example/summary.json
digital-resource-companion/chapters/10/python_analytics/AIHE-PY26_integrated_privacy_cybersecurity_equity_safety_and_trust_risk_register/outputs/generated/.gitkeep,AIHE_Canon_V1.0/ch/10/py/PY26_risk_register/outputs/generated/.gitkeep
digital-resource-companion/chapters/10/python_analytics/AIHE-PY26_integrated_privacy_cybersecurity_equity_safety_and_trust_risk_register/python/26_integrated_risk_register.py,AIHE_Canon_V1.0/ch/10/py/PY26_risk_register/python/26_integrated_risk_register.py
digital-resource-companion/chapters/10/python_analytics/AIHE-PY26_integrated_privacy_cybersecurity_equity_safety_and_trust_risk_register/run_python.bat,AIHE_Canon_V1.0/ch/10/py/PY26_risk_register/run_python.bat
digital-resource-companion/chapters/10/python_analytics/AIHE-PY26_integrated_privacy_cybersecurity_equity_safety_and_trust_risk_register/run_python.sh,AIHE_Canon_V1.0/ch/10/py/PY26_risk_register/run_python.sh
digital-resource-companion/chapters/10/python_analytics/AIHE-PY26_integrated_privacy_cybersecurity_equity_safety_and_trust_risk_register/src/aihe_analytics/__init__.py,AIHE_Canon_V1.0/ch/10/py/PY26_risk_register/src/aihe_analytics/__init__.py
digital-resource-companion/chapters/10/python_analytics/AIHE-PY26_integrated_privacy_cybersecurity_equity_safety_and_trust_risk_register/src/aihe_analytics/io.py,AIHE_Canon_V1.0/ch/10/py/PY26_risk_register/src/aihe_analytics/io.py
digital-resource-companion/chapters/10/python_analytics/AIHE-PY26_integrated_privacy_cybersecurity_equity_safety_and_trust_risk_register/src/aihe_analytics/module_26_integrated_risk_register.py,AIHE_Canon_V1.0/ch/10/py/PY26_risk_register/src/aihe_analytics/module_26_integrated_risk_register.py
digital-resource-companion/chapters/10/python_analytics/AIHE-PY26_integrated_privacy_cybersecurity_equity_safety_and_trust_risk_register/src/aihe_analytics/plotting.py,AIHE_Canon_V1.0/ch/10/py/PY26_risk_register/src/aihe_analytics/plotting.py
digital-resource-companion/chapters/11/README.md,AIHE_Canon_V1.0/ch/11/README.md
digital-resource-companion/chapters/11/flow/DECISION_GATES.md,AIHE_Canon_V1.0/ch/11/flow/DECISION_GATES.md
digital-resource-companion/chapters/11/flow/PROCESS_FLOW.md,AIHE_Canon_V1.0/ch/11/flow/PROCESS_FLOW.md
digital-resource-companion/chapters/11/flow/flowchart.mmd,AIHE_Canon_V1.0/ch/11/flow/flowchart.mmd
digital-resource-companion/chapters/11/flow/flowchart.png,AIHE_Canon_V1.0/ch/11/flow/flowchart.png
digital-resource-companion/chapters/11/flow/flowchart.svg,AIHE_Canon_V1.0/ch/11/flow/flowchart.svg
digital-resource-companion/chapters/11/flow/metadata.json,AIHE_Canon_V1.0/ch/11/flow/metadata.json
digital-resource-companion/chapters/11/flow/steps.csv,AIHE_Canon_V1.0/ch/11/flow/steps.csv
digital-resource-companion/chapters/11/flow/steps.json,AIHE_Canon_V1.0/ch/11/flow/steps.json
digital-resource-companion/chapters/11/guides/AIHE-RG02/README.md,AIHE_Canon_V1.0/ch/11/guides/AIHE-RG02/README.md
digital-resource-companion/chapters/11/guides/AIHE-RG02/data/AIHE-RG02_reporting_and_appraisal_selection_guide.csv,AIHE_Canon_V1.0/ch/11/guides/AIHE-RG02/data/AIHE-RG02_reporting_and_appraisal_selection_guide.csv
digital-resource-companion/chapters/11/guides/AIHE-RG02/data/AIHE-RG02_reporting_and_appraisal_selection_guide.md,AIHE_Canon_V1.0/ch/11/guides/AIHE-RG02/data/AIHE-RG02_reporting_and_appraisal_selection_guide.md
digital-resource-companion/chapters/11/guides/AIHE-RG02/edit/docx/AIHE-RG02_guide_and_template.docx,AIHE_Canon_V1.0/ch/11/guides/AIHE-RG02/edit/docx/AIHE-RG02_guide_and_template.docx
digital-resource-companion/chapters/11/guides/AIHE-RG02/edit/xlsx/AIHE-RG02_register.xlsx,AIHE_Canon_V1.0/ch/11/guides/AIHE-RG02/edit/xlsx/AIHE-RG02_register.xlsx
digital-resource-companion/chapters/11/guides/AIHE-RG02/flow/PROCESS_FLOW.md,AIHE_Canon_V1.0/ch/11/guides/AIHE-RG02/flow/PROCESS_FLOW.md
digital-resource-companion/chapters/11/guides/AIHE-RG02/flow/steps.csv,AIHE_Canon_V1.0/ch/11/guides/AIHE-RG02/flow/steps.csv
digital-resource-companion/chapters/11/guides/AIHE-RG02/flow/steps.json,AIHE_Canon_V1.0/ch/11/guides/AIHE-RG02/flow/steps.json
digital-resource-companion/chapters/11/guides/AIHE-RG02/metadata.json,AIHE_Canon_V1.0/ch/11/guides/AIHE-RG02/metadata.json
digital-resource-companion/chapters/11/guides/AIHE-RG06/README.md,AIHE_Canon_V1.0/ch/11/guides/AIHE-RG06/README.md
digital-resource-companion/chapters/11/guides/AIHE-RG06/data/AIHE-RG06_diagnostic_predictive_evidence_appraisal_checklist.csv,AIHE_Canon_V1.0/ch/11/guides/AIHE-RG06/data/AIHE-RG06_diagnostic_predictive_evidence_appraisal_checklist.csv
digital-resource-companion/chapters/11/guides/AIHE-RG06/data/AIHE-RG06_diagnostic_predictive_evidence_appraisal_checklist.md,AIHE_Canon_V1.0/ch/11/guides/AIHE-RG06/data/AIHE-RG06_diagnostic_predictive_evidence_appraisal_checklist.md
digital-resource-companion/chapters/11/guides/AIHE-RG06/edit/docx/AIHE-RG06_guide_and_template.docx,AIHE_Canon_V1.0/ch/11/guides/AIHE-RG06/edit/docx/AIHE-RG06_guide_and_template.docx
digital-resource-companion/chapters/11/guides/AIHE-RG06/edit/xlsx/AIHE-RG06_register.xlsx,AIHE_Canon_V1.0/ch/11/guides/AIHE-RG06/edit/xlsx/AIHE-RG06_register.xlsx
digital-resource-companion/chapters/11/guides/AIHE-RG06/flow/PROCESS_FLOW.md,AIHE_Canon_V1.0/ch/11/guides/AIHE-RG06/flow/PROCESS_FLOW.md
digital-resource-companion/chapters/11/guides/AIHE-RG06/flow/steps.csv,AIHE_Canon_V1.0/ch/11/guides/AIHE-RG06/flow/steps.csv
digital-resource-companion/chapters/11/guides/AIHE-RG06/flow/steps.json,AIHE_Canon_V1.0/ch/11/guides/AIHE-RG06/flow/steps.json
digital-resource-companion/chapters/11/guides/AIHE-RG06/metadata.json,AIHE_Canon_V1.0/ch/11/guides/AIHE-RG06/metadata.json
digital-resource-companion/chapters/11/python_analytics/AIHE-PY04_predictive_model_development_logistic_regression_and_random_forest/README.md,AIHE_Canon_V1.0/ch/11/py/PY04_model_dev/README.md
digital-resource-companion/chapters/11/python_analytics/AIHE-PY04_predictive_model_development_logistic_regression_and_random_forest/data/README.md,AIHE_Canon_V1.0/ch/11/py/PY04_model_dev/data/README.md
digital-resource-companion/chapters/11/python_analytics/AIHE-PY04_predictive_model_development_logistic_regression_and_random_forest/data/xlsx/04_predictive_model_comparison_sample.xlsx,AIHE_Canon_V1.0/ch/11/py/PY04_model_dev/data/xlsx/04_predictive_model_comparison_sample.xlsx
digital-resource-companion/chapters/11/python_analytics/AIHE-PY04_predictive_model_development_logistic_regression_and_random_forest/data/xlsx/04_predictive_model_comparison_template.xlsx,AIHE_Canon_V1.0/ch/11/py/PY04_model_dev/data/xlsx/04_predictive_model_comparison_template.xlsx
digital-resource-companion/chapters/11/python_analytics/AIHE-PY04_predictive_model_development_logistic_regression_and_random_forest/environment/environment.yml,AIHE_Canon_V1.0/ch/11/py/PY04_model_dev/environment/environment.yml
digital-resource-companion/chapters/11/python_analytics/AIHE-PY04_predictive_model_development_logistic_regression_and_random_forest/environment/requirements.txt,AIHE_Canon_V1.0/ch/11/py/PY04_model_dev/environment/requirements.txt
digital-resource-companion/chapters/11/python_analytics/AIHE-PY04_predictive_model_development_logistic_regression_and_random_forest/metadata.json,AIHE_Canon_V1.0/ch/11/py/PY04_model_dev/metadata.json
digital-resource-companion/chapters/11/python_analytics/AIHE-PY04_predictive_model_development_logistic_regression_and_random_forest/notebook/04_predictive_model_comparison.ipynb,AIHE_Canon_V1.0/ch/11/py/PY04_model_dev/notebook/04_predictive_model_comparison.ipynb
digital-resource-companion/chapters/11/python_analytics/AIHE-PY04_predictive_model_development_logistic_regression_and_random_forest/notebook/COLAB_INSTRUCTIONS.md,AIHE_Canon_V1.0/ch/11/py/PY04_model_dev/notebook/COLAB_INSTRUCTIONS.md
digital-resource-companion/chapters/11/python_analytics/AIHE-PY04_predictive_model_development_logistic_regression_and_random_forest/notebook/README.md,AIHE_Canon_V1.0/ch/11/py/PY04_model_dev/notebook/README.md
digital-resource-companion/chapters/11/python_analytics/AIHE-PY04_predictive_model_development_logistic_regression_and_random_forest/outputs/example/logistic_coefficients.csv,AIHE_Canon_V1.0/ch/11/py/PY04_model_dev/outputs/example/logistic_coefficients.csv
digital-resource-companion/chapters/11/python_analytics/AIHE-PY04_predictive_model_development_logistic_regression_and_random_forest/outputs/example/model_comparison.csv,AIHE_Canon_V1.0/ch/11/py/PY04_model_dev/outputs/example/model_comparison.csv
digital-resource-companion/chapters/11/python_analytics/AIHE-PY04_predictive_model_development_logistic_regression_and_random_forest/outputs/example/random_forest_importance.csv,AIHE_Canon_V1.0/ch/11/py/PY04_model_dev/outputs/example/random_forest_importance.csv
digital-resource-companion/chapters/11/python_analytics/AIHE-PY04_predictive_model_development_logistic_regression_and_random_forest/outputs/example/roc_comparison.png,AIHE_Canon_V1.0/ch/11/py/PY04_model_dev/outputs/example/roc_comparison.png
digital-resource-companion/chapters/11/python_analytics/AIHE-PY04_predictive_model_development_logistic_regression_and_random_forest/outputs/example/summary.json,AIHE_Canon_V1.0/ch/11/py/PY04_model_dev/outputs/example/summary.json
digital-resource-companion/chapters/11/python_analytics/AIHE-PY04_predictive_model_development_logistic_regression_and_random_forest/outputs/example/test_predictions.csv,AIHE_Canon_V1.0/ch/11/py/PY04_model_dev/outputs/example/test_predictions.csv
digital-resource-companion/chapters/11/python_analytics/AIHE-PY04_predictive_model_development_logistic_regression_and_random_forest/outputs/generated/.gitkeep,AIHE_Canon_V1.0/ch/11/py/PY04_model_dev/outputs/generated/.gitkeep
digital-resource-companion/chapters/11/python_analytics/AIHE-PY04_predictive_model_development_logistic_regression_and_random_forest/python/04_predictive_model_comparison.py,AIHE_Canon_V1.0/ch/11/py/PY04_model_dev/python/04_predictive_model_comparison.py
digital-resource-companion/chapters/11/python_analytics/AIHE-PY04_predictive_model_development_logistic_regression_and_random_forest/run_python.bat,AIHE_Canon_V1.0/ch/11/py/PY04_model_dev/run_python.bat
digital-resource-companion/chapters/11/python_analytics/AIHE-PY04_predictive_model_development_logistic_regression_and_random_forest/run_python.sh,AIHE_Canon_V1.0/ch/11/py/PY04_model_dev/run_python.sh
digital-resource-companion/chapters/11/python_analytics/AIHE-PY04_predictive_model_development_logistic_regression_and_random_forest/src/aihe_analytics/__init__.py,AIHE_Canon_V1.0/ch/11/py/PY04_model_dev/src/aihe_analytics/__init__.py
digital-resource-companion/chapters/11/python_analytics/AIHE-PY04_predictive_model_development_logistic_regression_and_random_forest/src/aihe_analytics/io.py,AIHE_Canon_V1.0/ch/11/py/PY04_model_dev/src/aihe_analytics/io.py
digital-resource-companion/chapters/11/python_analytics/AIHE-PY04_predictive_model_development_logistic_regression_and_random_forest/src/aihe_analytics/module_04_predictive_model_comparison.py,AIHE_Canon_V1.0/ch/11/py/PY04_model_dev/src/aihe_analytics/module_04_predictive_model_comparison.py
digital-resource-companion/chapters/11/python_analytics/AIHE-PY04_predictive_model_development_logistic_regression_and_random_forest/src/aihe_analytics/plotting.py,AIHE_Canon_V1.0/ch/11/py/PY04_model_dev/src/aihe_analytics/plotting.py
digital-resource-companion/chapters/11/python_analytics/AIHE-PY05_model_performance_threshold_trade_offs_and_calibration/README.md,AIHE_Canon_V1.0/ch/11/py/PY05_performance/README.md
digital-resource-companion/chapters/11/python_analytics/AIHE-PY05_model_performance_threshold_trade_offs_and_calibration/data/README.md,AIHE_Canon_V1.0/ch/11/py/PY05_performance/data/README.md
digital-resource-companion/chapters/11/python_analytics/AIHE-PY05_model_performance_threshold_trade_offs_and_calibration/data/xlsx/05_performance_and_calibration_sample.xlsx,AIHE_Canon_V1.0/ch/11/py/PY05_performance/data/xlsx/05_performance_and_calibration_sample.xlsx
digital-resource-companion/chapters/11/python_analytics/AIHE-PY05_model_performance_threshold_trade_offs_and_calibration/data/xlsx/05_performance_and_calibration_template.xlsx,AIHE_Canon_V1.0/ch/11/py/PY05_performance/data/xlsx/05_performance_and_calibration_template.xlsx
digital-resource-companion/chapters/11/python_analytics/AIHE-PY05_model_performance_threshold_trade_offs_and_calibration/environment/environment.yml,AIHE_Canon_V1.0/ch/11/py/PY05_performance/environment/environment.yml
digital-resource-companion/chapters/11/python_analytics/AIHE-PY05_model_performance_threshold_trade_offs_and_calibration/environment/requirements.txt,AIHE_Canon_V1.0/ch/11/py/PY05_performance/environment/requirements.txt
digital-resource-companion/chapters/11/python_analytics/AIHE-PY05_model_performance_threshold_trade_offs_and_calibration/metadata.json,AIHE_Canon_V1.0/ch/11/py/PY05_performance/metadata.json
digital-resource-companion/chapters/11/python_analytics/AIHE-PY05_model_performance_threshold_trade_offs_and_calibration/notebook/05_performance_and_calibration.ipynb,AIHE_Canon_V1.0/ch/11/py/PY05_performance/notebook/05_performance_and_calibration.ipynb
digital-resource-companion/chapters/11/python_analytics/AIHE-PY05_model_performance_threshold_trade_offs_and_calibration/notebook/COLAB_INSTRUCTIONS.md,AIHE_Canon_V1.0/ch/11/py/PY05_performance/notebook/COLAB_INSTRUCTIONS.md
digital-resource-companion/chapters/11/python_analytics/AIHE-PY05_model_performance_threshold_trade_offs_and_calibration/notebook/README.md,AIHE_Canon_V1.0/ch/11/py/PY05_performance/notebook/README.md
digital-resource-companion/chapters/11/python_analytics/AIHE-PY05_model_performance_threshold_trade_offs_and_calibration/outputs/example/calibration_bins.csv,AIHE_Canon_V1.0/ch/11/py/PY05_performance/outputs/example/calibration_bins.csv
digital-resource-companion/chapters/11/python_analytics/AIHE-PY05_model_performance_threshold_trade_offs_and_calibration/outputs/example/calibration_plot.png,AIHE_Canon_V1.0/ch/11/py/PY05_performance/outputs/example/calibration_plot.png
digital-resource-companion/chapters/11/python_analytics/AIHE-PY05_model_performance_threshold_trade_offs_and_calibration/outputs/example/roc_curve.png,AIHE_Canon_V1.0/ch/11/py/PY05_performance/outputs/example/roc_curve.png
digital-resource-companion/chapters/11/python_analytics/AIHE-PY05_model_performance_threshold_trade_offs_and_calibration/outputs/example/summary.json,AIHE_Canon_V1.0/ch/11/py/PY05_performance/outputs/example/summary.json
digital-resource-companion/chapters/11/python_analytics/AIHE-PY05_model_performance_threshold_trade_offs_and_calibration/outputs/example/threshold_performance.csv,AIHE_Canon_V1.0/ch/11/py/PY05_performance/outputs/example/threshold_performance.csv
digital-resource-companion/chapters/11/python_analytics/AIHE-PY05_model_performance_threshold_trade_offs_and_calibration/outputs/example/threshold_tradeoffs.png,AIHE_Canon_V1.0/ch/11/py/PY05_performance/outputs/example/threshold_tradeoffs.png
digital-resource-companion/chapters/11/python_analytics/AIHE-PY05_model_performance_threshold_trade_offs_and_calibration/outputs/generated/.gitkeep,AIHE_Canon_V1.0/ch/11/py/PY05_performance/outputs/generated/.gitkeep
digital-resource-companion/chapters/11/python_analytics/AIHE-PY05_model_performance_threshold_trade_offs_and_calibration/python/05_performance_and_calibration.py,AIHE_Canon_V1.0/ch/11/py/PY05_performance/python/05_performance_and_calibration.py
digital-resource-companion/chapters/11/python_analytics/AIHE-PY05_model_performance_threshold_trade_offs_and_calibration/run_python.bat,AIHE_Canon_V1.0/ch/11/py/PY05_performance/run_python.bat
digital-resource-companion/chapters/11/python_analytics/AIHE-PY05_model_performance_threshold_trade_offs_and_calibration/run_python.sh,AIHE_Canon_V1.0/ch/11/py/PY05_performance/run_python.sh
digital-resource-companion/chapters/11/python_analytics/AIHE-PY05_model_performance_threshold_trade_offs_and_calibration/src/aihe_analytics/__init__.py,AIHE_Canon_V1.0/ch/11/py/PY05_performance/src/aihe_analytics/__init__.py
digital-resource-companion/chapters/11/python_analytics/AIHE-PY05_model_performance_threshold_trade_offs_and_calibration/src/aihe_analytics/io.py,AIHE_Canon_V1.0/ch/11/py/PY05_performance/src/aihe_analytics/io.py
digital-resource-companion/chapters/11/python_analytics/AIHE-PY05_model_performance_threshold_trade_offs_and_calibration/src/aihe_analytics/metrics.py,AIHE_Canon_V1.0/ch/11/py/PY05_performance/src/aihe_analytics/metrics.py
digital-resource-companion/chapters/11/python_analytics/AIHE-PY05_model_performance_threshold_trade_offs_and_calibration/src/aihe_analytics/module_05_performance_and_calibration.py,AIHE_Canon_V1.0/ch/11/py/PY05_performance/src/aihe_analytics/module_05_performance_and_calibration.py
digital-resource-companion/chapters/11/python_analytics/AIHE-PY05_model_performance_threshold_trade_offs_and_calibration/src/aihe_analytics/plotting.py,AIHE_Canon_V1.0/ch/11/py/PY05_performance/src/aihe_analytics/plotting.py
digital-resource-companion/chapters/11/python_analytics/AIHE-PY24_implementation_evaluation_with_interrupted_time_series_and_control_charts/README.md,AIHE_Canon_V1.0/ch/11/py/PY24_impl_eval/README.md
digital-resource-companion/chapters/11/python_analytics/AIHE-PY24_implementation_evaluation_with_interrupted_time_series_and_control_charts/data/README.md,AIHE_Canon_V1.0/ch/11/py/PY24_impl_eval/data/README.md
digital-resource-companion/chapters/11/python_analytics/AIHE-PY24_implementation_evaluation_with_interrupted_time_series_and_control_charts/data/xlsx/24_implementation_evaluation_sample.xlsx,AIHE_Canon_V1.0/ch/11/py/PY24_impl_eval/data/xlsx/24_implementation_evaluation_sample.xlsx
digital-resource-companion/chapters/11/python_analytics/AIHE-PY24_implementation_evaluation_with_interrupted_time_series_and_control_charts/data/xlsx/24_implementation_evaluation_template.xlsx,AIHE_Canon_V1.0/ch/11/py/PY24_impl_eval/data/xlsx/24_implementation_evaluation_template.xlsx
digital-resource-companion/chapters/11/python_analytics/AIHE-PY24_implementation_evaluation_with_interrupted_time_series_and_control_charts/environment/environment.yml,AIHE_Canon_V1.0/ch/11/py/PY24_impl_eval/environment/environment.yml
digital-resource-companion/chapters/11/python_analytics/AIHE-PY24_implementation_evaluation_with_interrupted_time_series_and_control_charts/environment/requirements.txt,AIHE_Canon_V1.0/ch/11/py/PY24_impl_eval/environment/requirements.txt
digital-resource-companion/chapters/11/python_analytics/AIHE-PY24_implementation_evaluation_with_interrupted_time_series_and_control_charts/metadata.json,AIHE_Canon_V1.0/ch/11/py/PY24_impl_eval/metadata.json
digital-resource-companion/chapters/11/python_analytics/AIHE-PY24_implementation_evaluation_with_interrupted_time_series_and_control_charts/notebook/24_implementation_evaluation.ipynb,AIHE_Canon_V1.0/ch/11/py/PY24_impl_eval/notebook/24_implementation_evaluation.ipynb
digital-resource-companion/chapters/11/python_analytics/AIHE-PY24_implementation_evaluation_with_interrupted_time_series_and_control_charts/notebook/COLAB_INSTRUCTIONS.md,AIHE_Canon_V1.0/ch/11/py/PY24_impl_eval/notebook/COLAB_INSTRUCTIONS.md
digital-resource-companion/chapters/11/python_analytics/AIHE-PY24_implementation_evaluation_with_interrupted_time_series_and_control_charts/notebook/README.md,AIHE_Canon_V1.0/ch/11/py/PY24_impl_eval/notebook/README.md
digital-resource-companion/chapters/11/python_analytics/AIHE-PY24_implementation_evaluation_with_interrupted_time_series_and_control_charts/outputs/example/control_chart.png,AIHE_Canon_V1.0/ch/11/py/PY24_impl_eval/outputs/example/control_chart.png
digital-resource-companion/chapters/11/python_analytics/AIHE-PY24_implementation_evaluation_with_interrupted_time_series_and_control_charts/outputs/example/implementation_timeseries.csv,AIHE_Canon_V1.0/ch/11/py/PY24_impl_eval/outputs/example/implementation_timeseries.csv
digital-resource-companion/chapters/11/python_analytics/AIHE-PY24_implementation_evaluation_with_interrupted_time_series_and_control_charts/outputs/example/interrupted_time_series.png,AIHE_Canon_V1.0/ch/11/py/PY24_impl_eval/outputs/example/interrupted_time_series.png
digital-resource-companion/chapters/11/python_analytics/AIHE-PY24_implementation_evaluation_with_interrupted_time_series_and_control_charts/outputs/example/segmented_regression.csv,AIHE_Canon_V1.0/ch/11/py/PY24_impl_eval/outputs/example/segmented_regression.csv
digital-resource-companion/chapters/11/python_analytics/AIHE-PY24_implementation_evaluation_with_interrupted_time_series_and_control_charts/outputs/example/summary.json,AIHE_Canon_V1.0/ch/11/py/PY24_impl_eval/outputs/example/summary.json
digital-resource-companion/chapters/11/python_analytics/AIHE-PY24_implementation_evaluation_with_interrupted_time_series_and_control_charts/outputs/generated/.gitkeep,AIHE_Canon_V1.0/ch/11/py/PY24_impl_eval/outputs/generated/.gitkeep
digital-resource-companion/chapters/11/python_analytics/AIHE-PY24_implementation_evaluation_with_interrupted_time_series_and_control_charts/python/24_implementation_evaluation.py,AIHE_Canon_V1.0/ch/11/py/PY24_impl_eval/python/24_implementation_evaluation.py
digital-resource-companion/chapters/11/python_analytics/AIHE-PY24_implementation_evaluation_with_interrupted_time_series_and_control_charts/run_python.bat,AIHE_Canon_V1.0/ch/11/py/PY24_impl_eval/run_python.bat
digital-resource-companion/chapters/11/python_analytics/AIHE-PY24_implementation_evaluation_with_interrupted_time_series_and_control_charts/run_python.sh,AIHE_Canon_V1.0/ch/11/py/PY24_impl_eval/run_python.sh
digital-resource-companion/chapters/11/python_analytics/AIHE-PY24_implementation_evaluation_with_interrupted_time_series_and_control_charts/src/aihe_analytics/__init__.py,AIHE_Canon_V1.0/ch/11/py/PY24_impl_eval/src/aihe_analytics/__init__.py
digital-resource-companion/chapters/11/python_analytics/AIHE-PY24_implementation_evaluation_with_interrupted_time_series_and_control_charts/src/aihe_analytics/io.py,AIHE_Canon_V1.0/ch/11/py/PY24_impl_eval/src/aihe_analytics/io.py
digital-resource-companion/chapters/11/python_analytics/AIHE-PY24_implementation_evaluation_with_interrupted_time_series_and_control_charts/src/aihe_analytics/module_24_implementation_evaluation.py,AIHE_Canon_V1.0/ch/11/py/PY24_impl_eval/src/aihe_analytics/module_24_implementation_evaluation.py
digital-resource-companion/chapters/11/python_analytics/AIHE-PY24_implementation_evaluation_with_interrupted_time_series_and_control_charts/src/aihe_analytics/plotting.py,AIHE_Canon_V1.0/ch/11/py/PY24_impl_eval/src/aihe_analytics/plotting.py
digital-resource-companion/chapters/11/python_analytics/AIHE-PY30_random_effects_meta_analysis_and_forest_plot/README.md,AIHE_Canon_V1.0/ch/11/py/PY30_meta_analysis/README.md
digital-resource-companion/chapters/11/python_analytics/AIHE-PY30_random_effects_meta_analysis_and_forest_plot/data/README.md,AIHE_Canon_V1.0/ch/11/py/PY30_meta_analysis/data/README.md
digital-resource-companion/chapters/11/python_analytics/AIHE-PY30_random_effects_meta_analysis_and_forest_plot/data/xlsx/30_random_effects_meta_analysis_sample.xlsx,AIHE_Canon_V1.0/ch/11/py/PY30_meta_analysis/data/xlsx/30_random_effects_meta_analysis_sample.xlsx
digital-resource-companion/chapters/11/python_analytics/AIHE-PY30_random_effects_meta_analysis_and_forest_plot/data/xlsx/30_random_effects_meta_analysis_template.xlsx,AIHE_Canon_V1.0/ch/11/py/PY30_meta_analysis/data/xlsx/30_random_effects_meta_analysis_template.xlsx
digital-resource-companion/chapters/11/python_analytics/AIHE-PY30_random_effects_meta_analysis_and_forest_plot/environment/environment.yml,AIHE_Canon_V1.0/ch/11/py/PY30_meta_analysis/environment/environment.yml
digital-resource-companion/chapters/11/python_analytics/AIHE-PY30_random_effects_meta_analysis_and_forest_plot/environment/requirements.txt,AIHE_Canon_V1.0/ch/11/py/PY30_meta_analysis/environment/requirements.txt
digital-resource-companion/chapters/11/python_analytics/AIHE-PY30_random_effects_meta_analysis_and_forest_plot/metadata.json,AIHE_Canon_V1.0/ch/11/py/PY30_meta_analysis/metadata.json
digital-resource-companion/chapters/11/python_analytics/AIHE-PY30_random_effects_meta_analysis_and_forest_plot/notebook/30_random_effects_meta_analysis.ipynb,AIHE_Canon_V1.0/ch/11/py/PY30_meta_analysis/notebook/30_random_effects_meta_analysis.ipynb
digital-resource-companion/chapters/11/python_analytics/AIHE-PY30_random_effects_meta_analysis_and_forest_plot/notebook/COLAB_INSTRUCTIONS.md,AIHE_Canon_V1.0/ch/11/py/PY30_meta_analysis/notebook/COLAB_INSTRUCTIONS.md
digital-resource-companion/chapters/11/python_analytics/AIHE-PY30_random_effects_meta_analysis_and_forest_plot/notebook/README.md,AIHE_Canon_V1.0/ch/11/py/PY30_meta_analysis/notebook/README.md
digital-resource-companion/chapters/11/python_analytics/AIHE-PY30_random_effects_meta_analysis_and_forest_plot/outputs/example/forest_plot.png,AIHE_Canon_V1.0/ch/11/py/PY30_meta_analysis/outputs/example/forest_plot.png
digital-resource-companion/chapters/11/python_analytics/AIHE-PY30_random_effects_meta_analysis_and_forest_plot/outputs/example/funnel_plot.png,AIHE_Canon_V1.0/ch/11/py/PY30_meta_analysis/outputs/example/funnel_plot.png
digital-resource-companion/chapters/11/python_analytics/AIHE-PY30_random_effects_meta_analysis_and_forest_plot/outputs/example/study_effects_and_weights.csv,AIHE_Canon_V1.0/ch/11/py/PY30_meta_analysis/outputs/example/study_effects_and_weights.csv
digital-resource-companion/chapters/11/python_analytics/AIHE-PY30_random_effects_meta_analysis_and_forest_plot/outputs/example/subgroup_meta_analysis.csv,AIHE_Canon_V1.0/ch/11/py/PY30_meta_analysis/outputs/example/subgroup_meta_analysis.csv
digital-resource-companion/chapters/11/python_analytics/AIHE-PY30_random_effects_meta_analysis_and_forest_plot/outputs/example/summary.json,AIHE_Canon_V1.0/ch/11/py/PY30_meta_analysis/outputs/example/summary.json
digital-resource-companion/chapters/11/python_analytics/AIHE-PY30_random_effects_meta_analysis_and_forest_plot/outputs/generated/.gitkeep,AIHE_Canon_V1.0/ch/11/py/PY30_meta_analysis/outputs/generated/.gitkeep
digital-resource-companion/chapters/11/python_analytics/AIHE-PY30_random_effects_meta_analysis_and_forest_plot/python/30_random_effects_meta_analysis.py,AIHE_Canon_V1.0/ch/11/py/PY30_meta_analysis/python/30_random_effects_meta_analysis.py
digital-resource-companion/chapters/11/python_analytics/AIHE-PY30_random_effects_meta_analysis_and_forest_plot/run_python.bat,AIHE_Canon_V1.0/ch/11/py/PY30_meta_analysis/run_python.bat
digital-resource-companion/chapters/11/python_analytics/AIHE-PY30_random_effects_meta_analysis_and_forest_plot/run_python.sh,AIHE_Canon_V1.0/ch/11/py/PY30_meta_analysis/run_python.sh
digital-resource-companion/chapters/11/python_analytics/AIHE-PY30_random_effects_meta_analysis_and_forest_plot/src/aihe_analytics/__init__.py,AIHE_Canon_V1.0/ch/11/py/PY30_meta_analysis/src/aihe_analytics/__init__.py
digital-resource-companion/chapters/11/python_analytics/AIHE-PY30_random_effects_meta_analysis_and_forest_plot/src/aihe_analytics/io.py,AIHE_Canon_V1.0/ch/11/py/PY30_meta_analysis/src/aihe_analytics/io.py
digital-resource-companion/chapters/11/python_analytics/AIHE-PY30_random_effects_meta_analysis_and_forest_plot/src/aihe_analytics/module_30_random_effects_meta_analysis.py,AIHE_Canon_V1.0/ch/11/py/PY30_meta_analysis/src/aihe_analytics/module_30_random_effects_meta_analysis.py
digital-resource-companion/chapters/11/python_analytics/AIHE-PY30_random_effects_meta_analysis_and_forest_plot/src/aihe_analytics/plotting.py,AIHE_Canon_V1.0/ch/11/py/PY30_meta_analysis/src/aihe_analytics/plotting.py
digital-resource-companion/chapters/11/python_analytics/AIHE-PY31_difference_in_differences_evaluation/README.md,AIHE_Canon_V1.0/ch/11/py/PY31_diff_in_diff/README.md
digital-resource-companion/chapters/11/python_analytics/AIHE-PY31_difference_in_differences_evaluation/data/README.md,AIHE_Canon_V1.0/ch/11/py/PY31_diff_in_diff/data/README.md
digital-resource-companion/chapters/11/python_analytics/AIHE-PY31_difference_in_differences_evaluation/data/xlsx/31_difference_in_differences_sample.xlsx,AIHE_Canon_V1.0/ch/11/py/PY31_diff_in_diff/data/xlsx/31_difference_in_differences_sample.xlsx
digital-resource-companion/chapters/11/python_analytics/AIHE-PY31_difference_in_differences_evaluation/data/xlsx/31_difference_in_differences_template.xlsx,AIHE_Canon_V1.0/ch/11/py/PY31_diff_in_diff/data/xlsx/31_difference_in_differences_template.xlsx
digital-resource-companion/chapters/11/python_analytics/AIHE-PY31_difference_in_differences_evaluation/environment/environment.yml,AIHE_Canon_V1.0/ch/11/py/PY31_diff_in_diff/environment/environment.yml
digital-resource-companion/chapters/11/python_analytics/AIHE-PY31_difference_in_differences_evaluation/environment/requirements.txt,AIHE_Canon_V1.0/ch/11/py/PY31_diff_in_diff/environment/requirements.txt
digital-resource-companion/chapters/11/python_analytics/AIHE-PY31_difference_in_differences_evaluation/metadata.json,AIHE_Canon_V1.0/ch/11/py/PY31_diff_in_diff/metadata.json
digital-resource-companion/chapters/11/python_analytics/AIHE-PY31_difference_in_differences_evaluation/notebook/31_difference_in_differences.ipynb,AIHE_Canon_V1.0/ch/11/py/PY31_diff_in_diff/notebook/31_difference_in_differences.ipynb
digital-resource-companion/chapters/11/python_analytics/AIHE-PY31_difference_in_differences_evaluation/notebook/COLAB_INSTRUCTIONS.md,AIHE_Canon_V1.0/ch/11/py/PY31_diff_in_diff/notebook/COLAB_INSTRUCTIONS.md
digital-resource-companion/chapters/11/python_analytics/AIHE-PY31_difference_in_differences_evaluation/notebook/README.md,AIHE_Canon_V1.0/ch/11/py/PY31_diff_in_diff/notebook/README.md
digital-resource-companion/chapters/11/python_analytics/AIHE-PY31_difference_in_differences_evaluation/outputs/example/did_regression.csv,AIHE_Canon_V1.0/ch/11/py/PY31_diff_in_diff/outputs/example/did_regression.csv
digital-resource-companion/chapters/11/python_analytics/AIHE-PY31_difference_in_differences_evaluation/outputs/example/did_trends.png,AIHE_Canon_V1.0/ch/11/py/PY31_diff_in_diff/outputs/example/did_trends.png
digital-resource-companion/chapters/11/python_analytics/AIHE-PY31_difference_in_differences_evaluation/outputs/example/group_time_means.csv,AIHE_Canon_V1.0/ch/11/py/PY31_diff_in_diff/outputs/example/group_time_means.csv
digital-resource-companion/chapters/11/python_analytics/AIHE-PY31_difference_in_differences_evaluation/outputs/example/summary.json,AIHE_Canon_V1.0/ch/11/py/PY31_diff_in_diff/outputs/example/summary.json
digital-resource-companion/chapters/11/python_analytics/AIHE-PY31_difference_in_differences_evaluation/outputs/generated/.gitkeep,AIHE_Canon_V1.0/ch/11/py/PY31_diff_in_diff/outputs/generated/.gitkeep
digital-resource-companion/chapters/11/python_analytics/AIHE-PY31_difference_in_differences_evaluation/python/31_difference_in_differences.py,AIHE_Canon_V1.0/ch/11/py/PY31_diff_in_diff/python/31_difference_in_differences.py
digital-resource-companion/chapters/11/python_analytics/AIHE-PY31_difference_in_differences_evaluation/run_python.bat,AIHE_Canon_V1.0/ch/11/py/PY31_diff_in_diff/run_python.bat
digital-resource-companion/chapters/11/python_analytics/AIHE-PY31_difference_in_differences_evaluation/run_python.sh,AIHE_Canon_V1.0/ch/11/py/PY31_diff_in_diff/run_python.sh
digital-resource-companion/chapters/11/python_analytics/AIHE-PY31_difference_in_differences_evaluation/src/aihe_analytics/__init__.py,AIHE_Canon_V1.0/ch/11/py/PY31_diff_in_diff/src/aihe_analytics/__init__.py
digital-resource-companion/chapters/11/python_analytics/AIHE-PY31_difference_in_differences_evaluation/src/aihe_analytics/io.py,AIHE_Canon_V1.0/ch/11/py/PY31_diff_in_diff/src/aihe_analytics/io.py
digital-resource-companion/chapters/11/python_analytics/AIHE-PY31_difference_in_differences_evaluation/src/aihe_analytics/module_31_difference_in_differences.py,AIHE_Canon_V1.0/ch/11/py/PY31_diff_in_diff/src/aihe_analytics/module_31_difference_in_differences.py
digital-resource-companion/chapters/11/python_analytics/AIHE-PY31_difference_in_differences_evaluation/src/aihe_analytics/plotting.py,AIHE_Canon_V1.0/ch/11/py/PY31_diff_in_diff/src/aihe_analytics/plotting.py
digital-resource-companion/chapters/11/python_analytics/AIHE-PY32_time_to_event_and_survival_analysis/README.md,AIHE_Canon_V1.0/ch/11/py/PY32_survival/README.md
digital-resource-companion/chapters/11/python_analytics/AIHE-PY32_time_to_event_and_survival_analysis/data/README.md,AIHE_Canon_V1.0/ch/11/py/PY32_survival/data/README.md
digital-resource-companion/chapters/11/python_analytics/AIHE-PY32_time_to_event_and_survival_analysis/data/xlsx/32_survival_time_to_event_sample.xlsx,AIHE_Canon_V1.0/ch/11/py/PY32_survival/data/xlsx/32_survival_time_to_event_sample.xlsx
digital-resource-companion/chapters/11/python_analytics/AIHE-PY32_time_to_event_and_survival_analysis/data/xlsx/32_survival_time_to_event_template.xlsx,AIHE_Canon_V1.0/ch/11/py/PY32_survival/data/xlsx/32_survival_time_to_event_template.xlsx
digital-resource-companion/chapters/11/python_analytics/AIHE-PY32_time_to_event_and_survival_analysis/environment/environment.yml,AIHE_Canon_V1.0/ch/11/py/PY32_survival/environment/environment.yml
digital-resource-companion/chapters/11/python_analytics/AIHE-PY32_time_to_event_and_survival_analysis/environment/requirements.txt,AIHE_Canon_V1.0/ch/11/py/PY32_survival/environment/requirements.txt
digital-resource-companion/chapters/11/python_analytics/AIHE-PY32_time_to_event_and_survival_analysis/metadata.json,AIHE_Canon_V1.0/ch/11/py/PY32_survival/metadata.json
digital-resource-companion/chapters/11/python_analytics/AIHE-PY32_time_to_event_and_survival_analysis/notebook/32_survival_time_to_event.ipynb,AIHE_Canon_V1.0/ch/11/py/PY32_survival/notebook/32_survival_time_to_event.ipynb
digital-resource-companion/chapters/11/python_analytics/AIHE-PY32_time_to_event_and_survival_analysis/notebook/COLAB_INSTRUCTIONS.md,AIHE_Canon_V1.0/ch/11/py/PY32_survival/notebook/COLAB_INSTRUCTIONS.md
digital-resource-companion/chapters/11/python_analytics/AIHE-PY32_time_to_event_and_survival_analysis/notebook/README.md,AIHE_Canon_V1.0/ch/11/py/PY32_survival/notebook/README.md
digital-resource-companion/chapters/11/python_analytics/AIHE-PY32_time_to_event_and_survival_analysis/outputs/example/kaplan_meier.png,AIHE_Canon_V1.0/ch/11/py/PY32_survival/outputs/example/kaplan_meier.png
digital-resource-companion/chapters/11/python_analytics/AIHE-PY32_time_to_event_and_survival_analysis/outputs/example/kaplan_meier_estimates.csv,AIHE_Canon_V1.0/ch/11/py/PY32_survival/outputs/example/kaplan_meier_estimates.csv
digital-resource-companion/chapters/11/python_analytics/AIHE-PY32_time_to_event_and_survival_analysis/outputs/example/summary.json,AIHE_Canon_V1.0/ch/11/py/PY32_survival/outputs/example/summary.json
digital-resource-companion/chapters/11/python_analytics/AIHE-PY32_time_to_event_and_survival_analysis/outputs/generated/.gitkeep,AIHE_Canon_V1.0/ch/11/py/PY32_survival/outputs/generated/.gitkeep
digital-resource-companion/chapters/11/python_analytics/AIHE-PY32_time_to_event_and_survival_analysis/python/32_survival_time_to_event.py,AIHE_Canon_V1.0/ch/11/py/PY32_survival/python/32_survival_time_to_event.py
digital-resource-companion/chapters/11/python_analytics/AIHE-PY32_time_to_event_and_survival_analysis/run_python.bat,AIHE_Canon_V1.0/ch/11/py/PY32_survival/run_python.bat
digital-resource-companion/chapters/11/python_analytics/AIHE-PY32_time_to_event_and_survival_analysis/run_python.sh,AIHE_Canon_V1.0/ch/11/py/PY32_survival/run_python.sh
digital-resource-companion/chapters/11/python_analytics/AIHE-PY32_time_to_event_and_survival_analysis/src/aihe_analytics/__init__.py,AIHE_Canon_V1.0/ch/11/py/PY32_survival/src/aihe_analytics/__init__.py
digital-resource-companion/chapters/11/python_analytics/AIHE-PY32_time_to_event_and_survival_analysis/src/aihe_analytics/io.py,AIHE_Canon_V1.0/ch/11/py/PY32_survival/src/aihe_analytics/io.py
digital-resource-companion/chapters/11/python_analytics/AIHE-PY32_time_to_event_and_survival_analysis/src/aihe_analytics/module_32_survival_time_to_event.py,AIHE_Canon_V1.0/ch/11/py/PY32_survival/src/aihe_analytics/module_32_survival_time_to_event.py
digital-resource-companion/chapters/11/python_analytics/AIHE-PY32_time_to_event_and_survival_analysis/src/aihe_analytics/plotting.py,AIHE_Canon_V1.0/ch/11/py/PY32_survival/src/aihe_analytics/plotting.py
digital-resource-companion/chapters/11/supplemental/AIHE-EX05/README.md,AIHE_Canon_V1.0/ch/11/supp/AIHE-EX05/README.md
digital-resource-companion/chapters/11/supplemental/AIHE-EX05/data/AIHE-EX05.schema.json,AIHE_Canon_V1.0/ch/11/supp/AIHE-EX05/data/AIHE-EX05.schema.json
digital-resource-companion/chapters/11/supplemental/AIHE-EX05/data/AIHE-EX05_blank.csv,AIHE_Canon_V1.0/ch/11/supp/AIHE-EX05/data/AIHE-EX05_blank.csv
digital-resource-companion/chapters/11/supplemental/AIHE-EX05/data/AIHE-EX05_blank.json,AIHE_Canon_V1.0/ch/11/supp/AIHE-EX05/data/AIHE-EX05_blank.json
digital-resource-companion/chapters/11/supplemental/AIHE-EX05/data/AIHE-EX05_worked_example.json,AIHE_Canon_V1.0/ch/11/supp/AIHE-EX05/data/AIHE-EX05_example.json
digital-resource-companion/chapters/11/supplemental/AIHE-EX05/docx/AIHE-EX05_template.docx,AIHE_Canon_V1.0/ch/11/supp/AIHE-EX05/docx/AIHE-EX05_template.docx
digital-resource-companion/chapters/11/supplemental/AIHE-EX05/docx/AIHE-EX05_worked_example.docx,AIHE_Canon_V1.0/ch/11/supp/AIHE-EX05/docx/AIHE-EX05_example.docx
digital-resource-companion/chapters/11/supplemental/AIHE-EX05/flow/PROCESS_FLOW.md,AIHE_Canon_V1.0/ch/11/supp/AIHE-EX05/flow/PROCESS_FLOW.md
digital-resource-companion/chapters/11/supplemental/AIHE-EX05/flow/flowchart.mmd,AIHE_Canon_V1.0/ch/11/supp/AIHE-EX05/flow/flowchart.mmd
digital-resource-companion/chapters/11/supplemental/AIHE-EX05/flow/flowchart.png,AIHE_Canon_V1.0/ch/11/supp/AIHE-EX05/flow/flowchart.png
digital-resource-companion/chapters/11/supplemental/AIHE-EX05/flow/flowchart.svg,AIHE_Canon_V1.0/ch/11/supp/AIHE-EX05/flow/flowchart.svg
digital-resource-companion/chapters/11/supplemental/AIHE-EX05/flow/steps.csv,AIHE_Canon_V1.0/ch/11/supp/AIHE-EX05/flow/steps.csv
digital-resource-companion/chapters/11/supplemental/AIHE-EX05/flow/steps.json,AIHE_Canon_V1.0/ch/11/supp/AIHE-EX05/flow/steps.json
digital-resource-companion/chapters/11/supplemental/AIHE-EX05/metadata.json,AIHE_Canon_V1.0/ch/11/supp/AIHE-EX05/metadata.json
digital-resource-companion/chapters/11/supplemental/AIHE-EX05/xlsx/AIHE-EX05_workbook.xlsx,AIHE_Canon_V1.0/ch/11/supp/AIHE-EX05/xlsx/AIHE-EX05_workbook.xlsx
digital-resource-companion/chapters/12/README.md,AIHE_Canon_V1.0/ch/12/README.md
digital-resource-companion/chapters/12/core/AIHE-D02/README.md,AIHE_Canon_V1.0/ch/12/core/AIHE-D02/README.md
digital-resource-companion/chapters/12/core/AIHE-D02/data/AIHE-D02.schema.json,AIHE_Canon_V1.0/ch/12/core/AIHE-D02/data/AIHE-D02.schema.json
digital-resource-companion/chapters/12/core/AIHE-D02/data/AIHE-D02_blank.csv,AIHE_Canon_V1.0/ch/12/core/AIHE-D02/data/AIHE-D02_blank.csv
digital-resource-companion/chapters/12/core/AIHE-D02/data/AIHE-D02_blank.json,AIHE_Canon_V1.0/ch/12/core/AIHE-D02/data/AIHE-D02_blank.json
digital-resource-companion/chapters/12/core/AIHE-D02/data/AIHE-D02_worked_example.csv,AIHE_Canon_V1.0/ch/12/core/AIHE-D02/data/AIHE-D02_example.csv
digital-resource-companion/chapters/12/core/AIHE-D02/data/AIHE-D02_worked_example.json,AIHE_Canon_V1.0/ch/12/core/AIHE-D02/data/AIHE-D02_example.json
digital-resource-companion/chapters/12/core/AIHE-D02/edit/docx/AIHE-D02_template_and_worked_example.docx,AIHE_Canon_V1.0/ch/12/core/AIHE-D02/edit/docx/AIHE-D02_template_example.docx
digital-resource-companion/chapters/12/core/AIHE-D02/edit/docx/AIHE-D02_template_and_worked_example_V1.0.docx,AIHE_Canon_V1.0/ch/12/core/AIHE-D02/edit/docx/AIHE-D02_template_example_V1.0.docx
digital-resource-companion/chapters/12/core/AIHE-D02/edit/xlsx/AIHE-D02_workbook.xlsx,AIHE_Canon_V1.0/ch/12/core/AIHE-D02/edit/xlsx/AIHE-D02_workbook.xlsx
digital-resource-companion/chapters/12/core/AIHE-D02/edit/xlsx/AIHE-D02_workbook_V1.0.xlsx,AIHE_Canon_V1.0/ch/12/core/AIHE-D02/edit/xlsx/AIHE-D02_workbook_V1.0.xlsx
digital-resource-companion/chapters/12/core/AIHE-D02/flow/PROCESS_FLOW.md,AIHE_Canon_V1.0/ch/12/core/AIHE-D02/flow/PROCESS_FLOW.md
digital-resource-companion/chapters/12/core/AIHE-D02/flow/flowchart.mmd,AIHE_Canon_V1.0/ch/12/core/AIHE-D02/flow/flowchart.mmd
digital-resource-companion/chapters/12/core/AIHE-D02/flow/flowchart.png,AIHE_Canon_V1.0/ch/12/core/AIHE-D02/flow/flowchart.png
digital-resource-companion/chapters/12/core/AIHE-D02/flow/flowchart.svg,AIHE_Canon_V1.0/ch/12/core/AIHE-D02/flow/flowchart.svg
digital-resource-companion/chapters/12/core/AIHE-D02/flow/steps.csv,AIHE_Canon_V1.0/ch/12/core/AIHE-D02/flow/steps.csv
digital-resource-companion/chapters/12/core/AIHE-D02/flow/steps.json,AIHE_Canon_V1.0/ch/12/core/AIHE-D02/flow/steps.json
digital-resource-companion/chapters/12/core/AIHE-D02/metadata.json,AIHE_Canon_V1.0/ch/12/core/AIHE-D02/metadata.json
digital-resource-companion/chapters/12/core/AIHE-D02/supp/AIHE-AE/README.md,AIHE_Canon_V1.0/ch/12/core/AIHE-D02/supp/AIHE-AE/README.md
digital-resource-companion/chapters/12/core/AIHE-D02/supp/AIHE-AE/data/AIHE-AE.schema.json,AIHE_Canon_V1.0/ch/12/core/AIHE-D02/supp/AIHE-AE/data/AIHE-AE.schema.json
digital-resource-companion/chapters/12/core/AIHE-D02/supp/AIHE-AE/data/AIHE-AE_S1_T1_Main_blank.csv,AIHE_Canon_V1.0/ch/12/core/AIHE-D02/supp/AIHE-AE/data/AIHE-AE_S1_T1_Main_blank.csv
digital-resource-companion/chapters/12/core/AIHE-D02/supp/AIHE-AE/data/AIHE-AE_blank.csv,AIHE_Canon_V1.0/ch/12/core/AIHE-D02/supp/AIHE-AE/data/AIHE-AE_blank.csv
digital-resource-companion/chapters/12/core/AIHE-D02/supp/AIHE-AE/docx/AIHE-AE_fillable_template.docx,AIHE_Canon_V1.0/ch/12/core/AIHE-D02/supp/AIHE-AE/docx/AIHE-AE_fillable_template.docx
digital-resource-companion/chapters/12/core/AIHE-D02/supp/AIHE-AE/docx/AIHE-AE_template.docx,AIHE_Canon_V1.0/ch/12/core/AIHE-D02/supp/AIHE-AE/docx/AIHE-AE_template.docx
digital-resource-companion/chapters/12/core/AIHE-D02/supp/AIHE-AE/docx/AIHE-AE_worked_example.docx,AIHE_Canon_V1.0/ch/12/core/AIHE-D02/supp/AIHE-AE/docx/AIHE-AE_example.docx
digital-resource-companion/chapters/12/core/AIHE-D02/supp/AIHE-AE/flow/PROCESS_FLOW.md,AIHE_Canon_V1.0/ch/12/core/AIHE-D02/supp/AIHE-AE/flow/PROCESS_FLOW.md
digital-resource-companion/chapters/12/core/AIHE-D02/supp/AIHE-AE/flow/flowchart.mmd,AIHE_Canon_V1.0/ch/12/core/AIHE-D02/supp/AIHE-AE/flow/flowchart.mmd
digital-resource-companion/chapters/12/core/AIHE-D02/supp/AIHE-AE/flow/flowchart.png,AIHE_Canon_V1.0/ch/12/core/AIHE-D02/supp/AIHE-AE/flow/flowchart.png
digital-resource-companion/chapters/12/core/AIHE-D02/supp/AIHE-AE/flow/flowchart.svg,AIHE_Canon_V1.0/ch/12/core/AIHE-D02/supp/AIHE-AE/flow/flowchart.svg
digital-resource-companion/chapters/12/core/AIHE-D02/supp/AIHE-AE/flow/steps.csv,AIHE_Canon_V1.0/ch/12/core/AIHE-D02/supp/AIHE-AE/flow/steps.csv
digital-resource-companion/chapters/12/core/AIHE-D02/supp/AIHE-AE/flow/steps.json,AIHE_Canon_V1.0/ch/12/core/AIHE-D02/supp/AIHE-AE/flow/steps.json
digital-resource-companion/chapters/12/core/AIHE-D02/supp/AIHE-AE/metadata.json,AIHE_Canon_V1.0/ch/12/core/AIHE-D02/supp/AIHE-AE/metadata.json
digital-resource-companion/chapters/12/core/AIHE-D02/supp/AIHE-AE/xlsx/AIHE-AE_workbook.xlsx,AIHE_Canon_V1.0/ch/12/core/AIHE-D02/supp/AIHE-AE/xlsx/AIHE-AE_workbook.xlsx
digital-resource-companion/chapters/12/core/AIHE-D02/supp/AIHE-E/README.md,AIHE_Canon_V1.0/ch/12/core/AIHE-D02/supp/AIHE-E/README.md
digital-resource-companion/chapters/12/core/AIHE-D02/supp/AIHE-E/data/AIHE-E.schema.json,AIHE_Canon_V1.0/ch/12/core/AIHE-D02/supp/AIHE-E/data/AIHE-E.schema.json
digital-resource-companion/chapters/12/core/AIHE-D02/supp/AIHE-E/data/AIHE-E_S1_T1_Main_blank.csv,AIHE_Canon_V1.0/ch/12/core/AIHE-D02/supp/AIHE-E/data/AIHE-E_S1_T1_Main_blank.csv
digital-resource-companion/chapters/12/core/AIHE-D02/supp/AIHE-E/docx/AIHE-E_template.docx,AIHE_Canon_V1.0/ch/12/core/AIHE-D02/supp/AIHE-E/docx/AIHE-E_template.docx
digital-resource-companion/chapters/12/core/AIHE-D02/supp/AIHE-E/docx/AIHE-E_worked_example.docx,AIHE_Canon_V1.0/ch/12/core/AIHE-D02/supp/AIHE-E/docx/AIHE-E_example.docx
digital-resource-companion/chapters/12/core/AIHE-D02/supp/AIHE-E/flow/PROCESS_FLOW.md,AIHE_Canon_V1.0/ch/12/core/AIHE-D02/supp/AIHE-E/flow/PROCESS_FLOW.md
digital-resource-companion/chapters/12/core/AIHE-D02/supp/AIHE-E/flow/flowchart.mmd,AIHE_Canon_V1.0/ch/12/core/AIHE-D02/supp/AIHE-E/flow/flowchart.mmd
digital-resource-companion/chapters/12/core/AIHE-D02/supp/AIHE-E/flow/flowchart.png,AIHE_Canon_V1.0/ch/12/core/AIHE-D02/supp/AIHE-E/flow/flowchart.png
digital-resource-companion/chapters/12/core/AIHE-D02/supp/AIHE-E/flow/flowchart.svg,AIHE_Canon_V1.0/ch/12/core/AIHE-D02/supp/AIHE-E/flow/flowchart.svg
digital-resource-companion/chapters/12/core/AIHE-D02/supp/AIHE-E/flow/steps.csv,AIHE_Canon_V1.0/ch/12/core/AIHE-D02/supp/AIHE-E/flow/steps.csv
digital-resource-companion/chapters/12/core/AIHE-D02/supp/AIHE-E/flow/steps.json,AIHE_Canon_V1.0/ch/12/core/AIHE-D02/supp/AIHE-E/flow/steps.json
digital-resource-companion/chapters/12/core/AIHE-D02/supp/AIHE-E/metadata.json,AIHE_Canon_V1.0/ch/12/core/AIHE-D02/supp/AIHE-E/metadata.json
digital-resource-companion/chapters/12/core/AIHE-D02/supp/AIHE-E/xlsx/AIHE-E_workbook.xlsx,AIHE_Canon_V1.0/ch/12/core/AIHE-D02/supp/AIHE-E/xlsx/AIHE-E_workbook.xlsx
digital-resource-companion/chapters/12/core/AIHE-D02/supp/AIHE-EX02/README.md,AIHE_Canon_V1.0/ch/12/core/AIHE-D02/supp/AIHE-EX02/README.md
digital-resource-companion/chapters/12/core/AIHE-D02/supp/AIHE-EX02/data/AIHE-EX02_blank.csv,AIHE_Canon_V1.0/ch/12/core/AIHE-D02/supp/AIHE-EX02/data/AIHE-EX02_blank.csv
digital-resource-companion/chapters/12/core/AIHE-D02/supp/AIHE-EX02/docx/AIHE-EX02_template.docx,AIHE_Canon_V1.0/ch/12/core/AIHE-D02/supp/AIHE-EX02/docx/AIHE-EX02_template.docx
digital-resource-companion/chapters/12/core/AIHE-D02/supp/AIHE-EX02/docx/AIHE-EX02_worked_example.docx,AIHE_Canon_V1.0/ch/12/core/AIHE-D02/supp/AIHE-EX02/docx/AIHE-EX02_example.docx
digital-resource-companion/chapters/12/core/AIHE-D02/supp/AIHE-EX02/flow/PROCESS_FLOW.md,AIHE_Canon_V1.0/ch/12/core/AIHE-D02/supp/AIHE-EX02/flow/PROCESS_FLOW.md
digital-resource-companion/chapters/12/core/AIHE-D02/supp/AIHE-EX02/flow/flowchart.mmd,AIHE_Canon_V1.0/ch/12/core/AIHE-D02/supp/AIHE-EX02/flow/flowchart.mmd
digital-resource-companion/chapters/12/core/AIHE-D02/supp/AIHE-EX02/flow/flowchart.png,AIHE_Canon_V1.0/ch/12/core/AIHE-D02/supp/AIHE-EX02/flow/flowchart.png
digital-resource-companion/chapters/12/core/AIHE-D02/supp/AIHE-EX02/flow/flowchart.svg,AIHE_Canon_V1.0/ch/12/core/AIHE-D02/supp/AIHE-EX02/flow/flowchart.svg
digital-resource-companion/chapters/12/core/AIHE-D02/supp/AIHE-EX02/flow/steps.csv,AIHE_Canon_V1.0/ch/12/core/AIHE-D02/supp/AIHE-EX02/flow/steps.csv
digital-resource-companion/chapters/12/core/AIHE-D02/supp/AIHE-EX02/flow/steps.json,AIHE_Canon_V1.0/ch/12/core/AIHE-D02/supp/AIHE-EX02/flow/steps.json
digital-resource-companion/chapters/12/core/AIHE-D02/supp/AIHE-EX02/metadata.json,AIHE_Canon_V1.0/ch/12/core/AIHE-D02/supp/AIHE-EX02/metadata.json
digital-resource-companion/chapters/12/core/AIHE-D02/supp/AIHE-EX02/xlsx/AIHE-EX02_workbook.xlsx,AIHE_Canon_V1.0/ch/12/core/AIHE-D02/supp/AIHE-EX02/xlsx/AIHE-EX02_workbook.xlsx
digital-resource-companion/chapters/12/core/AIHE-D02/supp/AIHE-EX10/README.md,AIHE_Canon_V1.0/ch/12/core/AIHE-D02/supp/AIHE-EX10/README.md
digital-resource-companion/chapters/12/core/AIHE-D02/supp/AIHE-EX10/data/AIHE-EX10_blank.csv,AIHE_Canon_V1.0/ch/12/core/AIHE-D02/supp/AIHE-EX10/data/AIHE-EX10_blank.csv
digital-resource-companion/chapters/12/core/AIHE-D02/supp/AIHE-EX10/docx/AIHE-EX10_template.docx,AIHE_Canon_V1.0/ch/12/core/AIHE-D02/supp/AIHE-EX10/docx/AIHE-EX10_template.docx
digital-resource-companion/chapters/12/core/AIHE-D02/supp/AIHE-EX10/docx/AIHE-EX10_worked_example.docx,AIHE_Canon_V1.0/ch/12/core/AIHE-D02/supp/AIHE-EX10/docx/AIHE-EX10_example.docx
digital-resource-companion/chapters/12/core/AIHE-D02/supp/AIHE-EX10/flow/PROCESS_FLOW.md,AIHE_Canon_V1.0/ch/12/core/AIHE-D02/supp/AIHE-EX10/flow/PROCESS_FLOW.md
digital-resource-companion/chapters/12/core/AIHE-D02/supp/AIHE-EX10/flow/flowchart.mmd,AIHE_Canon_V1.0/ch/12/core/AIHE-D02/supp/AIHE-EX10/flow/flowchart.mmd
digital-resource-companion/chapters/12/core/AIHE-D02/supp/AIHE-EX10/flow/flowchart.png,AIHE_Canon_V1.0/ch/12/core/AIHE-D02/supp/AIHE-EX10/flow/flowchart.png
digital-resource-companion/chapters/12/core/AIHE-D02/supp/AIHE-EX10/flow/flowchart.svg,AIHE_Canon_V1.0/ch/12/core/AIHE-D02/supp/AIHE-EX10/flow/flowchart.svg
digital-resource-companion/chapters/12/core/AIHE-D02/supp/AIHE-EX10/flow/steps.csv,AIHE_Canon_V1.0/ch/12/core/AIHE-D02/supp/AIHE-EX10/flow/steps.csv
digital-resource-companion/chapters/12/core/AIHE-D02/supp/AIHE-EX10/flow/steps.json,AIHE_Canon_V1.0/ch/12/core/AIHE-D02/supp/AIHE-EX10/flow/steps.json
digital-resource-companion/chapters/12/core/AIHE-D02/supp/AIHE-EX10/metadata.json,AIHE_Canon_V1.0/ch/12/core/AIHE-D02/supp/AIHE-EX10/metadata.json
digital-resource-companion/chapters/12/core/AIHE-D02/supp/AIHE-EX10/xlsx/AIHE-EX10_workbook.xlsx,AIHE_Canon_V1.0/ch/12/core/AIHE-D02/supp/AIHE-EX10/xlsx/AIHE-EX10_workbook.xlsx
digital-resource-companion/chapters/12/core/AIHE-D02/supp/AIHE-EX14/README.md,AIHE_Canon_V1.0/ch/12/core/AIHE-D02/supp/AIHE-EX14/README.md
digital-resource-companion/chapters/12/core/AIHE-D02/supp/AIHE-EX14/data/AIHE-EX14_blank.csv,AIHE_Canon_V1.0/ch/12/core/AIHE-D02/supp/AIHE-EX14/data/AIHE-EX14_blank.csv
digital-resource-companion/chapters/12/core/AIHE-D02/supp/AIHE-EX14/docx/AIHE-EX14_template.docx,AIHE_Canon_V1.0/ch/12/core/AIHE-D02/supp/AIHE-EX14/docx/AIHE-EX14_template.docx
digital-resource-companion/chapters/12/core/AIHE-D02/supp/AIHE-EX14/docx/AIHE-EX14_worked_example.docx,AIHE_Canon_V1.0/ch/12/core/AIHE-D02/supp/AIHE-EX14/docx/AIHE-EX14_example.docx
digital-resource-companion/chapters/12/core/AIHE-D02/supp/AIHE-EX14/flow/PROCESS_FLOW.md,AIHE_Canon_V1.0/ch/12/core/AIHE-D02/supp/AIHE-EX14/flow/PROCESS_FLOW.md
digital-resource-companion/chapters/12/core/AIHE-D02/supp/AIHE-EX14/flow/flowchart.mmd,AIHE_Canon_V1.0/ch/12/core/AIHE-D02/supp/AIHE-EX14/flow/flowchart.mmd
digital-resource-companion/chapters/12/core/AIHE-D02/supp/AIHE-EX14/flow/flowchart.png,AIHE_Canon_V1.0/ch/12/core/AIHE-D02/supp/AIHE-EX14/flow/flowchart.png
digital-resource-companion/chapters/12/core/AIHE-D02/supp/AIHE-EX14/flow/flowchart.svg,AIHE_Canon_V1.0/ch/12/core/AIHE-D02/supp/AIHE-EX14/flow/flowchart.svg
digital-resource-companion/chapters/12/core/AIHE-D02/supp/AIHE-EX14/flow/steps.csv,AIHE_Canon_V1.0/ch/12/core/AIHE-D02/supp/AIHE-EX14/flow/steps.csv
digital-resource-companion/chapters/12/core/AIHE-D02/supp/AIHE-EX14/flow/steps.json,AIHE_Canon_V1.0/ch/12/core/AIHE-D02/supp/AIHE-EX14/flow/steps.json
digital-resource-companion/chapters/12/core/AIHE-D02/supp/AIHE-EX14/metadata.json,AIHE_Canon_V1.0/ch/12/core/AIHE-D02/supp/AIHE-EX14/metadata.json
digital-resource-companion/chapters/12/core/AIHE-D02/supp/AIHE-EX14/xlsx/AIHE-EX14_workbook.xlsx,AIHE_Canon_V1.0/ch/12/core/AIHE-D02/supp/AIHE-EX14/xlsx/AIHE-EX14_workbook.xlsx
digital-resource-companion/chapters/12/core/AIHE-D02/supp/AIHE-H/README.md,AIHE_Canon_V1.0/ch/12/core/AIHE-D02/supp/AIHE-H/README.md
digital-resource-companion/chapters/12/core/AIHE-D02/supp/AIHE-H/data/AIHE-H.schema.json,AIHE_Canon_V1.0/ch/12/core/AIHE-D02/supp/AIHE-H/data/AIHE-H.schema.json
digital-resource-companion/chapters/12/core/AIHE-D02/supp/AIHE-H/data/AIHE-H_S1_T1_Main_blank.csv,AIHE_Canon_V1.0/ch/12/core/AIHE-D02/supp/AIHE-H/data/AIHE-H_S1_T1_Main_blank.csv
digital-resource-companion/chapters/12/core/AIHE-D02/supp/AIHE-H/data/AIHE-H_S1_T1_Main_worked_example.csv,AIHE_Canon_V1.0/ch/12/core/AIHE-D02/supp/AIHE-H/data/AIHE-H_S1_T1_Main_example.csv
digital-resource-companion/chapters/12/core/AIHE-D02/supp/AIHE-H/docx/AIHE-H_template.docx,AIHE_Canon_V1.0/ch/12/core/AIHE-D02/supp/AIHE-H/docx/AIHE-H_template.docx
digital-resource-companion/chapters/12/core/AIHE-D02/supp/AIHE-H/docx/AIHE-H_worked_example.docx,AIHE_Canon_V1.0/ch/12/core/AIHE-D02/supp/AIHE-H/docx/AIHE-H_example.docx
digital-resource-companion/chapters/12/core/AIHE-D02/supp/AIHE-H/flow/PROCESS_FLOW.md,AIHE_Canon_V1.0/ch/12/core/AIHE-D02/supp/AIHE-H/flow/PROCESS_FLOW.md
digital-resource-companion/chapters/12/core/AIHE-D02/supp/AIHE-H/flow/flowchart.mmd,AIHE_Canon_V1.0/ch/12/core/AIHE-D02/supp/AIHE-H/flow/flowchart.mmd
digital-resource-companion/chapters/12/core/AIHE-D02/supp/AIHE-H/flow/flowchart.png,AIHE_Canon_V1.0/ch/12/core/AIHE-D02/supp/AIHE-H/flow/flowchart.png
digital-resource-companion/chapters/12/core/AIHE-D02/supp/AIHE-H/flow/flowchart.svg,AIHE_Canon_V1.0/ch/12/core/AIHE-D02/supp/AIHE-H/flow/flowchart.svg
digital-resource-companion/chapters/12/core/AIHE-D02/supp/AIHE-H/flow/steps.csv,AIHE_Canon_V1.0/ch/12/core/AIHE-D02/supp/AIHE-H/flow/steps.csv
digital-resource-companion/chapters/12/core/AIHE-D02/supp/AIHE-H/flow/steps.json,AIHE_Canon_V1.0/ch/12/core/AIHE-D02/supp/AIHE-H/flow/steps.json
digital-resource-companion/chapters/12/core/AIHE-D02/supp/AIHE-H/metadata.json,AIHE_Canon_V1.0/ch/12/core/AIHE-D02/supp/AIHE-H/metadata.json
digital-resource-companion/chapters/12/core/AIHE-D02/supp/AIHE-H/xlsx/AIHE-H_workbook.xlsx,AIHE_Canon_V1.0/ch/12/core/AIHE-D02/supp/AIHE-H/xlsx/AIHE-H_workbook.xlsx
digital-resource-companion/chapters/12/core/AIHE-D02/supp/AIHE-K/README.md,AIHE_Canon_V1.0/ch/12/core/AIHE-D02/supp/AIHE-K/README.md
digital-resource-companion/chapters/12/core/AIHE-D02/supp/AIHE-K/data/AIHE-K.schema.json,AIHE_Canon_V1.0/ch/12/core/AIHE-D02/supp/AIHE-K/data/AIHE-K.schema.json
digital-resource-companion/chapters/12/core/AIHE-D02/supp/AIHE-K/data/AIHE-K_S1_T1_Main_blank.csv,AIHE_Canon_V1.0/ch/12/core/AIHE-D02/supp/AIHE-K/data/AIHE-K_S1_T1_Main_blank.csv
digital-resource-companion/chapters/12/core/AIHE-D02/supp/AIHE-K/data/AIHE-K_S1_T1_Main_worked_example.csv,AIHE_Canon_V1.0/ch/12/core/AIHE-D02/supp/AIHE-K/data/AIHE-K_S1_T1_Main_example.csv
digital-resource-companion/chapters/12/core/AIHE-D02/supp/AIHE-K/data/AIHE-K_S2_T1_K_1_Problem_relevance_blank.csv,AIHE_Canon_V1.0/ch/12/core/AIHE-D02/supp/AIHE-K/data/AIHE-K_S2_T1_K_1_Problem_relevance_blank.csv
digital-resource-companion/chapters/12/core/AIHE-D02/supp/AIHE-K/data/AIHE-K_S2_T1_K_1_Problem_relevance_worked_example.csv,AIHE_Canon_V1.0/ch/12/core/AIHE-D02/supp/AIHE-K/data/AIHE-K_S2_T1_K_1_Problem_relevance_example.csv
digital-resource-companion/chapters/12/core/AIHE-D02/supp/AIHE-K/data/AIHE-K_S3_T1_K_2_Data_readiness_blank.csv,AIHE_Canon_V1.0/ch/12/core/AIHE-D02/supp/AIHE-K/data/AIHE-K_S3_T1_K_2_Data_readiness_blank.csv
digital-resource-companion/chapters/12/core/AIHE-D02/supp/AIHE-K/data/AIHE-K_S3_T1_K_2_Data_readiness_worked_example.csv,AIHE_Canon_V1.0/ch/12/core/AIHE-D02/supp/AIHE-K/data/AIHE-K_S3_T1_K_2_Data_readiness_example.csv
digital-resource-companion/chapters/12/core/AIHE-D02/supp/AIHE-K/data/AIHE-K_S4_T1_K_3_Clinical_validity_blank.csv,AIHE_Canon_V1.0/ch/12/core/AIHE-D02/supp/AIHE-K/data/AIHE-K_S4_T1_K_3_Clinical_validity_blank.csv
digital-resource-companion/chapters/12/core/AIHE-D02/supp/AIHE-K/data/AIHE-K_S4_T1_K_3_Clinical_validity_worked_example.csv,AIHE_Canon_V1.0/ch/12/core/AIHE-D02/supp/AIHE-K/data/AIHE-K_S4_T1_K_3_Clinical_validity_example.csv
digital-resource-companion/chapters/12/core/AIHE-D02/supp/AIHE-K/data/AIHE-K_S5_T1_K_4_Economic_value_blank.csv,AIHE_Canon_V1.0/ch/12/core/AIHE-D02/supp/AIHE-K/data/AIHE-K_S5_T1_K_4_Economic_value_blank.csv
digital-resource-companion/chapters/12/core/AIHE-D02/supp/AIHE-K/data/AIHE-K_S5_T1_K_4_Economic_value_worked_example.csv,AIHE_Canon_V1.0/ch/12/core/AIHE-D02/supp/AIHE-K/data/AIHE-K_S5_T1_K_4_Economic_value_example.csv
digital-resource-companion/chapters/12/core/AIHE-D02/supp/AIHE-K/data/AIHE-K_S6_T1_K_5_Ethical_acceptability_blank.csv,AIHE_Canon_V1.0/ch/12/core/AIHE-D02/supp/AIHE-K/data/AIHE-K_S6_T1_K_5_Ethical_acceptability_blank.csv
digital-resource-companion/chapters/12/core/AIHE-D02/supp/AIHE-K/data/AIHE-K_S6_T1_K_5_Ethical_acceptability_worked_example.csv,AIHE_Canon_V1.0/ch/12/core/AIHE-D02/supp/AIHE-K/data/AIHE-K_S6_T1_K_5_Ethical_acceptability_example.csv
digital-resource-companion/chapters/12/core/AIHE-D02/supp/AIHE-K/data/AIHE-K_S7_T1_K_6_Organizational_feasibility_blank.csv,AIHE_Canon_V1.0/ch/12/core/AIHE-D02/supp/AIHE-K/data/AIHE-K_S7_T1_K_6_Organizational_feasibility_blank.csv
digital-resource-companion/chapters/12/core/AIHE-D02/supp/AIHE-K/data/AIHE-K_S7_T1_K_6_Organizational_feasibility_worked_example.csv,AIHE_Canon_V1.0/ch/12/core/AIHE-D02/supp/AIHE-K/data/AIHE-K_S7_T1_K_6_Organizational_feasibility_example.csv
digital-resource-companion/chapters/12/core/AIHE-D02/supp/AIHE-K/data/AIHE-K_S8_T1_K_7_Lifecycle_governance_blank.csv,AIHE_Canon_V1.0/ch/12/core/AIHE-D02/supp/AIHE-K/data/AIHE-K_S8_T1_K_7_Lifecycle_governance_blank.csv
digital-resource-companion/chapters/12/core/AIHE-D02/supp/AIHE-K/data/AIHE-K_S8_T1_K_7_Lifecycle_governance_worked_example.csv,AIHE_Canon_V1.0/ch/12/core/AIHE-D02/supp/AIHE-K/data/AIHE-K_S8_T1_K_7_Lifecycle_governance_example.csv
digital-resource-companion/chapters/12/core/AIHE-D02/supp/AIHE-K/data/AIHE-K_S8_T2_K_7_Lifecycle_governance_blank.csv,AIHE_Canon_V1.0/ch/12/core/AIHE-D02/supp/AIHE-K/data/AIHE-K_S8_T2_K_7_Lifecycle_governance_blank.csv
digital-resource-companion/chapters/12/core/AIHE-D02/supp/AIHE-K/data/AIHE-K_S8_T2_K_7_Lifecycle_governance_worked_example.csv,AIHE_Canon_V1.0/ch/12/core/AIHE-D02/supp/AIHE-K/data/AIHE-K_S8_T2_K_7_Lifecycle_governance_example.csv
digital-resource-companion/chapters/12/core/AIHE-D02/supp/AIHE-K/data/AIHE-K_S8_T3_K_7_Lifecycle_governance_blank.csv,AIHE_Canon_V1.0/ch/12/core/AIHE-D02/supp/AIHE-K/data/AIHE-K_S8_T3_K_7_Lifecycle_governance_blank.csv
digital-resource-companion/chapters/12/core/AIHE-D02/supp/AIHE-K/data/AIHE-K_S8_T3_K_7_Lifecycle_governance_worked_example.csv,AIHE_Canon_V1.0/ch/12/core/AIHE-D02/supp/AIHE-K/data/AIHE-K_S8_T3_K_7_Lifecycle_governance_example.csv
digital-resource-companion/chapters/12/core/AIHE-D02/supp/AIHE-K/docx/AIHE-K_template.docx,AIHE_Canon_V1.0/ch/12/core/AIHE-D02/supp/AIHE-K/docx/AIHE-K_template.docx
digital-resource-companion/chapters/12/core/AIHE-D02/supp/AIHE-K/docx/AIHE-K_worked_example.docx,AIHE_Canon_V1.0/ch/12/core/AIHE-D02/supp/AIHE-K/docx/AIHE-K_example.docx
digital-resource-companion/chapters/12/core/AIHE-D02/supp/AIHE-K/flow/PROCESS_FLOW.md,AIHE_Canon_V1.0/ch/12/core/AIHE-D02/supp/AIHE-K/flow/PROCESS_FLOW.md
digital-resource-companion/chapters/12/core/AIHE-D02/supp/AIHE-K/flow/flowchart.mmd,AIHE_Canon_V1.0/ch/12/core/AIHE-D02/supp/AIHE-K/flow/flowchart.mmd
digital-resource-companion/chapters/12/core/AIHE-D02/supp/AIHE-K/flow/flowchart.png,AIHE_Canon_V1.0/ch/12/core/AIHE-D02/supp/AIHE-K/flow/flowchart.png
digital-resource-companion/chapters/12/core/AIHE-D02/supp/AIHE-K/flow/flowchart.svg,AIHE_Canon_V1.0/ch/12/core/AIHE-D02/supp/AIHE-K/flow/flowchart.svg
digital-resource-companion/chapters/12/core/AIHE-D02/supp/AIHE-K/flow/steps.csv,AIHE_Canon_V1.0/ch/12/core/AIHE-D02/supp/AIHE-K/flow/steps.csv
digital-resource-companion/chapters/12/core/AIHE-D02/supp/AIHE-K/flow/steps.json,AIHE_Canon_V1.0/ch/12/core/AIHE-D02/supp/AIHE-K/flow/steps.json
digital-resource-companion/chapters/12/core/AIHE-D02/supp/AIHE-K/metadata.json,AIHE_Canon_V1.0/ch/12/core/AIHE-D02/supp/AIHE-K/metadata.json
digital-resource-companion/chapters/12/core/AIHE-D02/supp/AIHE-K/xlsx/AIHE-K_workbook.xlsx,AIHE_Canon_V1.0/ch/12/core/AIHE-D02/supp/AIHE-K/xlsx/AIHE-K_workbook.xlsx
digital-resource-companion/chapters/12/core/AIHE-D02/supp/AIHE-P/README.md,AIHE_Canon_V1.0/ch/12/core/AIHE-D02/supp/AIHE-P/README.md
digital-resource-companion/chapters/12/core/AIHE-D02/supp/AIHE-P/data/AIHE-P.schema.json,AIHE_Canon_V1.0/ch/12/core/AIHE-D02/supp/AIHE-P/data/AIHE-P.schema.json
digital-resource-companion/chapters/12/core/AIHE-D02/supp/AIHE-P/data/AIHE-P_S1_T1_Main_blank.csv,AIHE_Canon_V1.0/ch/12/core/AIHE-D02/supp/AIHE-P/data/AIHE-P_S1_T1_Main_blank.csv
digital-resource-companion/chapters/12/core/AIHE-D02/supp/AIHE-P/data/AIHE-P_S1_T1_Main_worked_example.csv,AIHE_Canon_V1.0/ch/12/core/AIHE-D02/supp/AIHE-P/data/AIHE-P_S1_T1_Main_example.csv
digital-resource-companion/chapters/12/core/AIHE-D02/supp/AIHE-P/data/AIHE-P_S2_T1_P_1_Executive_summary_blank.csv,AIHE_Canon_V1.0/ch/12/core/AIHE-D02/supp/AIHE-P/data/AIHE-P_S2_T1_P_1_Executive_summary_blank.csv
digital-resource-companion/chapters/12/core/AIHE-D02/supp/AIHE-P/data/AIHE-P_S2_T1_P_1_Executive_summary_worked_example.csv,AIHE_Canon_V1.0/ch/12/core/AIHE-D02/supp/AIHE-P/data/AIHE-P_S2_T1_P_1_Executive_summary_example.csv
digital-resource-companion/chapters/12/core/AIHE-D02/supp/AIHE-P/data/AIHE-P_S3_T1_P_2_Decision_problem_blank.csv,AIHE_Canon_V1.0/ch/12/core/AIHE-D02/supp/AIHE-P/data/AIHE-P_S3_T1_P_2_Decision_problem_blank.csv
digital-resource-companion/chapters/12/core/AIHE-D02/supp/AIHE-P/data/AIHE-P_S3_T1_P_2_Decision_problem_worked_example.csv,AIHE_Canon_V1.0/ch/12/core/AIHE-D02/supp/AIHE-P/data/AIHE-P_S3_T1_P_2_Decision_problem_example.csv
digital-resource-companion/chapters/12/core/AIHE-D02/supp/AIHE-P/data/AIHE-P_S4_T1_P_3_Evidence_summary_blank.csv,AIHE_Canon_V1.0/ch/12/core/AIHE-D02/supp/AIHE-P/data/AIHE-P_S4_T1_P_3_Evidence_summary_blank.csv
digital-resource-companion/chapters/12/core/AIHE-D02/supp/AIHE-P/data/AIHE-P_S4_T1_P_3_Evidence_summary_worked_example.csv,AIHE_Canon_V1.0/ch/12/core/AIHE-D02/supp/AIHE-P/data/AIHE-P_S4_T1_P_3_Evidence_summary_example.csv
digital-resource-companion/chapters/12/core/AIHE-D02/supp/AIHE-P/data/AIHE-P_S5_T1_P_4_Economics_and_affordability_blank.csv,AIHE_Canon_V1.0/ch/12/core/AIHE-D02/supp/AIHE-P/data/AIHE-P_S5_T1_P_4_Economics_and_affordability_blank.csv
digital-resource-companion/chapters/12/core/AIHE-D02/supp/AIHE-P/data/AIHE-P_S5_T1_P_4_Economics_and_affordability_worked_example.csv,AIHE_Canon_V1.0/ch/12/core/AIHE-D02/supp/AIHE-P/data/AIHE-P_S5_T1_P_4_Economics_and_affordability_example.csv
digital-resource-companion/chapters/12/core/AIHE-D02/supp/AIHE-P/data/AIHE-P_S6_T1_P_5_Governance_and_implementation_blank.csv,AIHE_Canon_V1.0/ch/12/core/AIHE-D02/supp/AIHE-P/data/AIHE-P_S6_T1_P_5_Governance_and_implementation_blank.csv
digital-resource-companion/chapters/12/core/AIHE-D02/supp/AIHE-P/data/AIHE-P_S6_T1_P_5_Governance_and_implementation_worked_example.csv,AIHE_Canon_V1.0/ch/12/core/AIHE-D02/supp/AIHE-P/data/AIHE-P_S6_T1_P_5_Governance_and_implementation_example.csv
digital-resource-companion/chapters/12/core/AIHE-D02/supp/AIHE-P/docx/AIHE-P_template.docx,AIHE_Canon_V1.0/ch/12/core/AIHE-D02/supp/AIHE-P/docx/AIHE-P_template.docx
digital-resource-companion/chapters/12/core/AIHE-D02/supp/AIHE-P/docx/AIHE-P_worked_example.docx,AIHE_Canon_V1.0/ch/12/core/AIHE-D02/supp/AIHE-P/docx/AIHE-P_example.docx
digital-resource-companion/chapters/12/core/AIHE-D02/supp/AIHE-P/flow/PROCESS_FLOW.md,AIHE_Canon_V1.0/ch/12/core/AIHE-D02/supp/AIHE-P/flow/PROCESS_FLOW.md
digital-resource-companion/chapters/12/core/AIHE-D02/supp/AIHE-P/flow/flowchart.mmd,AIHE_Canon_V1.0/ch/12/core/AIHE-D02/supp/AIHE-P/flow/flowchart.mmd
digital-resource-companion/chapters/12/core/AIHE-D02/supp/AIHE-P/flow/flowchart.png,AIHE_Canon_V1.0/ch/12/core/AIHE-D02/supp/AIHE-P/flow/flowchart.png
digital-resource-companion/chapters/12/core/AIHE-D02/supp/AIHE-P/flow/flowchart.svg,AIHE_Canon_V1.0/ch/12/core/AIHE-D02/supp/AIHE-P/flow/flowchart.svg
digital-resource-companion/chapters/12/core/AIHE-D02/supp/AIHE-P/flow/steps.csv,AIHE_Canon_V1.0/ch/12/core/AIHE-D02/supp/AIHE-P/flow/steps.csv
digital-resource-companion/chapters/12/core/AIHE-D02/supp/AIHE-P/flow/steps.json,AIHE_Canon_V1.0/ch/12/core/AIHE-D02/supp/AIHE-P/flow/steps.json
digital-resource-companion/chapters/12/core/AIHE-D02/supp/AIHE-P/metadata.json,AIHE_Canon_V1.0/ch/12/core/AIHE-D02/supp/AIHE-P/metadata.json
digital-resource-companion/chapters/12/core/AIHE-D02/supp/AIHE-P/xlsx/AIHE-P_workbook.xlsx,AIHE_Canon_V1.0/ch/12/core/AIHE-D02/supp/AIHE-P/xlsx/AIHE-P_workbook.xlsx
digital-resource-companion/chapters/12/core/AIHE-D02/supp/AIHE-Q/README.md,AIHE_Canon_V1.0/ch/12/core/AIHE-D02/supp/AIHE-Q/README.md
digital-resource-companion/chapters/12/core/AIHE-D02/supp/AIHE-Q/data/AIHE-Q.schema.json,AIHE_Canon_V1.0/ch/12/core/AIHE-D02/supp/AIHE-Q/data/AIHE-Q.schema.json
digital-resource-companion/chapters/12/core/AIHE-D02/supp/AIHE-Q/data/AIHE-Q_S1_T1_Main_blank.csv,AIHE_Canon_V1.0/ch/12/core/AIHE-D02/supp/AIHE-Q/data/AIHE-Q_S1_T1_Main_blank.csv
digital-resource-companion/chapters/12/core/AIHE-D02/supp/AIHE-Q/data/AIHE-Q_S1_T1_Main_worked_example.csv,AIHE_Canon_V1.0/ch/12/core/AIHE-D02/supp/AIHE-Q/data/AIHE-Q_S1_T1_Main_example.csv
digital-resource-companion/chapters/12/core/AIHE-D02/supp/AIHE-Q/data/AIHE-Q_S1_T2_Main_blank.csv,AIHE_Canon_V1.0/ch/12/core/AIHE-D02/supp/AIHE-Q/data/AIHE-Q_S1_T2_Main_blank.csv
digital-resource-companion/chapters/12/core/AIHE-D02/supp/AIHE-Q/data/AIHE-Q_S1_T2_Main_worked_example.csv,AIHE_Canon_V1.0/ch/12/core/AIHE-D02/supp/AIHE-Q/data/AIHE-Q_S1_T2_Main_example.csv
digital-resource-companion/chapters/12/core/AIHE-D02/supp/AIHE-Q/data/AIHE-Q_S1_T3_Main_blank.csv,AIHE_Canon_V1.0/ch/12/core/AIHE-D02/supp/AIHE-Q/data/AIHE-Q_S1_T3_Main_blank.csv
digital-resource-companion/chapters/12/core/AIHE-D02/supp/AIHE-Q/data/AIHE-Q_S1_T3_Main_worked_example.csv,AIHE_Canon_V1.0/ch/12/core/AIHE-D02/supp/AIHE-Q/data/AIHE-Q_S1_T3_Main_example.csv
digital-resource-companion/chapters/12/core/AIHE-D02/supp/AIHE-Q/docx/AIHE-Q_fillable_template.docx,AIHE_Canon_V1.0/ch/12/core/AIHE-D02/supp/AIHE-Q/docx/AIHE-Q_fillable_template.docx
digital-resource-companion/chapters/12/core/AIHE-D02/supp/AIHE-Q/docx/AIHE-Q_template.docx,AIHE_Canon_V1.0/ch/12/core/AIHE-D02/supp/AIHE-Q/docx/AIHE-Q_template.docx
digital-resource-companion/chapters/12/core/AIHE-D02/supp/AIHE-Q/docx/AIHE-Q_worked_example.docx,AIHE_Canon_V1.0/ch/12/core/AIHE-D02/supp/AIHE-Q/docx/AIHE-Q_example.docx
digital-resource-companion/chapters/12/core/AIHE-D02/supp/AIHE-Q/flow/PROCESS_FLOW.md,AIHE_Canon_V1.0/ch/12/core/AIHE-D02/supp/AIHE-Q/flow/PROCESS_FLOW.md
digital-resource-companion/chapters/12/core/AIHE-D02/supp/AIHE-Q/flow/flowchart.mmd,AIHE_Canon_V1.0/ch/12/core/AIHE-D02/supp/AIHE-Q/flow/flowchart.mmd
digital-resource-companion/chapters/12/core/AIHE-D02/supp/AIHE-Q/flow/flowchart.png,AIHE_Canon_V1.0/ch/12/core/AIHE-D02/supp/AIHE-Q/flow/flowchart.png
digital-resource-companion/chapters/12/core/AIHE-D02/supp/AIHE-Q/flow/flowchart.svg,AIHE_Canon_V1.0/ch/12/core/AIHE-D02/supp/AIHE-Q/flow/flowchart.svg
digital-resource-companion/chapters/12/core/AIHE-D02/supp/AIHE-Q/flow/steps.csv,AIHE_Canon_V1.0/ch/12/core/AIHE-D02/supp/AIHE-Q/flow/steps.csv
digital-resource-companion/chapters/12/core/AIHE-D02/supp/AIHE-Q/flow/steps.json,AIHE_Canon_V1.0/ch/12/core/AIHE-D02/supp/AIHE-Q/flow/steps.json
digital-resource-companion/chapters/12/core/AIHE-D02/supp/AIHE-Q/metadata.json,AIHE_Canon_V1.0/ch/12/core/AIHE-D02/supp/AIHE-Q/metadata.json
digital-resource-companion/chapters/12/core/AIHE-D02/supp/AIHE-Q/xlsx/AIHE-Q_workbook.xlsx,AIHE_Canon_V1.0/ch/12/core/AIHE-D02/supp/AIHE-Q/xlsx/AIHE-Q_workbook.xlsx
digital-resource-companion/chapters/12/core/AIHE-D02/supp/AIHE-R/README.md,AIHE_Canon_V1.0/ch/12/core/AIHE-D02/supp/AIHE-R/README.md
digital-resource-companion/chapters/12/core/AIHE-D02/supp/AIHE-R/data/AIHE-R.schema.json,AIHE_Canon_V1.0/ch/12/core/AIHE-D02/supp/AIHE-R/data/AIHE-R.schema.json
digital-resource-companion/chapters/12/core/AIHE-D02/supp/AIHE-R/data/AIHE-R_S1_T1_Main_blank.csv,AIHE_Canon_V1.0/ch/12/core/AIHE-D02/supp/AIHE-R/data/AIHE-R_S1_T1_Main_blank.csv
digital-resource-companion/chapters/12/core/AIHE-D02/supp/AIHE-R/data/AIHE-R_S1_T1_Main_worked_example.csv,AIHE_Canon_V1.0/ch/12/core/AIHE-D02/supp/AIHE-R/data/AIHE-R_S1_T1_Main_example.csv
digital-resource-companion/chapters/12/core/AIHE-D02/supp/AIHE-R/data/AIHE-R_S1_T2_Main_blank.csv,AIHE_Canon_V1.0/ch/12/core/AIHE-D02/supp/AIHE-R/data/AIHE-R_S1_T2_Main_blank.csv
digital-resource-companion/chapters/12/core/AIHE-D02/supp/AIHE-R/data/AIHE-R_S1_T2_Main_worked_example.csv,AIHE_Canon_V1.0/ch/12/core/AIHE-D02/supp/AIHE-R/data/AIHE-R_S1_T2_Main_example.csv
digital-resource-companion/chapters/12/core/AIHE-D02/supp/AIHE-R/data/AIHE-R_S1_T3_Main_blank.csv,AIHE_Canon_V1.0/ch/12/core/AIHE-D02/supp/AIHE-R/data/AIHE-R_S1_T3_Main_blank.csv
digital-resource-companion/chapters/12/core/AIHE-D02/supp/AIHE-R/data/AIHE-R_S1_T3_Main_worked_example.csv,AIHE_Canon_V1.0/ch/12/core/AIHE-D02/supp/AIHE-R/data/AIHE-R_S1_T3_Main_example.csv
digital-resource-companion/chapters/12/core/AIHE-D02/supp/AIHE-R/docx/AIHE-R_template.docx,AIHE_Canon_V1.0/ch/12/core/AIHE-D02/supp/AIHE-R/docx/AIHE-R_template.docx
digital-resource-companion/chapters/12/core/AIHE-D02/supp/AIHE-R/docx/AIHE-R_worked_example.docx,AIHE_Canon_V1.0/ch/12/core/AIHE-D02/supp/AIHE-R/docx/AIHE-R_example.docx
digital-resource-companion/chapters/12/core/AIHE-D02/supp/AIHE-R/flow/PROCESS_FLOW.md,AIHE_Canon_V1.0/ch/12/core/AIHE-D02/supp/AIHE-R/flow/PROCESS_FLOW.md
digital-resource-companion/chapters/12/core/AIHE-D02/supp/AIHE-R/flow/flowchart.mmd,AIHE_Canon_V1.0/ch/12/core/AIHE-D02/supp/AIHE-R/flow/flowchart.mmd
digital-resource-companion/chapters/12/core/AIHE-D02/supp/AIHE-R/flow/flowchart.png,AIHE_Canon_V1.0/ch/12/core/AIHE-D02/supp/AIHE-R/flow/flowchart.png
digital-resource-companion/chapters/12/core/AIHE-D02/supp/AIHE-R/flow/flowchart.svg,AIHE_Canon_V1.0/ch/12/core/AIHE-D02/supp/AIHE-R/flow/flowchart.svg
digital-resource-companion/chapters/12/core/AIHE-D02/supp/AIHE-R/flow/steps.csv,AIHE_Canon_V1.0/ch/12/core/AIHE-D02/supp/AIHE-R/flow/steps.csv
digital-resource-companion/chapters/12/core/AIHE-D02/supp/AIHE-R/flow/steps.json,AIHE_Canon_V1.0/ch/12/core/AIHE-D02/supp/AIHE-R/flow/steps.json
digital-resource-companion/chapters/12/core/AIHE-D02/supp/AIHE-R/metadata.json,AIHE_Canon_V1.0/ch/12/core/AIHE-D02/supp/AIHE-R/metadata.json
digital-resource-companion/chapters/12/core/AIHE-D02/supp/AIHE-R/xlsx/AIHE-R_workbook.xlsx,AIHE_Canon_V1.0/ch/12/core/AIHE-D02/supp/AIHE-R/xlsx/AIHE-R_workbook.xlsx
digital-resource-companion/chapters/12/core/AIHE-D02/supp/AIHE-V/README.md,AIHE_Canon_V1.0/ch/12/core/AIHE-D02/supp/AIHE-V/README.md
digital-resource-companion/chapters/12/core/AIHE-D02/supp/AIHE-V/data/AIHE-V.schema.json,AIHE_Canon_V1.0/ch/12/core/AIHE-D02/supp/AIHE-V/data/AIHE-V.schema.json
digital-resource-companion/chapters/12/core/AIHE-D02/supp/AIHE-V/data/AIHE-V_S1_T1_Main_blank.csv,AIHE_Canon_V1.0/ch/12/core/AIHE-D02/supp/AIHE-V/data/AIHE-V_S1_T1_Main_blank.csv
digital-resource-companion/chapters/12/core/AIHE-D02/supp/AIHE-V/data/AIHE-V_S1_T2_Main_blank.csv,AIHE_Canon_V1.0/ch/12/core/AIHE-D02/supp/AIHE-V/data/AIHE-V_S1_T2_Main_blank.csv
digital-resource-companion/chapters/12/core/AIHE-D02/supp/AIHE-V/data/AIHE-V_S1_T3_Main_blank.csv,AIHE_Canon_V1.0/ch/12/core/AIHE-D02/supp/AIHE-V/data/AIHE-V_S1_T3_Main_blank.csv
digital-resource-companion/chapters/12/core/AIHE-D02/supp/AIHE-V/data/AIHE-V_S1_T4_Main_blank.csv,AIHE_Canon_V1.0/ch/12/core/AIHE-D02/supp/AIHE-V/data/AIHE-V_S1_T4_Main_blank.csv
digital-resource-companion/chapters/12/core/AIHE-D02/supp/AIHE-V/data/AIHE-V_S1_T4_Main_worked_example.csv,AIHE_Canon_V1.0/ch/12/core/AIHE-D02/supp/AIHE-V/data/AIHE-V_S1_T4_Main_example.csv
digital-resource-companion/chapters/12/core/AIHE-D02/supp/AIHE-V/docx/AIHE-V_template.docx,AIHE_Canon_V1.0/ch/12/core/AIHE-D02/supp/AIHE-V/docx/AIHE-V_template.docx
digital-resource-companion/chapters/12/core/AIHE-D02/supp/AIHE-V/docx/AIHE-V_worked_example.docx,AIHE_Canon_V1.0/ch/12/core/AIHE-D02/supp/AIHE-V/docx/AIHE-V_example.docx
digital-resource-companion/chapters/12/core/AIHE-D02/supp/AIHE-V/flow/PROCESS_FLOW.md,AIHE_Canon_V1.0/ch/12/core/AIHE-D02/supp/AIHE-V/flow/PROCESS_FLOW.md
digital-resource-companion/chapters/12/core/AIHE-D02/supp/AIHE-V/flow/flowchart.mmd,AIHE_Canon_V1.0/ch/12/core/AIHE-D02/supp/AIHE-V/flow/flowchart.mmd
digital-resource-companion/chapters/12/core/AIHE-D02/supp/AIHE-V/flow/flowchart.png,AIHE_Canon_V1.0/ch/12/core/AIHE-D02/supp/AIHE-V/flow/flowchart.png
digital-resource-companion/chapters/12/core/AIHE-D02/supp/AIHE-V/flow/flowchart.svg,AIHE_Canon_V1.0/ch/12/core/AIHE-D02/supp/AIHE-V/flow/flowchart.svg
digital-resource-companion/chapters/12/core/AIHE-D02/supp/AIHE-V/flow/steps.csv,AIHE_Canon_V1.0/ch/12/core/AIHE-D02/supp/AIHE-V/flow/steps.csv
digital-resource-companion/chapters/12/core/AIHE-D02/supp/AIHE-V/flow/steps.json,AIHE_Canon_V1.0/ch/12/core/AIHE-D02/supp/AIHE-V/flow/steps.json
digital-resource-companion/chapters/12/core/AIHE-D02/supp/AIHE-V/metadata.json,AIHE_Canon_V1.0/ch/12/core/AIHE-D02/supp/AIHE-V/metadata.json
digital-resource-companion/chapters/12/core/AIHE-D02/supp/AIHE-V/xlsx/AIHE-V_workbook.xlsx,AIHE_Canon_V1.0/ch/12/core/AIHE-D02/supp/AIHE-V/xlsx/AIHE-V_workbook.xlsx
digital-resource-companion/chapters/12/core/AIHE-D03/README.md,AIHE_Canon_V1.0/ch/12/core/AIHE-D03/README.md
digital-resource-companion/chapters/12/core/AIHE-D03/data/AIHE-D03.schema.json,AIHE_Canon_V1.0/ch/12/core/AIHE-D03/data/AIHE-D03.schema.json
digital-resource-companion/chapters/12/core/AIHE-D03/data/AIHE-D03_blank.csv,AIHE_Canon_V1.0/ch/12/core/AIHE-D03/data/AIHE-D03_blank.csv
digital-resource-companion/chapters/12/core/AIHE-D03/data/AIHE-D03_blank.json,AIHE_Canon_V1.0/ch/12/core/AIHE-D03/data/AIHE-D03_blank.json
digital-resource-companion/chapters/12/core/AIHE-D03/data/AIHE-D03_worked_example.csv,AIHE_Canon_V1.0/ch/12/core/AIHE-D03/data/AIHE-D03_example.csv
digital-resource-companion/chapters/12/core/AIHE-D03/data/AIHE-D03_worked_example.json,AIHE_Canon_V1.0/ch/12/core/AIHE-D03/data/AIHE-D03_example.json
digital-resource-companion/chapters/12/core/AIHE-D03/edit/docx/AIHE-D03_template_and_worked_example.docx,AIHE_Canon_V1.0/ch/12/core/AIHE-D03/edit/docx/AIHE-D03_template_example.docx
digital-resource-companion/chapters/12/core/AIHE-D03/edit/docx/AIHE-D03_template_and_worked_example_V1.0.docx,AIHE_Canon_V1.0/ch/12/core/AIHE-D03/edit/docx/AIHE-D03_template_example_V1.0.docx
digital-resource-companion/chapters/12/core/AIHE-D03/edit/xlsx/AIHE-D03_workbook.xlsx,AIHE_Canon_V1.0/ch/12/core/AIHE-D03/edit/xlsx/AIHE-D03_workbook.xlsx
digital-resource-companion/chapters/12/core/AIHE-D03/edit/xlsx/AIHE-D03_workbook_V1.0.xlsx,AIHE_Canon_V1.0/ch/12/core/AIHE-D03/edit/xlsx/AIHE-D03_workbook_V1.0.xlsx
digital-resource-companion/chapters/12/core/AIHE-D03/flow/PROCESS_FLOW.md,AIHE_Canon_V1.0/ch/12/core/AIHE-D03/flow/PROCESS_FLOW.md
digital-resource-companion/chapters/12/core/AIHE-D03/flow/flowchart.mmd,AIHE_Canon_V1.0/ch/12/core/AIHE-D03/flow/flowchart.mmd
digital-resource-companion/chapters/12/core/AIHE-D03/flow/flowchart.png,AIHE_Canon_V1.0/ch/12/core/AIHE-D03/flow/flowchart.png
digital-resource-companion/chapters/12/core/AIHE-D03/flow/flowchart.svg,AIHE_Canon_V1.0/ch/12/core/AIHE-D03/flow/flowchart.svg
digital-resource-companion/chapters/12/core/AIHE-D03/flow/steps.csv,AIHE_Canon_V1.0/ch/12/core/AIHE-D03/flow/steps.csv
digital-resource-companion/chapters/12/core/AIHE-D03/flow/steps.json,AIHE_Canon_V1.0/ch/12/core/AIHE-D03/flow/steps.json
digital-resource-companion/chapters/12/core/AIHE-D03/metadata.json,AIHE_Canon_V1.0/ch/12/core/AIHE-D03/metadata.json
digital-resource-companion/chapters/12/core/AIHE-D03/supp/AIHE-S/README.md,AIHE_Canon_V1.0/ch/12/core/AIHE-D03/supp/AIHE-S/README.md
digital-resource-companion/chapters/12/core/AIHE-D03/supp/AIHE-S/data/AIHE-S.schema.json,AIHE_Canon_V1.0/ch/12/core/AIHE-D03/supp/AIHE-S/data/AIHE-S.schema.json
digital-resource-companion/chapters/12/core/AIHE-D03/supp/AIHE-S/data/AIHE-S_S1_T1_Main_blank.csv,AIHE_Canon_V1.0/ch/12/core/AIHE-D03/supp/AIHE-S/data/AIHE-S_S1_T1_Main_blank.csv
digital-resource-companion/chapters/12/core/AIHE-D03/supp/AIHE-S/data/AIHE-S_S1_T1_Main_worked_example.csv,AIHE_Canon_V1.0/ch/12/core/AIHE-D03/supp/AIHE-S/data/AIHE-S_S1_T1_Main_example.csv
digital-resource-companion/chapters/12/core/AIHE-D03/supp/AIHE-S/data/AIHE-S_S1_T2_Main_blank.csv,AIHE_Canon_V1.0/ch/12/core/AIHE-D03/supp/AIHE-S/data/AIHE-S_S1_T2_Main_blank.csv
digital-resource-companion/chapters/12/core/AIHE-D03/supp/AIHE-S/data/AIHE-S_S1_T2_Main_worked_example.csv,AIHE_Canon_V1.0/ch/12/core/AIHE-D03/supp/AIHE-S/data/AIHE-S_S1_T2_Main_example.csv
digital-resource-companion/chapters/12/core/AIHE-D03/supp/AIHE-S/data/AIHE-S_S1_T3_Main_blank.csv,AIHE_Canon_V1.0/ch/12/core/AIHE-D03/supp/AIHE-S/data/AIHE-S_S1_T3_Main_blank.csv
digital-resource-companion/chapters/12/core/AIHE-D03/supp/AIHE-S/data/AIHE-S_S1_T3_Main_worked_example.csv,AIHE_Canon_V1.0/ch/12/core/AIHE-D03/supp/AIHE-S/data/AIHE-S_S1_T3_Main_example.csv
digital-resource-companion/chapters/12/core/AIHE-D03/supp/AIHE-S/data/AIHE-S_blank.csv,AIHE_Canon_V1.0/ch/12/core/AIHE-D03/supp/AIHE-S/data/AIHE-S_blank.csv
digital-resource-companion/chapters/12/core/AIHE-D03/supp/AIHE-S/docx/AIHE-S_fillable_template.docx,AIHE_Canon_V1.0/ch/12/core/AIHE-D03/supp/AIHE-S/docx/AIHE-S_fillable_template.docx
digital-resource-companion/chapters/12/core/AIHE-D03/supp/AIHE-S/docx/AIHE-S_template.docx,AIHE_Canon_V1.0/ch/12/core/AIHE-D03/supp/AIHE-S/docx/AIHE-S_template.docx
digital-resource-companion/chapters/12/core/AIHE-D03/supp/AIHE-S/docx/AIHE-S_worked_example.docx,AIHE_Canon_V1.0/ch/12/core/AIHE-D03/supp/AIHE-S/docx/AIHE-S_example.docx
digital-resource-companion/chapters/12/core/AIHE-D03/supp/AIHE-S/flow/PROCESS_FLOW.md,AIHE_Canon_V1.0/ch/12/core/AIHE-D03/supp/AIHE-S/flow/PROCESS_FLOW.md
digital-resource-companion/chapters/12/core/AIHE-D03/supp/AIHE-S/flow/flowchart.mmd,AIHE_Canon_V1.0/ch/12/core/AIHE-D03/supp/AIHE-S/flow/flowchart.mmd
digital-resource-companion/chapters/12/core/AIHE-D03/supp/AIHE-S/flow/flowchart.png,AIHE_Canon_V1.0/ch/12/core/AIHE-D03/supp/AIHE-S/flow/flowchart.png
digital-resource-companion/chapters/12/core/AIHE-D03/supp/AIHE-S/flow/flowchart.svg,AIHE_Canon_V1.0/ch/12/core/AIHE-D03/supp/AIHE-S/flow/flowchart.svg
digital-resource-companion/chapters/12/core/AIHE-D03/supp/AIHE-S/flow/steps.csv,AIHE_Canon_V1.0/ch/12/core/AIHE-D03/supp/AIHE-S/flow/steps.csv
digital-resource-companion/chapters/12/core/AIHE-D03/supp/AIHE-S/flow/steps.json,AIHE_Canon_V1.0/ch/12/core/AIHE-D03/supp/AIHE-S/flow/steps.json
digital-resource-companion/chapters/12/core/AIHE-D03/supp/AIHE-S/metadata.json,AIHE_Canon_V1.0/ch/12/core/AIHE-D03/supp/AIHE-S/metadata.json
digital-resource-companion/chapters/12/core/AIHE-D03/supp/AIHE-S/xlsx/AIHE-S_workbook.xlsx,AIHE_Canon_V1.0/ch/12/core/AIHE-D03/supp/AIHE-S/xlsx/AIHE-S_workbook.xlsx
digital-resource-companion/chapters/12/core/AIHE-D04/README.md,AIHE_Canon_V1.0/ch/12/core/AIHE-D04/README.md
digital-resource-companion/chapters/12/core/AIHE-D04/data/AIHE-D04.schema.json,AIHE_Canon_V1.0/ch/12/core/AIHE-D04/data/AIHE-D04.schema.json
digital-resource-companion/chapters/12/core/AIHE-D04/data/AIHE-D04_blank.csv,AIHE_Canon_V1.0/ch/12/core/AIHE-D04/data/AIHE-D04_blank.csv
digital-resource-companion/chapters/12/core/AIHE-D04/data/AIHE-D04_blank.json,AIHE_Canon_V1.0/ch/12/core/AIHE-D04/data/AIHE-D04_blank.json
digital-resource-companion/chapters/12/core/AIHE-D04/data/AIHE-D04_worked_example.csv,AIHE_Canon_V1.0/ch/12/core/AIHE-D04/data/AIHE-D04_example.csv
digital-resource-companion/chapters/12/core/AIHE-D04/data/AIHE-D04_worked_example.json,AIHE_Canon_V1.0/ch/12/core/AIHE-D04/data/AIHE-D04_example.json
digital-resource-companion/chapters/12/core/AIHE-D04/edit/docx/AIHE-D04_template_and_worked_example.docx,AIHE_Canon_V1.0/ch/12/core/AIHE-D04/edit/docx/AIHE-D04_template_example.docx
digital-resource-companion/chapters/12/core/AIHE-D04/edit/docx/AIHE-D04_template_and_worked_example_V1.0.docx,AIHE_Canon_V1.0/ch/12/core/AIHE-D04/edit/docx/AIHE-D04_template_example_V1.0.docx
digital-resource-companion/chapters/12/core/AIHE-D04/edit/xlsx/AIHE-D04_workbook.xlsx,AIHE_Canon_V1.0/ch/12/core/AIHE-D04/edit/xlsx/AIHE-D04_workbook.xlsx
digital-resource-companion/chapters/12/core/AIHE-D04/edit/xlsx/AIHE-D04_workbook_V1.0.xlsx,AIHE_Canon_V1.0/ch/12/core/AIHE-D04/edit/xlsx/AIHE-D04_workbook_V1.0.xlsx
digital-resource-companion/chapters/12/core/AIHE-D04/flow/PROCESS_FLOW.md,AIHE_Canon_V1.0/ch/12/core/AIHE-D04/flow/PROCESS_FLOW.md
digital-resource-companion/chapters/12/core/AIHE-D04/flow/flowchart.mmd,AIHE_Canon_V1.0/ch/12/core/AIHE-D04/flow/flowchart.mmd
digital-resource-companion/chapters/12/core/AIHE-D04/flow/flowchart.png,AIHE_Canon_V1.0/ch/12/core/AIHE-D04/flow/flowchart.png
digital-resource-companion/chapters/12/core/AIHE-D04/flow/flowchart.svg,AIHE_Canon_V1.0/ch/12/core/AIHE-D04/flow/flowchart.svg
digital-resource-companion/chapters/12/core/AIHE-D04/flow/steps.csv,AIHE_Canon_V1.0/ch/12/core/AIHE-D04/flow/steps.csv
digital-resource-companion/chapters/12/core/AIHE-D04/flow/steps.json,AIHE_Canon_V1.0/ch/12/core/AIHE-D04/flow/steps.json
digital-resource-companion/chapters/12/core/AIHE-D04/metadata.json,AIHE_Canon_V1.0/ch/12/core/AIHE-D04/metadata.json
digital-resource-companion/chapters/12/core/AIHE-D04/supp/AIHE-EX12/README.md,AIHE_Canon_V1.0/ch/12/core/AIHE-D04/supp/AIHE-EX12/README.md
digital-resource-companion/chapters/12/core/AIHE-D04/supp/AIHE-EX12/data/AIHE-EX12.schema.json,AIHE_Canon_V1.0/ch/12/core/AIHE-D04/supp/AIHE-EX12/data/AIHE-EX12.schema.json
digital-resource-companion/chapters/12/core/AIHE-D04/supp/AIHE-EX12/data/AIHE-EX12_blank.csv,AIHE_Canon_V1.0/ch/12/core/AIHE-D04/supp/AIHE-EX12/data/AIHE-EX12_blank.csv
digital-resource-companion/chapters/12/core/AIHE-D04/supp/AIHE-EX12/docx/AIHE-EX12_fillable_template.docx,AIHE_Canon_V1.0/ch/12/core/AIHE-D04/supp/AIHE-EX12/docx/AIHE-EX12_fillable_template.docx
digital-resource-companion/chapters/12/core/AIHE-D04/supp/AIHE-EX12/docx/AIHE-EX12_template.docx,AIHE_Canon_V1.0/ch/12/core/AIHE-D04/supp/AIHE-EX12/docx/AIHE-EX12_template.docx
digital-resource-companion/chapters/12/core/AIHE-D04/supp/AIHE-EX12/docx/AIHE-EX12_worked_example.docx,AIHE_Canon_V1.0/ch/12/core/AIHE-D04/supp/AIHE-EX12/docx/AIHE-EX12_example.docx
digital-resource-companion/chapters/12/core/AIHE-D04/supp/AIHE-EX12/flow/PROCESS_FLOW.md,AIHE_Canon_V1.0/ch/12/core/AIHE-D04/supp/AIHE-EX12/flow/PROCESS_FLOW.md
digital-resource-companion/chapters/12/core/AIHE-D04/supp/AIHE-EX12/flow/flowchart.mmd,AIHE_Canon_V1.0/ch/12/core/AIHE-D04/supp/AIHE-EX12/flow/flowchart.mmd
digital-resource-companion/chapters/12/core/AIHE-D04/supp/AIHE-EX12/flow/flowchart.png,AIHE_Canon_V1.0/ch/12/core/AIHE-D04/supp/AIHE-EX12/flow/flowchart.png
digital-resource-companion/chapters/12/core/AIHE-D04/supp/AIHE-EX12/flow/flowchart.svg,AIHE_Canon_V1.0/ch/12/core/AIHE-D04/supp/AIHE-EX12/flow/flowchart.svg
digital-resource-companion/chapters/12/core/AIHE-D04/supp/AIHE-EX12/flow/steps.csv,AIHE_Canon_V1.0/ch/12/core/AIHE-D04/supp/AIHE-EX12/flow/steps.csv
digital-resource-companion/chapters/12/core/AIHE-D04/supp/AIHE-EX12/flow/steps.json,AIHE_Canon_V1.0/ch/12/core/AIHE-D04/supp/AIHE-EX12/flow/steps.json
digital-resource-companion/chapters/12/core/AIHE-D04/supp/AIHE-EX12/metadata.json,AIHE_Canon_V1.0/ch/12/core/AIHE-D04/supp/AIHE-EX12/metadata.json
digital-resource-companion/chapters/12/core/AIHE-D04/supp/AIHE-EX12/xlsx/AIHE-EX12_workbook.xlsx,AIHE_Canon_V1.0/ch/12/core/AIHE-D04/supp/AIHE-EX12/xlsx/AIHE-EX12_workbook.xlsx
digital-resource-companion/chapters/12/core/AIHE-D05/README.md,AIHE_Canon_V1.0/ch/12/core/AIHE-D05/README.md
digital-resource-companion/chapters/12/core/AIHE-D05/data/AIHE-D05.schema.json,AIHE_Canon_V1.0/ch/12/core/AIHE-D05/data/AIHE-D05.schema.json
digital-resource-companion/chapters/12/core/AIHE-D05/data/AIHE-D05_blank.csv,AIHE_Canon_V1.0/ch/12/core/AIHE-D05/data/AIHE-D05_blank.csv
digital-resource-companion/chapters/12/core/AIHE-D05/data/AIHE-D05_blank.json,AIHE_Canon_V1.0/ch/12/core/AIHE-D05/data/AIHE-D05_blank.json
digital-resource-companion/chapters/12/core/AIHE-D05/data/AIHE-D05_worked_example.csv,AIHE_Canon_V1.0/ch/12/core/AIHE-D05/data/AIHE-D05_example.csv
digital-resource-companion/chapters/12/core/AIHE-D05/data/AIHE-D05_worked_example.json,AIHE_Canon_V1.0/ch/12/core/AIHE-D05/data/AIHE-D05_example.json
digital-resource-companion/chapters/12/core/AIHE-D05/edit/docx/AIHE-D05_template_and_worked_example.docx,AIHE_Canon_V1.0/ch/12/core/AIHE-D05/edit/docx/AIHE-D05_template_example.docx
digital-resource-companion/chapters/12/core/AIHE-D05/edit/docx/AIHE-D05_template_and_worked_example_V1.0.docx,AIHE_Canon_V1.0/ch/12/core/AIHE-D05/edit/docx/AIHE-D05_template_example_V1.0.docx
digital-resource-companion/chapters/12/core/AIHE-D05/edit/xlsx/AIHE-D05_workbook.xlsx,AIHE_Canon_V1.0/ch/12/core/AIHE-D05/edit/xlsx/AIHE-D05_workbook.xlsx
digital-resource-companion/chapters/12/core/AIHE-D05/edit/xlsx/AIHE-D05_workbook_V1.0.xlsx,AIHE_Canon_V1.0/ch/12/core/AIHE-D05/edit/xlsx/AIHE-D05_workbook_V1.0.xlsx
digital-resource-companion/chapters/12/core/AIHE-D05/flow/PROCESS_FLOW.md,AIHE_Canon_V1.0/ch/12/core/AIHE-D05/flow/PROCESS_FLOW.md
digital-resource-companion/chapters/12/core/AIHE-D05/flow/flowchart.mmd,AIHE_Canon_V1.0/ch/12/core/AIHE-D05/flow/flowchart.mmd
digital-resource-companion/chapters/12/core/AIHE-D05/flow/flowchart.png,AIHE_Canon_V1.0/ch/12/core/AIHE-D05/flow/flowchart.png
digital-resource-companion/chapters/12/core/AIHE-D05/flow/flowchart.svg,AIHE_Canon_V1.0/ch/12/core/AIHE-D05/flow/flowchart.svg
digital-resource-companion/chapters/12/core/AIHE-D05/flow/steps.csv,AIHE_Canon_V1.0/ch/12/core/AIHE-D05/flow/steps.csv
digital-resource-companion/chapters/12/core/AIHE-D05/flow/steps.json,AIHE_Canon_V1.0/ch/12/core/AIHE-D05/flow/steps.json
digital-resource-companion/chapters/12/core/AIHE-D05/metadata.json,AIHE_Canon_V1.0/ch/12/core/AIHE-D05/metadata.json
digital-resource-companion/chapters/12/core/AIHE-D05/supp/AIHE-EX11/README.md,AIHE_Canon_V1.0/ch/12/core/AIHE-D05/supp/AIHE-EX11/README.md
digital-resource-companion/chapters/12/core/AIHE-D05/supp/AIHE-EX11/data/AIHE-EX11.schema.json,AIHE_Canon_V1.0/ch/12/core/AIHE-D05/supp/AIHE-EX11/data/AIHE-EX11.schema.json
digital-resource-companion/chapters/12/core/AIHE-D05/supp/AIHE-EX11/data/AIHE-EX11_blank.csv,AIHE_Canon_V1.0/ch/12/core/AIHE-D05/supp/AIHE-EX11/data/AIHE-EX11_blank.csv
digital-resource-companion/chapters/12/core/AIHE-D05/supp/AIHE-EX11/docx/AIHE-EX11_fillable_template.docx,AIHE_Canon_V1.0/ch/12/core/AIHE-D05/supp/AIHE-EX11/docx/AIHE-EX11_fillable_template.docx
digital-resource-companion/chapters/12/core/AIHE-D05/supp/AIHE-EX11/docx/AIHE-EX11_template.docx,AIHE_Canon_V1.0/ch/12/core/AIHE-D05/supp/AIHE-EX11/docx/AIHE-EX11_template.docx
digital-resource-companion/chapters/12/core/AIHE-D05/supp/AIHE-EX11/docx/AIHE-EX11_worked_example.docx,AIHE_Canon_V1.0/ch/12/core/AIHE-D05/supp/AIHE-EX11/docx/AIHE-EX11_example.docx
digital-resource-companion/chapters/12/core/AIHE-D05/supp/AIHE-EX11/flow/PROCESS_FLOW.md,AIHE_Canon_V1.0/ch/12/core/AIHE-D05/supp/AIHE-EX11/flow/PROCESS_FLOW.md
digital-resource-companion/chapters/12/core/AIHE-D05/supp/AIHE-EX11/flow/flowchart.mmd,AIHE_Canon_V1.0/ch/12/core/AIHE-D05/supp/AIHE-EX11/flow/flowchart.mmd
digital-resource-companion/chapters/12/core/AIHE-D05/supp/AIHE-EX11/flow/flowchart.png,AIHE_Canon_V1.0/ch/12/core/AIHE-D05/supp/AIHE-EX11/flow/flowchart.png
digital-resource-companion/chapters/12/core/AIHE-D05/supp/AIHE-EX11/flow/flowchart.svg,AIHE_Canon_V1.0/ch/12/core/AIHE-D05/supp/AIHE-EX11/flow/flowchart.svg
digital-resource-companion/chapters/12/core/AIHE-D05/supp/AIHE-EX11/flow/steps.csv,AIHE_Canon_V1.0/ch/12/core/AIHE-D05/supp/AIHE-EX11/flow/steps.csv
digital-resource-companion/chapters/12/core/AIHE-D05/supp/AIHE-EX11/flow/steps.json,AIHE_Canon_V1.0/ch/12/core/AIHE-D05/supp/AIHE-EX11/flow/steps.json
digital-resource-companion/chapters/12/core/AIHE-D05/supp/AIHE-EX11/metadata.json,AIHE_Canon_V1.0/ch/12/core/AIHE-D05/supp/AIHE-EX11/metadata.json
digital-resource-companion/chapters/12/core/AIHE-D05/supp/AIHE-EX11/xlsx/AIHE-EX11_workbook.xlsx,AIHE_Canon_V1.0/ch/12/core/AIHE-D05/supp/AIHE-EX11/xlsx/AIHE-EX11_workbook.xlsx
digital-resource-companion/chapters/12/core/AIHE-D05/supp/AIHE-J/README.md,AIHE_Canon_V1.0/ch/12/core/AIHE-D05/supp/AIHE-J/README.md
digital-resource-companion/chapters/12/core/AIHE-D05/supp/AIHE-J/data/AIHE-J.schema.json,AIHE_Canon_V1.0/ch/12/core/AIHE-D05/supp/AIHE-J/data/AIHE-J.schema.json
digital-resource-companion/chapters/12/core/AIHE-D05/supp/AIHE-J/data/AIHE-J_S2_T1_J_1_AI_lifecycle_checklist_blank.csv,AIHE_Canon_V1.0/ch/12/core/AIHE-D05/supp/AIHE-J/data/AIHE-J_S2_T1_J_1_AI_lifecycle_checklist_blank.csv
digital-resource-companion/chapters/12/core/AIHE-D05/supp/AIHE-J/data/AIHE-J_S2_T1_J_1_AI_lifecycle_checklist_worked_example.csv,AIHE_Canon_V1.0/ch/12/core/AIHE-D05/supp/AIHE-J/data/AIHE-J_S2_T1_J_1_AI_lifecycle_checklist_example.csv
digital-resource-companion/chapters/12/core/AIHE-D05/supp/AIHE-J/data/AIHE-J_S3_T1_J_2_Model_monitoring_and_algorithmovigilance_template_blank.csv,AIHE_Canon_V1.0/ch/12/core/AIHE-D05/supp/AIHE-J/data/AIHE-J_S3_T1_J_2_Model_monitoring_and_algorithmovigilance_template_blank.csv
digital-resource-companion/chapters/12/core/AIHE-D05/supp/AIHE-J/data/AIHE-J_S4_T1_J_3_AI_update_and_version_control_log_blank.csv,AIHE_Canon_V1.0/ch/12/core/AIHE-D05/supp/AIHE-J/data/AIHE-J_S4_T1_J_3_AI_update_and_version_control_log_blank.csv
digital-resource-companion/chapters/12/core/AIHE-D05/supp/AIHE-J/data/AIHE-J_S5_T1_J_4_Decommissioning_checklist_blank.csv,AIHE_Canon_V1.0/ch/12/core/AIHE-D05/supp/AIHE-J/data/AIHE-J_S5_T1_J_4_Decommissioning_checklist_blank.csv
digital-resource-companion/chapters/12/core/AIHE-D05/supp/AIHE-J/data/AIHE-J_S5_T1_J_4_Decommissioning_checklist_worked_example.csv,AIHE_Canon_V1.0/ch/12/core/AIHE-D05/supp/AIHE-J/data/AIHE-J_S5_T1_J_4_Decommissioning_checklist_example.csv
digital-resource-companion/chapters/12/core/AIHE-D05/supp/AIHE-J/data/AIHE-J_S6_T1_J_5_Future_proof_procurement_checklist_blank.csv,AIHE_Canon_V1.0/ch/12/core/AIHE-D05/supp/AIHE-J/data/AIHE-J_S6_T1_J_5_Future_proof_procurement_checklist_blank.csv
digital-resource-companion/chapters/12/core/AIHE-D05/supp/AIHE-J/data/AIHE-J_S7_T1_J_6_Scenario_planning_worksheet_blank.csv,AIHE_Canon_V1.0/ch/12/core/AIHE-D05/supp/AIHE-J/data/AIHE-J_S7_T1_J_6_Scenario_planning_worksheet_blank.csv
digital-resource-companion/chapters/12/core/AIHE-D05/supp/AIHE-J/data/AIHE-J_S7_T1_J_6_Scenario_planning_worksheet_worked_example.csv,AIHE_Canon_V1.0/ch/12/core/AIHE-D05/supp/AIHE-J/data/AIHE-J_S7_T1_J_6_Scenario_planning_worksheet_example.csv
digital-resource-companion/chapters/12/core/AIHE-D05/supp/AIHE-J/data/AIHE-J_S8_T1_J_7_Annual_policy_and_evidence_update_template_blank.csv,AIHE_Canon_V1.0/ch/12/core/AIHE-D05/supp/AIHE-J/data/AIHE-J_S8_T1_J_7_Annual_policy_and_evidence_update_template_blank.csv
digital-resource-companion/chapters/12/core/AIHE-D05/supp/AIHE-J/data/AIHE-J_S8_T1_J_7_Annual_policy_and_evidence_update_template_worked_example.csv,AIHE_Canon_V1.0/ch/12/core/AIHE-D05/supp/AIHE-J/data/AIHE-J_S8_T1_J_7_Annual_policy_and_evidence_update_template_example.csv
digital-resource-companion/chapters/12/core/AIHE-D05/supp/AIHE-J/data/AIHE-J_S9_T1_J_8_Future_proof_AI_Health_Economics_Dossier_blank.csv,AIHE_Canon_V1.0/ch/12/core/AIHE-D05/supp/AIHE-J/data/AIHE-J_S9_T1_J_8_Future_proof_AI_Health_Economics_Dossier_blank.csv
digital-resource-companion/chapters/12/core/AIHE-D05/supp/AIHE-J/data/AIHE-J_S9_T1_J_8_Future_proof_AI_Health_Economics_Dossier_worked_example.csv,AIHE_Canon_V1.0/ch/12/core/AIHE-D05/supp/AIHE-J/data/AIHE-J_S9_T1_J_8_Future_proof_AI_Health_Economics_Dossier_example.csv
digital-resource-companion/chapters/12/core/AIHE-D05/supp/AIHE-J/docx/AIHE-J_template.docx,AIHE_Canon_V1.0/ch/12/core/AIHE-D05/supp/AIHE-J/docx/AIHE-J_template.docx
digital-resource-companion/chapters/12/core/AIHE-D05/supp/AIHE-J/docx/AIHE-J_worked_example.docx,AIHE_Canon_V1.0/ch/12/core/AIHE-D05/supp/AIHE-J/docx/AIHE-J_example.docx
digital-resource-companion/chapters/12/core/AIHE-D05/supp/AIHE-J/flow/PROCESS_FLOW.md,AIHE_Canon_V1.0/ch/12/core/AIHE-D05/supp/AIHE-J/flow/PROCESS_FLOW.md
digital-resource-companion/chapters/12/core/AIHE-D05/supp/AIHE-J/flow/flowchart.mmd,AIHE_Canon_V1.0/ch/12/core/AIHE-D05/supp/AIHE-J/flow/flowchart.mmd
digital-resource-companion/chapters/12/core/AIHE-D05/supp/AIHE-J/flow/flowchart.png,AIHE_Canon_V1.0/ch/12/core/AIHE-D05/supp/AIHE-J/flow/flowchart.png
digital-resource-companion/chapters/12/core/AIHE-D05/supp/AIHE-J/flow/flowchart.svg,AIHE_Canon_V1.0/ch/12/core/AIHE-D05/supp/AIHE-J/flow/flowchart.svg
digital-resource-companion/chapters/12/core/AIHE-D05/supp/AIHE-J/flow/steps.csv,AIHE_Canon_V1.0/ch/12/core/AIHE-D05/supp/AIHE-J/flow/steps.csv
digital-resource-companion/chapters/12/core/AIHE-D05/supp/AIHE-J/flow/steps.json,AIHE_Canon_V1.0/ch/12/core/AIHE-D05/supp/AIHE-J/flow/steps.json
digital-resource-companion/chapters/12/core/AIHE-D05/supp/AIHE-J/metadata.json,AIHE_Canon_V1.0/ch/12/core/AIHE-D05/supp/AIHE-J/metadata.json
digital-resource-companion/chapters/12/core/AIHE-D05/supp/AIHE-J/xlsx/AIHE-J_workbook.xlsx,AIHE_Canon_V1.0/ch/12/core/AIHE-D05/supp/AIHE-J/xlsx/AIHE-J_workbook.xlsx
digital-resource-companion/chapters/12/core/AIHE-D05/supp/AIHE-T/README.md,AIHE_Canon_V1.0/ch/12/core/AIHE-D05/supp/AIHE-T/README.md
digital-resource-companion/chapters/12/core/AIHE-D05/supp/AIHE-T/data/AIHE-T.schema.json,AIHE_Canon_V1.0/ch/12/core/AIHE-D05/supp/AIHE-T/data/AIHE-T.schema.json
digital-resource-companion/chapters/12/core/AIHE-D05/supp/AIHE-T/data/AIHE-T_S1_T1_Main_blank.csv,AIHE_Canon_V1.0/ch/12/core/AIHE-D05/supp/AIHE-T/data/AIHE-T_S1_T1_Main_blank.csv
digital-resource-companion/chapters/12/core/AIHE-D05/supp/AIHE-T/data/AIHE-T_S1_T2_Main_blank.csv,AIHE_Canon_V1.0/ch/12/core/AIHE-D05/supp/AIHE-T/data/AIHE-T_S1_T2_Main_blank.csv
digital-resource-companion/chapters/12/core/AIHE-D05/supp/AIHE-T/data/AIHE-T_S1_T2_Main_worked_example.csv,AIHE_Canon_V1.0/ch/12/core/AIHE-D05/supp/AIHE-T/data/AIHE-T_S1_T2_Main_example.csv
digital-resource-companion/chapters/12/core/AIHE-D05/supp/AIHE-T/data/AIHE-T_S1_T3_Main_blank.csv,AIHE_Canon_V1.0/ch/12/core/AIHE-D05/supp/AIHE-T/data/AIHE-T_S1_T3_Main_blank.csv
digital-resource-companion/chapters/12/core/AIHE-D05/supp/AIHE-T/data/AIHE-T_S1_T3_Main_worked_example.csv,AIHE_Canon_V1.0/ch/12/core/AIHE-D05/supp/AIHE-T/data/AIHE-T_S1_T3_Main_example.csv
digital-resource-companion/chapters/12/core/AIHE-D05/supp/AIHE-T/docx/AIHE-T_template.docx,AIHE_Canon_V1.0/ch/12/core/AIHE-D05/supp/AIHE-T/docx/AIHE-T_template.docx
digital-resource-companion/chapters/12/core/AIHE-D05/supp/AIHE-T/docx/AIHE-T_worked_example.docx,AIHE_Canon_V1.0/ch/12/core/AIHE-D05/supp/AIHE-T/docx/AIHE-T_example.docx
digital-resource-companion/chapters/12/core/AIHE-D05/supp/AIHE-T/flow/PROCESS_FLOW.md,AIHE_Canon_V1.0/ch/12/core/AIHE-D05/supp/AIHE-T/flow/PROCESS_FLOW.md
digital-resource-companion/chapters/12/core/AIHE-D05/supp/AIHE-T/flow/flowchart.mmd,AIHE_Canon_V1.0/ch/12/core/AIHE-D05/supp/AIHE-T/flow/flowchart.mmd
digital-resource-companion/chapters/12/core/AIHE-D05/supp/AIHE-T/flow/flowchart.png,AIHE_Canon_V1.0/ch/12/core/AIHE-D05/supp/AIHE-T/flow/flowchart.png
digital-resource-companion/chapters/12/core/AIHE-D05/supp/AIHE-T/flow/flowchart.svg,AIHE_Canon_V1.0/ch/12/core/AIHE-D05/supp/AIHE-T/flow/flowchart.svg
digital-resource-companion/chapters/12/core/AIHE-D05/supp/AIHE-T/flow/steps.csv,AIHE_Canon_V1.0/ch/12/core/AIHE-D05/supp/AIHE-T/flow/steps.csv
digital-resource-companion/chapters/12/core/AIHE-D05/supp/AIHE-T/flow/steps.json,AIHE_Canon_V1.0/ch/12/core/AIHE-D05/supp/AIHE-T/flow/steps.json
digital-resource-companion/chapters/12/core/AIHE-D05/supp/AIHE-T/metadata.json,AIHE_Canon_V1.0/ch/12/core/AIHE-D05/supp/AIHE-T/metadata.json
digital-resource-companion/chapters/12/core/AIHE-D05/supp/AIHE-T/xlsx/AIHE-T_workbook.xlsx,AIHE_Canon_V1.0/ch/12/core/AIHE-D05/supp/AIHE-T/xlsx/AIHE-T_workbook.xlsx
digital-resource-companion/chapters/12/flow/DECISION_GATES.md,AIHE_Canon_V1.0/ch/12/flow/DECISION_GATES.md
digital-resource-companion/chapters/12/flow/PROCESS_FLOW.md,AIHE_Canon_V1.0/ch/12/flow/PROCESS_FLOW.md
digital-resource-companion/chapters/12/flow/flowchart.mmd,AIHE_Canon_V1.0/ch/12/flow/flowchart.mmd
digital-resource-companion/chapters/12/flow/flowchart.png,AIHE_Canon_V1.0/ch/12/flow/flowchart.png
digital-resource-companion/chapters/12/flow/flowchart.svg,AIHE_Canon_V1.0/ch/12/flow/flowchart.svg
digital-resource-companion/chapters/12/flow/metadata.json,AIHE_Canon_V1.0/ch/12/flow/metadata.json
digital-resource-companion/chapters/12/flow/steps.csv,AIHE_Canon_V1.0/ch/12/flow/steps.csv
digital-resource-companion/chapters/12/flow/steps.json,AIHE_Canon_V1.0/ch/12/flow/steps.json
digital-resource-companion/chapters/12/guides/AIHE-RG01/README.md,AIHE_Canon_V1.0/ch/12/guides/AIHE-RG01/README.md
digital-resource-companion/chapters/12/guides/AIHE-RG01/data/AIHE-RG01_framework_status_and_selection_guide.csv,AIHE_Canon_V1.0/ch/12/guides/AIHE-RG01/data/AIHE-RG01_framework_status_and_selection_guide.csv
digital-resource-companion/chapters/12/guides/AIHE-RG01/data/AIHE-RG01_framework_status_and_selection_guide.md,AIHE_Canon_V1.0/ch/12/guides/AIHE-RG01/data/AIHE-RG01_framework_status_and_selection_guide.md
digital-resource-companion/chapters/12/guides/AIHE-RG01/edit/docx/AIHE-RG01_guide_and_template.docx,AIHE_Canon_V1.0/ch/12/guides/AIHE-RG01/edit/docx/AIHE-RG01_guide_and_template.docx
digital-resource-companion/chapters/12/guides/AIHE-RG01/edit/xlsx/AIHE-RG01_register.xlsx,AIHE_Canon_V1.0/ch/12/guides/AIHE-RG01/edit/xlsx/AIHE-RG01_register.xlsx
digital-resource-companion/chapters/12/guides/AIHE-RG01/flow/PROCESS_FLOW.md,AIHE_Canon_V1.0/ch/12/guides/AIHE-RG01/flow/PROCESS_FLOW.md
digital-resource-companion/chapters/12/guides/AIHE-RG01/flow/steps.csv,AIHE_Canon_V1.0/ch/12/guides/AIHE-RG01/flow/steps.csv
digital-resource-companion/chapters/12/guides/AIHE-RG01/flow/steps.json,AIHE_Canon_V1.0/ch/12/guides/AIHE-RG01/flow/steps.json
digital-resource-companion/chapters/12/guides/AIHE-RG01/metadata.json,AIHE_Canon_V1.0/ch/12/guides/AIHE-RG01/metadata.json
digital-resource-companion/chapters/12/python_analytics/AIHE-PY09_temporal_validation_and_drift_monitoring/README.md,AIHE_Canon_V1.0/ch/12/py/PY09_drift/README.md
digital-resource-companion/chapters/12/python_analytics/AIHE-PY09_temporal_validation_and_drift_monitoring/data/README.md,AIHE_Canon_V1.0/ch/12/py/PY09_drift/data/README.md
digital-resource-companion/chapters/12/python_analytics/AIHE-PY09_temporal_validation_and_drift_monitoring/data/xlsx/09_temporal_validation_and_drift_sample.xlsx,AIHE_Canon_V1.0/ch/12/py/PY09_drift/data/xlsx/09_temporal_validation_and_drift_sample.xlsx
digital-resource-companion/chapters/12/python_analytics/AIHE-PY09_temporal_validation_and_drift_monitoring/data/xlsx/09_temporal_validation_and_drift_template.xlsx,AIHE_Canon_V1.0/ch/12/py/PY09_drift/data/xlsx/09_temporal_validation_and_drift_template.xlsx
digital-resource-companion/chapters/12/python_analytics/AIHE-PY09_temporal_validation_and_drift_monitoring/environment/environment.yml,AIHE_Canon_V1.0/ch/12/py/PY09_drift/environment/environment.yml
digital-resource-companion/chapters/12/python_analytics/AIHE-PY09_temporal_validation_and_drift_monitoring/environment/requirements.txt,AIHE_Canon_V1.0/ch/12/py/PY09_drift/environment/requirements.txt
digital-resource-companion/chapters/12/python_analytics/AIHE-PY09_temporal_validation_and_drift_monitoring/metadata.json,AIHE_Canon_V1.0/ch/12/py/PY09_drift/metadata.json
digital-resource-companion/chapters/12/python_analytics/AIHE-PY09_temporal_validation_and_drift_monitoring/notebook/09_temporal_validation_and_drift.ipynb,AIHE_Canon_V1.0/ch/12/py/PY09_drift/notebook/09_temporal_validation_and_drift.ipynb
digital-resource-companion/chapters/12/python_analytics/AIHE-PY09_temporal_validation_and_drift_monitoring/notebook/COLAB_INSTRUCTIONS.md,AIHE_Canon_V1.0/ch/12/py/PY09_drift/notebook/COLAB_INSTRUCTIONS.md
digital-resource-companion/chapters/12/python_analytics/AIHE-PY09_temporal_validation_and_drift_monitoring/notebook/README.md,AIHE_Canon_V1.0/ch/12/py/PY09_drift/notebook/README.md
digital-resource-companion/chapters/12/python_analytics/AIHE-PY09_temporal_validation_and_drift_monitoring/outputs/example/drift_monitoring.png,AIHE_Canon_V1.0/ch/12/py/PY09_drift/outputs/example/drift_monitoring.png
digital-resource-companion/chapters/12/python_analytics/AIHE-PY09_temporal_validation_and_drift_monitoring/outputs/example/summary.json,AIHE_Canon_V1.0/ch/12/py/PY09_drift/outputs/example/summary.json
digital-resource-companion/chapters/12/python_analytics/AIHE-PY09_temporal_validation_and_drift_monitoring/outputs/example/temporal_performance.png,AIHE_Canon_V1.0/ch/12/py/PY09_drift/outputs/example/temporal_performance.png
digital-resource-companion/chapters/12/python_analytics/AIHE-PY09_temporal_validation_and_drift_monitoring/outputs/example/temporal_validation_metrics.csv,AIHE_Canon_V1.0/ch/12/py/PY09_drift/outputs/example/temporal_validation_metrics.csv
digital-resource-companion/chapters/12/python_analytics/AIHE-PY09_temporal_validation_and_drift_monitoring/outputs/generated/.gitkeep,AIHE_Canon_V1.0/ch/12/py/PY09_drift/outputs/generated/.gitkeep
digital-resource-companion/chapters/12/python_analytics/AIHE-PY09_temporal_validation_and_drift_monitoring/python/09_temporal_validation_and_drift.py,AIHE_Canon_V1.0/ch/12/py/PY09_drift/python/09_temporal_validation_and_drift.py
digital-resource-companion/chapters/12/python_analytics/AIHE-PY09_temporal_validation_and_drift_monitoring/run_python.bat,AIHE_Canon_V1.0/ch/12/py/PY09_drift/run_python.bat
digital-resource-companion/chapters/12/python_analytics/AIHE-PY09_temporal_validation_and_drift_monitoring/run_python.sh,AIHE_Canon_V1.0/ch/12/py/PY09_drift/run_python.sh
digital-resource-companion/chapters/12/python_analytics/AIHE-PY09_temporal_validation_and_drift_monitoring/src/aihe_analytics/__init__.py,AIHE_Canon_V1.0/ch/12/py/PY09_drift/src/aihe_analytics/__init__.py
digital-resource-companion/chapters/12/python_analytics/AIHE-PY09_temporal_validation_and_drift_monitoring/src/aihe_analytics/io.py,AIHE_Canon_V1.0/ch/12/py/PY09_drift/src/aihe_analytics/io.py
digital-resource-companion/chapters/12/python_analytics/AIHE-PY09_temporal_validation_and_drift_monitoring/src/aihe_analytics/metrics.py,AIHE_Canon_V1.0/ch/12/py/PY09_drift/src/aihe_analytics/metrics.py
digital-resource-companion/chapters/12/python_analytics/AIHE-PY09_temporal_validation_and_drift_monitoring/src/aihe_analytics/module_09_temporal_validation_and_drift.py,AIHE_Canon_V1.0/ch/12/py/PY09_drift/src/aihe_analytics/module_09_temporal_validation_and_drift.py
digital-resource-companion/chapters/12/python_analytics/AIHE-PY09_temporal_validation_and_drift_monitoring/src/aihe_analytics/plotting.py,AIHE_Canon_V1.0/ch/12/py/PY09_drift/src/aihe_analytics/plotting.py
digital-resource-companion/chapters/12/python_analytics/AIHE-PY27_algorithmovigilance_lifecycle_cadence_drift_and_incident_monitoring/README.md,AIHE_Canon_V1.0/ch/12/py/PY27_monitoring/README.md
digital-resource-companion/chapters/12/python_analytics/AIHE-PY27_algorithmovigilance_lifecycle_cadence_drift_and_incident_monitoring/data/README.md,AIHE_Canon_V1.0/ch/12/py/PY27_monitoring/data/README.md
digital-resource-companion/chapters/12/python_analytics/AIHE-PY27_algorithmovigilance_lifecycle_cadence_drift_and_incident_monitoring/data/xlsx/27_algorithmovigilance_monitoring_sample.xlsx,AIHE_Canon_V1.0/ch/12/py/PY27_monitoring/data/xlsx/27_algorithmovigilance_monitoring_sample.xlsx
digital-resource-companion/chapters/12/python_analytics/AIHE-PY27_algorithmovigilance_lifecycle_cadence_drift_and_incident_monitoring/data/xlsx/27_algorithmovigilance_monitoring_template.xlsx,AIHE_Canon_V1.0/ch/12/py/PY27_monitoring/data/xlsx/27_algorithmovigilance_monitoring_template.xlsx
digital-resource-companion/chapters/12/python_analytics/AIHE-PY27_algorithmovigilance_lifecycle_cadence_drift_and_incident_monitoring/environment/environment.yml,AIHE_Canon_V1.0/ch/12/py/PY27_monitoring/environment/environment.yml
digital-resource-companion/chapters/12/python_analytics/AIHE-PY27_algorithmovigilance_lifecycle_cadence_drift_and_incident_monitoring/environment/requirements.txt,AIHE_Canon_V1.0/ch/12/py/PY27_monitoring/environment/requirements.txt
digital-resource-companion/chapters/12/python_analytics/AIHE-PY27_algorithmovigilance_lifecycle_cadence_drift_and_incident_monitoring/metadata.json,AIHE_Canon_V1.0/ch/12/py/PY27_monitoring/metadata.json
digital-resource-companion/chapters/12/python_analytics/AIHE-PY27_algorithmovigilance_lifecycle_cadence_drift_and_incident_monitoring/notebook/27_algorithmovigilance_monitoring.ipynb,AIHE_Canon_V1.0/ch/12/py/PY27_monitoring/notebook/27_algorithmovigilance_monitoring.ipynb
digital-resource-companion/chapters/12/python_analytics/AIHE-PY27_algorithmovigilance_lifecycle_cadence_drift_and_incident_monitoring/notebook/COLAB_INSTRUCTIONS.md,AIHE_Canon_V1.0/ch/12/py/PY27_monitoring/notebook/COLAB_INSTRUCTIONS.md
digital-resource-companion/chapters/12/python_analytics/AIHE-PY27_algorithmovigilance_lifecycle_cadence_drift_and_incident_monitoring/notebook/README.md,AIHE_Canon_V1.0/ch/12/py/PY27_monitoring/notebook/README.md
digital-resource-companion/chapters/12/python_analytics/AIHE-PY27_algorithmovigilance_lifecycle_cadence_drift_and_incident_monitoring/outputs/example/governance_events.csv,AIHE_Canon_V1.0/ch/12/py/PY27_monitoring/outputs/example/governance_events.csv
digital-resource-companion/chapters/12/python_analytics/AIHE-PY27_algorithmovigilance_lifecycle_cadence_drift_and_incident_monitoring/outputs/example/indicator_AUC.png,AIHE_Canon_V1.0/ch/12/py/PY27_monitoring/outputs/example/indicator_AUC.png
digital-resource-companion/chapters/12/python_analytics/AIHE-PY27_algorithmovigilance_lifecycle_cadence_drift_and_incident_monitoring/outputs/example/indicator_Brier_score.png,AIHE_Canon_V1.0/ch/12/py/PY27_monitoring/outputs/example/indicator_Brier_score.png
digital-resource-companion/chapters/12/python_analytics/AIHE-PY27_algorithmovigilance_lifecycle_cadence_drift_and_incident_monitoring/outputs/example/indicator_Complaint_rate.png,AIHE_Canon_V1.0/ch/12/py/PY27_monitoring/outputs/example/indicator_Complaint_rate.png
digital-resource-companion/chapters/12/python_analytics/AIHE-PY27_algorithmovigilance_lifecycle_cadence_drift_and_incident_monitoring/outputs/example/indicator_Cost_per_use.png,AIHE_Canon_V1.0/ch/12/py/PY27_monitoring/outputs/example/indicator_Cost_per_use.png
digital-resource-companion/chapters/12/python_analytics/AIHE-PY27_algorithmovigilance_lifecycle_cadence_drift_and_incident_monitoring/outputs/example/indicator_False_alert_rate.png,AIHE_Canon_V1.0/ch/12/py/PY27_monitoring/outputs/example/indicator_False_alert_rate.png
digital-resource-companion/chapters/12/python_analytics/AIHE-PY27_algorithmovigilance_lifecycle_cadence_drift_and_incident_monitoring/outputs/example/indicator_Older-adult_sensitivity.png,AIHE_Canon_V1.0/ch/12/py/PY27_monitoring/outputs/example/indicator_Older-adult_sensitivity.png
digital-resource-companion/chapters/12/python_analytics/AIHE-PY27_algorithmovigilance_lifecycle_cadence_drift_and_incident_monitoring/outputs/example/latest_indicator_status.csv,AIHE_Canon_V1.0/ch/12/py/PY27_monitoring/outputs/example/latest_indicator_status.csv
digital-resource-companion/chapters/12/python_analytics/AIHE-PY27_algorithmovigilance_lifecycle_cadence_drift_and_incident_monitoring/outputs/example/monitoring_status.csv,AIHE_Canon_V1.0/ch/12/py/PY27_monitoring/outputs/example/monitoring_status.csv
digital-resource-companion/chapters/12/python_analytics/AIHE-PY27_algorithmovigilance_lifecycle_cadence_drift_and_incident_monitoring/outputs/example/summary.json,AIHE_Canon_V1.0/ch/12/py/PY27_monitoring/outputs/example/summary.json
digital-resource-companion/chapters/12/python_analytics/AIHE-PY27_algorithmovigilance_lifecycle_cadence_drift_and_incident_monitoring/outputs/generated/.gitkeep,AIHE_Canon_V1.0/ch/12/py/PY27_monitoring/outputs/generated/.gitkeep
digital-resource-companion/chapters/12/python_analytics/AIHE-PY27_algorithmovigilance_lifecycle_cadence_drift_and_incident_monitoring/python/27_algorithmovigilance_monitoring.py,AIHE_Canon_V1.0/ch/12/py/PY27_monitoring/python/27_algorithmovigilance_monitoring.py
digital-resource-companion/chapters/12/python_analytics/AIHE-PY27_algorithmovigilance_lifecycle_cadence_drift_and_incident_monitoring/run_python.bat,AIHE_Canon_V1.0/ch/12/py/PY27_monitoring/run_python.bat
digital-resource-companion/chapters/12/python_analytics/AIHE-PY27_algorithmovigilance_lifecycle_cadence_drift_and_incident_monitoring/run_python.sh,AIHE_Canon_V1.0/ch/12/py/PY27_monitoring/run_python.sh
digital-resource-companion/chapters/12/python_analytics/AIHE-PY27_algorithmovigilance_lifecycle_cadence_drift_and_incident_monitoring/src/aihe_analytics/__init__.py,AIHE_Canon_V1.0/ch/12/py/PY27_monitoring/src/aihe_analytics/__init__.py
digital-resource-companion/chapters/12/python_analytics/AIHE-PY27_algorithmovigilance_lifecycle_cadence_drift_and_incident_monitoring/src/aihe_analytics/io.py,AIHE_Canon_V1.0/ch/12/py/PY27_monitoring/src/aihe_analytics/io.py
digital-resource-companion/chapters/12/python_analytics/AIHE-PY27_algorithmovigilance_lifecycle_cadence_drift_and_incident_monitoring/src/aihe_analytics/module_27_algorithmovigilance_monitoring.py,AIHE_Canon_V1.0/ch/12/py/PY27_monitoring/src/aihe_analytics/module_27_algorithmovigilance_monitoring.py
digital-resource-companion/chapters/12/python_analytics/AIHE-PY27_algorithmovigilance_lifecycle_cadence_drift_and_incident_monitoring/src/aihe_analytics/plotting.py,AIHE_Canon_V1.0/ch/12/py/PY27_monitoring/src/aihe_analytics/plotting.py
digital-resource-companion/chapters/12/python_analytics/AIHE-PY29_ai_hed_completeness_and_institutional_decision_quality_audit/README.md,AIHE_Canon_V1.0/ch/12/py/PY29_decision_audit/README.md
digital-resource-companion/chapters/12/python_analytics/AIHE-PY29_ai_hed_completeness_and_institutional_decision_quality_audit/README_V1.0.md,AIHE_Canon_V1.0/ch/12/py/PY29_decision_audit/README_V1.0.md
digital-resource-companion/chapters/12/python_analytics/AIHE-PY29_ai_hed_completeness_and_institutional_decision_quality_audit/data/README.md,AIHE_Canon_V1.0/ch/12/py/PY29_decision_audit/data/README.md
digital-resource-companion/chapters/12/python_analytics/AIHE-PY29_ai_hed_completeness_and_institutional_decision_quality_audit/data/xlsx/29_integrated_decision_dossier_sample.xlsx,AIHE_Canon_V1.0/ch/12/py/PY29_decision_audit/data/xlsx/29_integrated_decision_dossier_sample.xlsx
digital-resource-companion/chapters/12/python_analytics/AIHE-PY29_ai_hed_completeness_and_institutional_decision_quality_audit/data/xlsx/29_integrated_decision_dossier_template.xlsx,AIHE_Canon_V1.0/ch/12/py/PY29_decision_audit/data/xlsx/29_integrated_decision_dossier_template.xlsx
digital-resource-companion/chapters/12/python_analytics/AIHE-PY29_ai_hed_completeness_and_institutional_decision_quality_audit/environment/environment.yml,AIHE_Canon_V1.0/ch/12/py/PY29_decision_audit/environment/environment.yml
digital-resource-companion/chapters/12/python_analytics/AIHE-PY29_ai_hed_completeness_and_institutional_decision_quality_audit/environment/requirements.txt,AIHE_Canon_V1.0/ch/12/py/PY29_decision_audit/environment/requirements.txt
digital-resource-companion/chapters/12/python_analytics/AIHE-PY29_ai_hed_completeness_and_institutional_decision_quality_audit/metadata.json,AIHE_Canon_V1.0/ch/12/py/PY29_decision_audit/metadata.json
digital-resource-companion/chapters/12/python_analytics/AIHE-PY29_ai_hed_completeness_and_institutional_decision_quality_audit/notebook/29_integrated_decision_dossier.ipynb,AIHE_Canon_V1.0/ch/12/py/PY29_decision_audit/notebook/29_integrated_decision_dossier.ipynb
digital-resource-companion/chapters/12/python_analytics/AIHE-PY29_ai_hed_completeness_and_institutional_decision_quality_audit/notebook/COLAB_INSTRUCTIONS.md,AIHE_Canon_V1.0/ch/12/py/PY29_decision_audit/notebook/COLAB_INSTRUCTIONS.md
digital-resource-companion/chapters/12/python_analytics/AIHE-PY29_ai_hed_completeness_and_institutional_decision_quality_audit/notebook/README.md,AIHE_Canon_V1.0/ch/12/py/PY29_decision_audit/notebook/README.md
digital-resource-companion/chapters/12/python_analytics/AIHE-PY29_ai_hed_completeness_and_institutional_decision_quality_audit/outputs/example/dossier_completeness.png,AIHE_Canon_V1.0/ch/12/py/PY29_decision_audit/outputs/example/dossier_completeness.png
digital-resource-companion/chapters/12/python_analytics/AIHE-PY29_ai_hed_completeness_and_institutional_decision_quality_audit/outputs/example/dossier_item_audit.csv,AIHE_Canon_V1.0/ch/12/py/PY29_decision_audit/outputs/example/dossier_item_audit.csv
digital-resource-companion/chapters/12/python_analytics/AIHE-PY29_ai_hed_completeness_and_institutional_decision_quality_audit/outputs/example/dossier_section_summary.csv,AIHE_Canon_V1.0/ch/12/py/PY29_decision_audit/outputs/example/dossier_section_summary.csv
digital-resource-companion/chapters/12/python_analytics/AIHE-PY29_ai_hed_completeness_and_institutional_decision_quality_audit/outputs/example/summary.json,AIHE_Canon_V1.0/ch/12/py/PY29_decision_audit/outputs/example/summary.json
digital-resource-companion/chapters/12/python_analytics/AIHE-PY29_ai_hed_completeness_and_institutional_decision_quality_audit/outputs/example/unresolved_items.csv,AIHE_Canon_V1.0/ch/12/py/PY29_decision_audit/outputs/example/unresolved_items.csv
digital-resource-companion/chapters/12/python_analytics/AIHE-PY29_ai_hed_completeness_and_institutional_decision_quality_audit/outputs/generated/.gitkeep,AIHE_Canon_V1.0/ch/12/py/PY29_decision_audit/outputs/generated/.gitkeep
digital-resource-companion/chapters/12/python_analytics/AIHE-PY29_ai_hed_completeness_and_institutional_decision_quality_audit/python/29_ai_hed_decision_provenance_and_lifecycle_trigger_audit_V1_0.py,AIHE_Canon_V1.0/ch/12/py/PY29_decision_audit/python/29_ai_hed_decision_provenance_and_lifecycle_trigger_audit_V1_0.py
digital-resource-companion/chapters/12/python_analytics/AIHE-PY29_ai_hed_completeness_and_institutional_decision_quality_audit/python/29_integrated_decision_dossier.py,AIHE_Canon_V1.0/ch/12/py/PY29_decision_audit/python/29_integrated_decision_dossier.py
digital-resource-companion/chapters/12/python_analytics/AIHE-PY29_ai_hed_completeness_and_institutional_decision_quality_audit/run_python.bat,AIHE_Canon_V1.0/ch/12/py/PY29_decision_audit/run_python.bat
digital-resource-companion/chapters/12/python_analytics/AIHE-PY29_ai_hed_completeness_and_institutional_decision_quality_audit/run_python.sh,AIHE_Canon_V1.0/ch/12/py/PY29_decision_audit/run_python.sh
digital-resource-companion/chapters/12/python_analytics/AIHE-PY29_ai_hed_completeness_and_institutional_decision_quality_audit/src/aihe_analytics/__init__.py,AIHE_Canon_V1.0/ch/12/py/PY29_decision_audit/src/aihe_analytics/__init__.py
digital-resource-companion/chapters/12/python_analytics/AIHE-PY29_ai_hed_completeness_and_institutional_decision_quality_audit/src/aihe_analytics/io.py,AIHE_Canon_V1.0/ch/12/py/PY29_decision_audit/src/aihe_analytics/io.py
digital-resource-companion/chapters/12/python_analytics/AIHE-PY29_ai_hed_completeness_and_institutional_decision_quality_audit/src/aihe_analytics/module_29_integrated_decision_dossier.py,AIHE_Canon_V1.0/ch/12/py/PY29_decision_audit/src/aihe_analytics/module_29_integrated_decision_dossier.py
digital-resource-companion/chapters/12/python_analytics/AIHE-PY29_ai_hed_completeness_and_institutional_decision_quality_audit/src/aihe_analytics/plotting.py,AIHE_Canon_V1.0/ch/12/py/PY29_decision_audit/src/aihe_analytics/plotting.py
digital-resource-companion/chapters/12/python_analytics/AIHE-PY40_lifecycle_decision_state_and_trigger_review/README.md,AIHE_Canon_V1.0/ch/12/py/PY40_decision_state/README.md
digital-resource-companion/chapters/12/python_analytics/AIHE-PY40_lifecycle_decision_state_and_trigger_review/data/40_synthetic_triggers.csv,AIHE_Canon_V1.0/ch/12/py/PY40_decision_state/data/40_synthetic_triggers.csv
digital-resource-companion/chapters/12/python_analytics/AIHE-PY40_lifecycle_decision_state_and_trigger_review/notebook/40_lifecycle_decision_state_and_trigger_review.ipynb,AIHE_Canon_V1.0/ch/12/py/PY40_decision_state/notebook/40_lifecycle_decision_state_and_trigger_review.ipynb
digital-resource-companion/chapters/12/python_analytics/AIHE-PY40_lifecycle_decision_state_and_trigger_review/python/40_lifecycle_decision_state_and_trigger_review.py,AIHE_Canon_V1.0/ch/12/py/PY40_decision_state/python/40_lifecycle_decision_state_and_trigger_review.py
digital-resource-companion/chapters/13/README.md,AIHE_Canon_V1.0/ch/13/README.md
digital-resource-companion/chapters/13/core/AIHE-E01/README.md,AIHE_Canon_V1.0/ch/13/core/AIHE-E01/README.md
digital-resource-companion/chapters/13/core/AIHE-E01/data/AIHE-E01.schema.json,AIHE_Canon_V1.0/ch/13/core/AIHE-E01/data/AIHE-E01.schema.json
digital-resource-companion/chapters/13/core/AIHE-E01/data/AIHE-E01_blank.csv,AIHE_Canon_V1.0/ch/13/core/AIHE-E01/data/AIHE-E01_blank.csv
digital-resource-companion/chapters/13/core/AIHE-E01/data/AIHE-E01_blank.json,AIHE_Canon_V1.0/ch/13/core/AIHE-E01/data/AIHE-E01_blank.json
digital-resource-companion/chapters/13/core/AIHE-E01/data/AIHE-E01_worked_example.csv,AIHE_Canon_V1.0/ch/13/core/AIHE-E01/data/AIHE-E01_example.csv
digital-resource-companion/chapters/13/core/AIHE-E01/data/AIHE-E01_worked_example.json,AIHE_Canon_V1.0/ch/13/core/AIHE-E01/data/AIHE-E01_example.json
digital-resource-companion/chapters/13/core/AIHE-E01/edit/docx/AIHE-E01_template_and_worked_example.docx,AIHE_Canon_V1.0/ch/13/core/AIHE-E01/edit/docx/AIHE-E01_template_example.docx
digital-resource-companion/chapters/13/core/AIHE-E01/edit/docx/AIHE-E01_template_and_worked_example_V1.0.docx,AIHE_Canon_V1.0/ch/13/core/AIHE-E01/edit/docx/AIHE-E01_template_example_V1.0.docx
digital-resource-companion/chapters/13/core/AIHE-E01/edit/xlsx/AIHE-E01_workbook.xlsx,AIHE_Canon_V1.0/ch/13/core/AIHE-E01/edit/xlsx/AIHE-E01_workbook.xlsx
digital-resource-companion/chapters/13/core/AIHE-E01/edit/xlsx/AIHE-E01_workbook_V1.0.xlsx,AIHE_Canon_V1.0/ch/13/core/AIHE-E01/edit/xlsx/AIHE-E01_workbook_V1.0.xlsx
digital-resource-companion/chapters/13/core/AIHE-E01/flow/PROCESS_FLOW.md,AIHE_Canon_V1.0/ch/13/core/AIHE-E01/flow/PROCESS_FLOW.md
digital-resource-companion/chapters/13/core/AIHE-E01/flow/flowchart.mmd,AIHE_Canon_V1.0/ch/13/core/AIHE-E01/flow/flowchart.mmd
digital-resource-companion/chapters/13/core/AIHE-E01/flow/flowchart.png,AIHE_Canon_V1.0/ch/13/core/AIHE-E01/flow/flowchart.png
digital-resource-companion/chapters/13/core/AIHE-E01/flow/flowchart.svg,AIHE_Canon_V1.0/ch/13/core/AIHE-E01/flow/flowchart.svg
digital-resource-companion/chapters/13/core/AIHE-E01/flow/steps.csv,AIHE_Canon_V1.0/ch/13/core/AIHE-E01/flow/steps.csv
digital-resource-companion/chapters/13/core/AIHE-E01/flow/steps.json,AIHE_Canon_V1.0/ch/13/core/AIHE-E01/flow/steps.json
digital-resource-companion/chapters/13/core/AIHE-E01/metadata.json,AIHE_Canon_V1.0/ch/13/core/AIHE-E01/metadata.json
digital-resource-companion/chapters/13/core/AIHE-E01/supp/AIHE-CE1/README.md,AIHE_Canon_V1.0/ch/13/core/AIHE-E01/supp/AIHE-CE1/README.md
digital-resource-companion/chapters/13/core/AIHE-E01/supp/AIHE-CE1/data/AIHE-CE1_blank.csv,AIHE_Canon_V1.0/ch/13/core/AIHE-E01/supp/AIHE-CE1/data/AIHE-CE1_blank.csv
digital-resource-companion/chapters/13/core/AIHE-E01/supp/AIHE-CE1/docx/AIHE-CE1_Circular_Economy_and_Sustainable_AI_Assessment.docx,AIHE_Canon_V1.0/ch/13/core/AIHE-E01/supp/AIHE-CE1/docx/AIHE-CE1_Circular_Economy_and_Sustainable_AI_Assessment.docx
digital-resource-companion/chapters/13/core/AIHE-E01/supp/AIHE-CE1/flow/PROCESS_FLOW.md,AIHE_Canon_V1.0/ch/13/core/AIHE-E01/supp/AIHE-CE1/flow/PROCESS_FLOW.md
digital-resource-companion/chapters/13/core/AIHE-E01/supp/AIHE-CE1/flow/flowchart.mmd,AIHE_Canon_V1.0/ch/13/core/AIHE-E01/supp/AIHE-CE1/flow/flowchart.mmd
digital-resource-companion/chapters/13/core/AIHE-E01/supp/AIHE-CE1/flow/flowchart.png,AIHE_Canon_V1.0/ch/13/core/AIHE-E01/supp/AIHE-CE1/flow/flowchart.png
digital-resource-companion/chapters/13/core/AIHE-E01/supp/AIHE-CE1/flow/flowchart.svg,AIHE_Canon_V1.0/ch/13/core/AIHE-E01/supp/AIHE-CE1/flow/flowchart.svg
digital-resource-companion/chapters/13/core/AIHE-E01/supp/AIHE-CE1/flow/steps.csv,AIHE_Canon_V1.0/ch/13/core/AIHE-E01/supp/AIHE-CE1/flow/steps.csv
digital-resource-companion/chapters/13/core/AIHE-E01/supp/AIHE-CE1/flow/steps.json,AIHE_Canon_V1.0/ch/13/core/AIHE-E01/supp/AIHE-CE1/flow/steps.json
digital-resource-companion/chapters/13/core/AIHE-E01/supp/AIHE-CE1/metadata.json,AIHE_Canon_V1.0/ch/13/core/AIHE-E01/supp/AIHE-CE1/metadata.json
digital-resource-companion/chapters/13/core/AIHE-E01/supp/AIHE-CE1/xlsx/AIHE-CE1_Circular_Economy_and_Sustainable_AI_Assessment.xlsx,AIHE_Canon_V1.0/ch/13/core/AIHE-E01/supp/AIHE-CE1/xlsx/AIHE-CE1_Circular_Economy_and_Sustainable_AI_Assessment.xlsx
digital-resource-companion/chapters/13/flow/DECISION_GATES.md,AIHE_Canon_V1.0/ch/13/flow/DECISION_GATES.md
digital-resource-companion/chapters/13/flow/PROCESS_FLOW.md,AIHE_Canon_V1.0/ch/13/flow/PROCESS_FLOW.md
digital-resource-companion/chapters/13/flow/flowchart.mmd,AIHE_Canon_V1.0/ch/13/flow/flowchart.mmd
digital-resource-companion/chapters/13/flow/flowchart.png,AIHE_Canon_V1.0/ch/13/flow/flowchart.png
digital-resource-companion/chapters/13/flow/flowchart.svg,AIHE_Canon_V1.0/ch/13/flow/flowchart.svg
digital-resource-companion/chapters/13/flow/metadata.json,AIHE_Canon_V1.0/ch/13/flow/metadata.json
digital-resource-companion/chapters/13/flow/steps.csv,AIHE_Canon_V1.0/ch/13/flow/steps.csv
digital-resource-companion/chapters/13/flow/steps.json,AIHE_Canon_V1.0/ch/13/flow/steps.json
digital-resource-companion/chapters/13/python_analytics/AIHE-PY36_environmental_material_flow_and_lifecycle_resource_accounting/README.md,AIHE_Canon_V1.0/ch/13/py/PY36_circular_flow/README.md
digital-resource-companion/chapters/13/python_analytics/AIHE-PY36_environmental_material_flow_and_lifecycle_resource_accounting/README_V1.0.md,AIHE_Canon_V1.0/ch/13/py/PY36_circular_flow/README_V1.0.md
digital-resource-companion/chapters/13/python_analytics/AIHE-PY36_environmental_material_flow_and_lifecycle_resource_accounting/data/README.md,AIHE_Canon_V1.0/ch/13/py/PY36_circular_flow/data/README.md
digital-resource-companion/chapters/13/python_analytics/AIHE-PY36_environmental_material_flow_and_lifecycle_resource_accounting/data/xlsx/36_circular_economy_material_carbon_cost_sample.xlsx,AIHE_Canon_V1.0/ch/13/py/PY36_circular_flow/data/xlsx/36_circular_economy_material_carbon_cost_sample.xlsx
digital-resource-companion/chapters/13/python_analytics/AIHE-PY36_environmental_material_flow_and_lifecycle_resource_accounting/data/xlsx/36_circular_economy_material_carbon_cost_template.xlsx,AIHE_Canon_V1.0/ch/13/py/PY36_circular_flow/data/xlsx/36_circular_economy_material_carbon_cost_template.xlsx
digital-resource-companion/chapters/13/python_analytics/AIHE-PY36_environmental_material_flow_and_lifecycle_resource_accounting/environment/environment.yml,AIHE_Canon_V1.0/ch/13/py/PY36_circular_flow/environment/environment.yml
digital-resource-companion/chapters/13/python_analytics/AIHE-PY36_environmental_material_flow_and_lifecycle_resource_accounting/environment/requirements.txt,AIHE_Canon_V1.0/ch/13/py/PY36_circular_flow/environment/requirements.txt
digital-resource-companion/chapters/13/python_analytics/AIHE-PY36_environmental_material_flow_and_lifecycle_resource_accounting/metadata.json,AIHE_Canon_V1.0/ch/13/py/PY36_circular_flow/metadata.json
digital-resource-companion/chapters/13/python_analytics/AIHE-PY36_environmental_material_flow_and_lifecycle_resource_accounting/notebook/36_circular_economy_material_carbon_cost.ipynb,AIHE_Canon_V1.0/ch/13/py/PY36_circular_flow/notebook/36_circular_economy_material_carbon_cost.ipynb
digital-resource-companion/chapters/13/python_analytics/AIHE-PY36_environmental_material_flow_and_lifecycle_resource_accounting/notebook/COLAB_INSTRUCTIONS.md,AIHE_Canon_V1.0/ch/13/py/PY36_circular_flow/notebook/COLAB_INSTRUCTIONS.md
digital-resource-companion/chapters/13/python_analytics/AIHE-PY36_environmental_material_flow_and_lifecycle_resource_accounting/notebook/README.md,AIHE_Canon_V1.0/ch/13/py/PY36_circular_flow/notebook/README.md
digital-resource-companion/chapters/13/python_analytics/AIHE-PY36_environmental_material_flow_and_lifecycle_resource_accounting/outputs/example/asset_results.csv,AIHE_Canon_V1.0/ch/13/py/PY36_circular_flow/outputs/example/asset_results.csv
digital-resource-companion/chapters/13/python_analytics/AIHE-PY36_environmental_material_flow_and_lifecycle_resource_accounting/outputs/example/category_summary.csv,AIHE_Canon_V1.0/ch/13/py/PY36_circular_flow/outputs/example/category_summary.csv
digital-resource-companion/chapters/13/python_analytics/AIHE-PY36_environmental_material_flow_and_lifecycle_resource_accounting/outputs/example/circularity_carbon_comparison.png,AIHE_Canon_V1.0/ch/13/py/PY36_circular_flow/outputs/example/circularity_carbon_comparison.png
digital-resource-companion/chapters/13/python_analytics/AIHE-PY36_environmental_material_flow_and_lifecycle_resource_accounting/outputs/example/lifecycle_cost_by_category.png,AIHE_Canon_V1.0/ch/13/py/PY36_circular_flow/outputs/example/lifecycle_cost_by_category.png
digital-resource-companion/chapters/13/python_analytics/AIHE-PY36_environmental_material_flow_and_lifecycle_resource_accounting/outputs/example/summary.csv,AIHE_Canon_V1.0/ch/13/py/PY36_circular_flow/outputs/example/summary.csv
digital-resource-companion/chapters/13/python_analytics/AIHE-PY36_environmental_material_flow_and_lifecycle_resource_accounting/outputs/example/summary.json,AIHE_Canon_V1.0/ch/13/py/PY36_circular_flow/outputs/example/summary.json
digital-resource-companion/chapters/13/python_analytics/AIHE-PY36_environmental_material_flow_and_lifecycle_resource_accounting/outputs/generated/.gitkeep,AIHE_Canon_V1.0/ch/13/py/PY36_circular_flow/outputs/generated/.gitkeep
digital-resource-companion/chapters/13/python_analytics/AIHE-PY36_environmental_material_flow_and_lifecycle_resource_accounting/python/36_circular_economy_material_carbon_cost.py,AIHE_Canon_V1.0/ch/13/py/PY36_circular_flow/python/36_circular_economy_material_carbon_cost.py
digital-resource-companion/chapters/13/python_analytics/AIHE-PY36_environmental_material_flow_and_lifecycle_resource_accounting/python/36_circular_stock_flow_value_retention_and_leakage_accounting_V1_0.py,AIHE_Canon_V1.0/ch/13/py/PY36_circular_flow/python/36_circular_stock_flow_value_retention_and_leakage_accounting_V1_0.py
digital-resource-companion/chapters/13/python_analytics/AIHE-PY36_environmental_material_flow_and_lifecycle_resource_accounting/run_python.bat,AIHE_Canon_V1.0/ch/13/py/PY36_circular_flow/run_python.bat
digital-resource-companion/chapters/13/python_analytics/AIHE-PY36_environmental_material_flow_and_lifecycle_resource_accounting/run_python.sh,AIHE_Canon_V1.0/ch/13/py/PY36_circular_flow/run_python.sh
digital-resource-companion/chapters/13/python_analytics/AIHE-PY36_environmental_material_flow_and_lifecycle_resource_accounting/src/aihe_analytics/__init__.py,AIHE_Canon_V1.0/ch/13/py/PY36_circular_flow/src/aihe_analytics/__init__.py
digital-resource-companion/chapters/13/python_analytics/AIHE-PY36_environmental_material_flow_and_lifecycle_resource_accounting/src/aihe_analytics/io.py,AIHE_Canon_V1.0/ch/13/py/PY36_circular_flow/src/aihe_analytics/io.py
digital-resource-companion/chapters/13/python_analytics/AIHE-PY36_environmental_material_flow_and_lifecycle_resource_accounting/src/aihe_analytics/module_36_circular_economy_material_carbon_cost.py,AIHE_Canon_V1.0/ch/13/py/PY36_circular_flow/src/aihe_analytics/module_36_circular_economy_material_carbon_cost.py
digital-resource-companion/chapters/13/python_analytics/AIHE-PY36_environmental_material_flow_and_lifecycle_resource_accounting/src/aihe_analytics/plotting.py,AIHE_Canon_V1.0/ch/13/py/PY36_circular_flow/src/aihe_analytics/plotting.py
digital-resource-companion/chapters/13/python_analytics/AIHE-PY39_annual_circularity_portfolio_review_and_trend_monitoring/README.md,AIHE_Canon_V1.0/ch/13/py/PY39_portfolio_review/README.md
digital-resource-companion/chapters/13/python_analytics/AIHE-PY39_annual_circularity_portfolio_review_and_trend_monitoring/README_V1.0.md,AIHE_Canon_V1.0/ch/13/py/PY39_portfolio_review/README_V1.0.md
digital-resource-companion/chapters/13/python_analytics/AIHE-PY39_annual_circularity_portfolio_review_and_trend_monitoring/data/README.md,AIHE_Canon_V1.0/ch/13/py/PY39_portfolio_review/data/README.md
digital-resource-companion/chapters/13/python_analytics/AIHE-PY39_annual_circularity_portfolio_review_and_trend_monitoring/data/xlsx/39_annual_circularity_portfolio_review_sample.xlsx,AIHE_Canon_V1.0/ch/13/py/PY39_portfolio_review/data/xlsx/39_annual_circularity_portfolio_review_sample.xlsx
digital-resource-companion/chapters/13/python_analytics/AIHE-PY39_annual_circularity_portfolio_review_and_trend_monitoring/data/xlsx/39_annual_circularity_portfolio_review_template.xlsx,AIHE_Canon_V1.0/ch/13/py/PY39_portfolio_review/data/xlsx/39_annual_circularity_portfolio_review_template.xlsx
digital-resource-companion/chapters/13/python_analytics/AIHE-PY39_annual_circularity_portfolio_review_and_trend_monitoring/environment/environment.yml,AIHE_Canon_V1.0/ch/13/py/PY39_portfolio_review/environment/environment.yml
digital-resource-companion/chapters/13/python_analytics/AIHE-PY39_annual_circularity_portfolio_review_and_trend_monitoring/environment/requirements.txt,AIHE_Canon_V1.0/ch/13/py/PY39_portfolio_review/environment/requirements.txt
digital-resource-companion/chapters/13/python_analytics/AIHE-PY39_annual_circularity_portfolio_review_and_trend_monitoring/metadata.json,AIHE_Canon_V1.0/ch/13/py/PY39_portfolio_review/metadata.json
digital-resource-companion/chapters/13/python_analytics/AIHE-PY39_annual_circularity_portfolio_review_and_trend_monitoring/notebook/39_annual_circularity_portfolio_review.ipynb,AIHE_Canon_V1.0/ch/13/py/PY39_portfolio_review/notebook/39_annual_circularity_portfolio_review.ipynb
digital-resource-companion/chapters/13/python_analytics/AIHE-PY39_annual_circularity_portfolio_review_and_trend_monitoring/notebook/COLAB_INSTRUCTIONS.md,AIHE_Canon_V1.0/ch/13/py/PY39_portfolio_review/notebook/COLAB_INSTRUCTIONS.md
digital-resource-companion/chapters/13/python_analytics/AIHE-PY39_annual_circularity_portfolio_review_and_trend_monitoring/notebook/README.md,AIHE_Canon_V1.0/ch/13/py/PY39_portfolio_review/notebook/README.md
digital-resource-companion/chapters/13/python_analytics/AIHE-PY39_annual_circularity_portfolio_review_and_trend_monitoring/outputs/example/annual_portfolio_summary.csv,AIHE_Canon_V1.0/ch/13/py/PY39_portfolio_review/outputs/example/annual_portfolio_summary.csv
digital-resource-companion/chapters/13/python_analytics/AIHE-PY39_annual_circularity_portfolio_review_and_trend_monitoring/outputs/example/circular_activity_trends.png,AIHE_Canon_V1.0/ch/13/py/PY39_portfolio_review/outputs/example/circular_activity_trends.png
digital-resource-companion/chapters/13/python_analytics/AIHE-PY39_annual_circularity_portfolio_review_and_trend_monitoring/outputs/example/environmental_intensity_trends.png,AIHE_Canon_V1.0/ch/13/py/PY39_portfolio_review/outputs/example/environmental_intensity_trends.png
digital-resource-companion/chapters/13/python_analytics/AIHE-PY39_annual_circularity_portfolio_review_and_trend_monitoring/outputs/example/summary.csv,AIHE_Canon_V1.0/ch/13/py/PY39_portfolio_review/outputs/example/summary.csv
digital-resource-companion/chapters/13/python_analytics/AIHE-PY39_annual_circularity_portfolio_review_and_trend_monitoring/outputs/example/summary.json,AIHE_Canon_V1.0/ch/13/py/PY39_portfolio_review/outputs/example/summary.json
digital-resource-companion/chapters/13/python_analytics/AIHE-PY39_annual_circularity_portfolio_review_and_trend_monitoring/outputs/generated/.gitkeep,AIHE_Canon_V1.0/ch/13/py/PY39_portfolio_review/outputs/generated/.gitkeep
digital-resource-companion/chapters/13/python_analytics/AIHE-PY39_annual_circularity_portfolio_review_and_trend_monitoring/python/39_annual_circularity_portfolio_review.py,AIHE_Canon_V1.0/ch/13/py/PY39_portfolio_review/python/39_annual_circularity_portfolio_review.py
digital-resource-companion/chapters/13/python_analytics/AIHE-PY39_annual_circularity_portfolio_review_and_trend_monitoring/python/39_rebound_induced_demand_and_spatial_intertemporal_burden_transfer_analysis_V1_0.py,AIHE_Canon_V1.0/ch/13/py/PY39_portfolio_review/python/39_rebound_induced_deman_abe92baf.py
digital-resource-companion/chapters/13/python_analytics/AIHE-PY39_annual_circularity_portfolio_review_and_trend_monitoring/run_python.bat,AIHE_Canon_V1.0/ch/13/py/PY39_portfolio_review/run_python.bat
digital-resource-companion/chapters/13/python_analytics/AIHE-PY39_annual_circularity_portfolio_review_and_trend_monitoring/run_python.sh,AIHE_Canon_V1.0/ch/13/py/PY39_portfolio_review/run_python.sh
digital-resource-companion/chapters/13/python_analytics/AIHE-PY39_annual_circularity_portfolio_review_and_trend_monitoring/src/aihe_analytics/__init__.py,AIHE_Canon_V1.0/ch/13/py/PY39_portfolio_review/src/aihe_analytics/__init__.py
digital-resource-companion/chapters/13/python_analytics/AIHE-PY39_annual_circularity_portfolio_review_and_trend_monitoring/src/aihe_analytics/io.py,AIHE_Canon_V1.0/ch/13/py/PY39_portfolio_review/src/aihe_analytics/io.py
digital-resource-companion/chapters/13/python_analytics/AIHE-PY39_annual_circularity_portfolio_review_and_trend_monitoring/src/aihe_analytics/module_39_annual_circularity_portfolio_review.py,AIHE_Canon_V1.0/ch/13/py/PY39_portfolio_review/src/aihe_analytics/module_39_annual_circularity_portfolio_review.py
digital-resource-companion/chapters/13/python_analytics/AIHE-PY39_annual_circularity_portfolio_review_and_trend_monitoring/src/aihe_analytics/plotting.py,AIHE_Canon_V1.0/ch/13/py/PY39_portfolio_review/src/aihe_analytics/plotting.py
digital-resource-companion/chapters/14/README.md,AIHE_Canon_V1.0/ch/14/README.md
digital-resource-companion/chapters/14/core/AIHE-E02/README.md,AIHE_Canon_V1.0/ch/14/core/AIHE-E02/README.md
digital-resource-companion/chapters/14/core/AIHE-E02/data/AIHE-E02.schema.json,AIHE_Canon_V1.0/ch/14/core/AIHE-E02/data/AIHE-E02.schema.json
digital-resource-companion/chapters/14/core/AIHE-E02/data/AIHE-E02_blank.csv,AIHE_Canon_V1.0/ch/14/core/AIHE-E02/data/AIHE-E02_blank.csv
digital-resource-companion/chapters/14/core/AIHE-E02/data/AIHE-E02_blank.json,AIHE_Canon_V1.0/ch/14/core/AIHE-E02/data/AIHE-E02_blank.json
digital-resource-companion/chapters/14/core/AIHE-E02/data/AIHE-E02_worked_example.csv,AIHE_Canon_V1.0/ch/14/core/AIHE-E02/data/AIHE-E02_example.csv
digital-resource-companion/chapters/14/core/AIHE-E02/data/AIHE-E02_worked_example.json,AIHE_Canon_V1.0/ch/14/core/AIHE-E02/data/AIHE-E02_example.json
digital-resource-companion/chapters/14/core/AIHE-E02/edit/docx/AIHE-E02_template_and_worked_example.docx,AIHE_Canon_V1.0/ch/14/core/AIHE-E02/edit/docx/AIHE-E02_template_example.docx
digital-resource-companion/chapters/14/core/AIHE-E02/edit/docx/AIHE-E02_template_and_worked_example_V1.0.docx,AIHE_Canon_V1.0/ch/14/core/AIHE-E02/edit/docx/AIHE-E02_template_example_V1.0.docx
digital-resource-companion/chapters/14/core/AIHE-E02/edit/xlsx/AIHE-E02_workbook.xlsx,AIHE_Canon_V1.0/ch/14/core/AIHE-E02/edit/xlsx/AIHE-E02_workbook.xlsx
digital-resource-companion/chapters/14/core/AIHE-E02/edit/xlsx/AIHE-E02_workbook_V1.0.xlsx,AIHE_Canon_V1.0/ch/14/core/AIHE-E02/edit/xlsx/AIHE-E02_workbook_V1.0.xlsx
digital-resource-companion/chapters/14/core/AIHE-E02/flow/PROCESS_FLOW.md,AIHE_Canon_V1.0/ch/14/core/AIHE-E02/flow/PROCESS_FLOW.md
digital-resource-companion/chapters/14/core/AIHE-E02/flow/flowchart.mmd,AIHE_Canon_V1.0/ch/14/core/AIHE-E02/flow/flowchart.mmd
digital-resource-companion/chapters/14/core/AIHE-E02/flow/flowchart.png,AIHE_Canon_V1.0/ch/14/core/AIHE-E02/flow/flowchart.png
digital-resource-companion/chapters/14/core/AIHE-E02/flow/flowchart.svg,AIHE_Canon_V1.0/ch/14/core/AIHE-E02/flow/flowchart.svg
digital-resource-companion/chapters/14/core/AIHE-E02/flow/steps.csv,AIHE_Canon_V1.0/ch/14/core/AIHE-E02/flow/steps.csv
digital-resource-companion/chapters/14/core/AIHE-E02/flow/steps.json,AIHE_Canon_V1.0/ch/14/core/AIHE-E02/flow/steps.json
digital-resource-companion/chapters/14/core/AIHE-E02/metadata.json,AIHE_Canon_V1.0/ch/14/core/AIHE-E02/metadata.json
digital-resource-companion/chapters/14/core/AIHE-E02/supp/AIHE-CE2/README.md,AIHE_Canon_V1.0/ch/14/core/AIHE-E02/supp/AIHE-CE2/README.md
digital-resource-companion/chapters/14/core/AIHE-E02/supp/AIHE-CE2/data/AIHE-CE2_blank.csv,AIHE_Canon_V1.0/ch/14/core/AIHE-E02/supp/AIHE-CE2/data/AIHE-CE2_blank.csv
digital-resource-companion/chapters/14/core/AIHE-E02/supp/AIHE-CE2/docx/AIHE-CE2_Circular_Procurement_and_Supplier_Scorecard.docx,AIHE_Canon_V1.0/ch/14/core/AIHE-E02/supp/AIHE-CE2/docx/AIHE-CE2_Circular_Procurement_and_Supplier_Scorecard.docx
digital-resource-companion/chapters/14/core/AIHE-E02/supp/AIHE-CE2/flow/PROCESS_FLOW.md,AIHE_Canon_V1.0/ch/14/core/AIHE-E02/supp/AIHE-CE2/flow/PROCESS_FLOW.md
digital-resource-companion/chapters/14/core/AIHE-E02/supp/AIHE-CE2/flow/flowchart.mmd,AIHE_Canon_V1.0/ch/14/core/AIHE-E02/supp/AIHE-CE2/flow/flowchart.mmd
digital-resource-companion/chapters/14/core/AIHE-E02/supp/AIHE-CE2/flow/flowchart.png,AIHE_Canon_V1.0/ch/14/core/AIHE-E02/supp/AIHE-CE2/flow/flowchart.png
digital-resource-companion/chapters/14/core/AIHE-E02/supp/AIHE-CE2/flow/flowchart.svg,AIHE_Canon_V1.0/ch/14/core/AIHE-E02/supp/AIHE-CE2/flow/flowchart.svg
digital-resource-companion/chapters/14/core/AIHE-E02/supp/AIHE-CE2/flow/steps.csv,AIHE_Canon_V1.0/ch/14/core/AIHE-E02/supp/AIHE-CE2/flow/steps.csv
digital-resource-companion/chapters/14/core/AIHE-E02/supp/AIHE-CE2/flow/steps.json,AIHE_Canon_V1.0/ch/14/core/AIHE-E02/supp/AIHE-CE2/flow/steps.json
digital-resource-companion/chapters/14/core/AIHE-E02/supp/AIHE-CE2/metadata.json,AIHE_Canon_V1.0/ch/14/core/AIHE-E02/supp/AIHE-CE2/metadata.json
digital-resource-companion/chapters/14/core/AIHE-E02/supp/AIHE-CE2/xlsx/AIHE-CE2_Circular_Procurement_and_Supplier_Scorecard.xlsx,AIHE_Canon_V1.0/ch/14/core/AIHE-E02/supp/AIHE-CE2/xlsx/AIHE-CE2_Circular_Procurement_and_Supplier_Scorecard.xlsx
digital-resource-companion/chapters/14/core/AIHE-E03/README.md,AIHE_Canon_V1.0/ch/14/core/AIHE-E03/README.md
digital-resource-companion/chapters/14/core/AIHE-E03/data/AIHE-E03.schema.json,AIHE_Canon_V1.0/ch/14/core/AIHE-E03/data/AIHE-E03.schema.json
digital-resource-companion/chapters/14/core/AIHE-E03/data/AIHE-E03_blank.csv,AIHE_Canon_V1.0/ch/14/core/AIHE-E03/data/AIHE-E03_blank.csv
digital-resource-companion/chapters/14/core/AIHE-E03/data/AIHE-E03_blank.json,AIHE_Canon_V1.0/ch/14/core/AIHE-E03/data/AIHE-E03_blank.json
digital-resource-companion/chapters/14/core/AIHE-E03/data/AIHE-E03_worked_example.csv,AIHE_Canon_V1.0/ch/14/core/AIHE-E03/data/AIHE-E03_example.csv
digital-resource-companion/chapters/14/core/AIHE-E03/data/AIHE-E03_worked_example.json,AIHE_Canon_V1.0/ch/14/core/AIHE-E03/data/AIHE-E03_example.json
digital-resource-companion/chapters/14/core/AIHE-E03/edit/docx/AIHE-E03_template_and_worked_example.docx,AIHE_Canon_V1.0/ch/14/core/AIHE-E03/edit/docx/AIHE-E03_template_example.docx
digital-resource-companion/chapters/14/core/AIHE-E03/edit/docx/AIHE-E03_template_and_worked_example_V1.0.docx,AIHE_Canon_V1.0/ch/14/core/AIHE-E03/edit/docx/AIHE-E03_template_example_V1.0.docx
digital-resource-companion/chapters/14/core/AIHE-E03/edit/xlsx/AIHE-E03_workbook.xlsx,AIHE_Canon_V1.0/ch/14/core/AIHE-E03/edit/xlsx/AIHE-E03_workbook.xlsx
digital-resource-companion/chapters/14/core/AIHE-E03/edit/xlsx/AIHE-E03_workbook_V1.0.xlsx,AIHE_Canon_V1.0/ch/14/core/AIHE-E03/edit/xlsx/AIHE-E03_workbook_V1.0.xlsx
digital-resource-companion/chapters/14/core/AIHE-E03/flow/PROCESS_FLOW.md,AIHE_Canon_V1.0/ch/14/core/AIHE-E03/flow/PROCESS_FLOW.md
digital-resource-companion/chapters/14/core/AIHE-E03/flow/flowchart.mmd,AIHE_Canon_V1.0/ch/14/core/AIHE-E03/flow/flowchart.mmd
digital-resource-companion/chapters/14/core/AIHE-E03/flow/flowchart.png,AIHE_Canon_V1.0/ch/14/core/AIHE-E03/flow/flowchart.png
digital-resource-companion/chapters/14/core/AIHE-E03/flow/flowchart.svg,AIHE_Canon_V1.0/ch/14/core/AIHE-E03/flow/flowchart.svg
digital-resource-companion/chapters/14/core/AIHE-E03/flow/steps.csv,AIHE_Canon_V1.0/ch/14/core/AIHE-E03/flow/steps.csv
digital-resource-companion/chapters/14/core/AIHE-E03/flow/steps.json,AIHE_Canon_V1.0/ch/14/core/AIHE-E03/flow/steps.json
digital-resource-companion/chapters/14/core/AIHE-E03/metadata.json,AIHE_Canon_V1.0/ch/14/core/AIHE-E03/metadata.json
digital-resource-companion/chapters/14/core/AIHE-E03/supp/AIHE-CE3/README.md,AIHE_Canon_V1.0/ch/14/core/AIHE-E03/supp/AIHE-CE3/README.md
digital-resource-companion/chapters/14/core/AIHE-E03/supp/AIHE-CE3/data/AIHE-CE3_blank.csv,AIHE_Canon_V1.0/ch/14/core/AIHE-E03/supp/AIHE-CE3/data/AIHE-CE3_blank.csv
digital-resource-companion/chapters/14/core/AIHE-E03/supp/AIHE-CE3/docx/AIHE-CE3_Circular_Asset_Life_Decision_Record.docx,AIHE_Canon_V1.0/ch/14/core/AIHE-E03/supp/AIHE-CE3/docx/AIHE-CE3_Circular_Asset_Life_Decision_Record.docx
digital-resource-companion/chapters/14/core/AIHE-E03/supp/AIHE-CE3/flow/PROCESS_FLOW.md,AIHE_Canon_V1.0/ch/14/core/AIHE-E03/supp/AIHE-CE3/flow/PROCESS_FLOW.md
digital-resource-companion/chapters/14/core/AIHE-E03/supp/AIHE-CE3/flow/flowchart.mmd,AIHE_Canon_V1.0/ch/14/core/AIHE-E03/supp/AIHE-CE3/flow/flowchart.mmd
digital-resource-companion/chapters/14/core/AIHE-E03/supp/AIHE-CE3/flow/flowchart.png,AIHE_Canon_V1.0/ch/14/core/AIHE-E03/supp/AIHE-CE3/flow/flowchart.png
digital-resource-companion/chapters/14/core/AIHE-E03/supp/AIHE-CE3/flow/flowchart.svg,AIHE_Canon_V1.0/ch/14/core/AIHE-E03/supp/AIHE-CE3/flow/flowchart.svg
digital-resource-companion/chapters/14/core/AIHE-E03/supp/AIHE-CE3/flow/steps.csv,AIHE_Canon_V1.0/ch/14/core/AIHE-E03/supp/AIHE-CE3/flow/steps.csv
digital-resource-companion/chapters/14/core/AIHE-E03/supp/AIHE-CE3/flow/steps.json,AIHE_Canon_V1.0/ch/14/core/AIHE-E03/supp/AIHE-CE3/flow/steps.json
digital-resource-companion/chapters/14/core/AIHE-E03/supp/AIHE-CE3/metadata.json,AIHE_Canon_V1.0/ch/14/core/AIHE-E03/supp/AIHE-CE3/metadata.json
digital-resource-companion/chapters/14/core/AIHE-E03/supp/AIHE-CE3/xlsx/AIHE-CE3_Circular_Asset_Life_Decision_Workbook.xlsx,AIHE_Canon_V1.0/ch/14/core/AIHE-E03/supp/AIHE-CE3/xlsx/AIHE-CE3_Circular_Asset_Life_Decision_Workbook.xlsx
digital-resource-companion/chapters/14/flow/DECISION_GATES.md,AIHE_Canon_V1.0/ch/14/flow/DECISION_GATES.md
digital-resource-companion/chapters/14/flow/PROCESS_FLOW.md,AIHE_Canon_V1.0/ch/14/flow/PROCESS_FLOW.md
digital-resource-companion/chapters/14/flow/flowchart.mmd,AIHE_Canon_V1.0/ch/14/flow/flowchart.mmd
digital-resource-companion/chapters/14/flow/flowchart.png,AIHE_Canon_V1.0/ch/14/flow/flowchart.png
digital-resource-companion/chapters/14/flow/flowchart.svg,AIHE_Canon_V1.0/ch/14/flow/flowchart.svg
digital-resource-companion/chapters/14/flow/metadata.json,AIHE_Canon_V1.0/ch/14/flow/metadata.json
digital-resource-companion/chapters/14/flow/steps.csv,AIHE_Canon_V1.0/ch/14/flow/steps.csv
digital-resource-companion/chapters/14/flow/steps.json,AIHE_Canon_V1.0/ch/14/flow/steps.json
digital-resource-companion/chapters/14/python_analytics/AIHE-PY37_circular_asset_life_option_analysis/README.md,AIHE_Canon_V1.0/ch/14/py/PY37_asset_life/README.md
digital-resource-companion/chapters/14/python_analytics/AIHE-PY37_circular_asset_life_option_analysis/README_V1.0.md,AIHE_Canon_V1.0/ch/14/py/PY37_asset_life/README_V1.0.md
digital-resource-companion/chapters/14/python_analytics/AIHE-PY37_circular_asset_life_option_analysis/data/README.md,AIHE_Canon_V1.0/ch/14/py/PY37_asset_life/data/README.md
digital-resource-companion/chapters/14/python_analytics/AIHE-PY37_circular_asset_life_option_analysis/data/xlsx/37_reuse_refurbish_replace_scenarios_sample.xlsx,AIHE_Canon_V1.0/ch/14/py/PY37_asset_life/data/xlsx/37_reuse_refurbish_replace_scenarios_sample.xlsx
digital-resource-companion/chapters/14/python_analytics/AIHE-PY37_circular_asset_life_option_analysis/data/xlsx/37_reuse_refurbish_replace_scenarios_template.xlsx,AIHE_Canon_V1.0/ch/14/py/PY37_asset_life/data/xlsx/37_reuse_refurbish_replace_scenarios_template.xlsx
digital-resource-companion/chapters/14/python_analytics/AIHE-PY37_circular_asset_life_option_analysis/environment/environment.yml,AIHE_Canon_V1.0/ch/14/py/PY37_asset_life/environment/environment.yml
digital-resource-companion/chapters/14/python_analytics/AIHE-PY37_circular_asset_life_option_analysis/environment/requirements.txt,AIHE_Canon_V1.0/ch/14/py/PY37_asset_life/environment/requirements.txt
digital-resource-companion/chapters/14/python_analytics/AIHE-PY37_circular_asset_life_option_analysis/metadata.json,AIHE_Canon_V1.0/ch/14/py/PY37_asset_life/metadata.json
digital-resource-companion/chapters/14/python_analytics/AIHE-PY37_circular_asset_life_option_analysis/notebook/37_reuse_refurbish_replace_scenarios.ipynb,AIHE_Canon_V1.0/ch/14/py/PY37_asset_life/notebook/37_reuse_refurbish_replace_scenarios.ipynb
digital-resource-companion/chapters/14/python_analytics/AIHE-PY37_circular_asset_life_option_analysis/notebook/COLAB_INSTRUCTIONS.md,AIHE_Canon_V1.0/ch/14/py/PY37_asset_life/notebook/COLAB_INSTRUCTIONS.md
digital-resource-companion/chapters/14/python_analytics/AIHE-PY37_circular_asset_life_option_analysis/notebook/README.md,AIHE_Canon_V1.0/ch/14/py/PY37_asset_life/notebook/README.md
digital-resource-companion/chapters/14/python_analytics/AIHE-PY37_circular_asset_life_option_analysis/outputs/example/cost_carbon_options.png,AIHE_Canon_V1.0/ch/14/py/PY37_asset_life/outputs/example/cost_carbon_options.png
digital-resource-companion/chapters/14/python_analytics/AIHE-PY37_circular_asset_life_option_analysis/outputs/example/option_ranking.csv,AIHE_Canon_V1.0/ch/14/py/PY37_asset_life/outputs/example/option_ranking.csv
digital-resource-companion/chapters/14/python_analytics/AIHE-PY37_circular_asset_life_option_analysis/outputs/example/summary.csv,AIHE_Canon_V1.0/ch/14/py/PY37_asset_life/outputs/example/summary.csv
digital-resource-companion/chapters/14/python_analytics/AIHE-PY37_circular_asset_life_option_analysis/outputs/example/summary.json,AIHE_Canon_V1.0/ch/14/py/PY37_asset_life/outputs/example/summary.json
digital-resource-companion/chapters/14/python_analytics/AIHE-PY37_circular_asset_life_option_analysis/outputs/example/weighted_option_scores.png,AIHE_Canon_V1.0/ch/14/py/PY37_asset_life/outputs/example/weighted_option_scores.png
digital-resource-companion/chapters/14/python_analytics/AIHE-PY37_circular_asset_life_option_analysis/outputs/generated/.gitkeep,AIHE_Canon_V1.0/ch/14/py/PY37_asset_life/outputs/generated/.gitkeep
digital-resource-companion/chapters/14/python_analytics/AIHE-PY37_circular_asset_life_option_analysis/python/37_reuse_refurbish_replace_scenarios.py,AIHE_Canon_V1.0/ch/14/py/PY37_asset_life/python/37_reuse_refurbish_replace_scenarios.py
digital-resource-companion/chapters/14/python_analytics/AIHE-PY37_circular_asset_life_option_analysis/python/37_supported_asset_life_eligibility_equivalent_annual_cost_and_residual_value_V1_0.py,AIHE_Canon_V1.0/ch/14/py/PY37_asset_life/python/37_supported_asset_life__asset.py
digital-resource-companion/chapters/14/python_analytics/AIHE-PY37_circular_asset_life_option_analysis/run_python.bat,AIHE_Canon_V1.0/ch/14/py/PY37_asset_life/run_python.bat
digital-resource-companion/chapters/14/python_analytics/AIHE-PY37_circular_asset_life_option_analysis/run_python.sh,AIHE_Canon_V1.0/ch/14/py/PY37_asset_life/run_python.sh
digital-resource-companion/chapters/14/python_analytics/AIHE-PY37_circular_asset_life_option_analysis/src/aihe_analytics/__init__.py,AIHE_Canon_V1.0/ch/14/py/PY37_asset_life/src/aihe_analytics/__init__.py
digital-resource-companion/chapters/14/python_analytics/AIHE-PY37_circular_asset_life_option_analysis/src/aihe_analytics/io.py,AIHE_Canon_V1.0/ch/14/py/PY37_asset_life/src/aihe_analytics/io.py
digital-resource-companion/chapters/14/python_analytics/AIHE-PY37_circular_asset_life_option_analysis/src/aihe_analytics/module_37_reuse_refurbish_replace_scenarios.py,AIHE_Canon_V1.0/ch/14/py/PY37_asset_life/src/aihe_analytics/module_37_reuse_refurbish_replace_scenarios.py
digital-resource-companion/chapters/14/python_analytics/AIHE-PY37_circular_asset_life_option_analysis/src/aihe_analytics/plotting.py,AIHE_Canon_V1.0/ch/14/py/PY37_asset_life/src/aihe_analytics/plotting.py
digital-resource-companion/chapters/15/README.md,AIHE_Canon_V1.0/ch/15/README.md
digital-resource-companion/chapters/15/core/AIHE-E04/README.md,AIHE_Canon_V1.0/ch/15/core/AIHE-E04/README.md
digital-resource-companion/chapters/15/core/AIHE-E04/data/AIHE-E04.schema.json,AIHE_Canon_V1.0/ch/15/core/AIHE-E04/data/AIHE-E04.schema.json
digital-resource-companion/chapters/15/core/AIHE-E04/data/AIHE-E04_blank.csv,AIHE_Canon_V1.0/ch/15/core/AIHE-E04/data/AIHE-E04_blank.csv
digital-resource-companion/chapters/15/core/AIHE-E04/data/AIHE-E04_blank.json,AIHE_Canon_V1.0/ch/15/core/AIHE-E04/data/AIHE-E04_blank.json
digital-resource-companion/chapters/15/core/AIHE-E04/data/AIHE-E04_worked_example.csv,AIHE_Canon_V1.0/ch/15/core/AIHE-E04/data/AIHE-E04_example.csv
digital-resource-companion/chapters/15/core/AIHE-E04/data/AIHE-E04_worked_example.json,AIHE_Canon_V1.0/ch/15/core/AIHE-E04/data/AIHE-E04_example.json
digital-resource-companion/chapters/15/core/AIHE-E04/edit/docx/AIHE-E04_template_and_worked_example.docx,AIHE_Canon_V1.0/ch/15/core/AIHE-E04/edit/docx/AIHE-E04_template_example.docx
digital-resource-companion/chapters/15/core/AIHE-E04/edit/docx/AIHE-E04_template_and_worked_example_V1.0.docx,AIHE_Canon_V1.0/ch/15/core/AIHE-E04/edit/docx/AIHE-E04_template_example_V1.0.docx
digital-resource-companion/chapters/15/core/AIHE-E04/edit/xlsx/AIHE-E04_workbook.xlsx,AIHE_Canon_V1.0/ch/15/core/AIHE-E04/edit/xlsx/AIHE-E04_workbook.xlsx
digital-resource-companion/chapters/15/core/AIHE-E04/edit/xlsx/AIHE-E04_workbook_V1.0.xlsx,AIHE_Canon_V1.0/ch/15/core/AIHE-E04/edit/xlsx/AIHE-E04_workbook_V1.0.xlsx
digital-resource-companion/chapters/15/core/AIHE-E04/flow/PROCESS_FLOW.md,AIHE_Canon_V1.0/ch/15/core/AIHE-E04/flow/PROCESS_FLOW.md
digital-resource-companion/chapters/15/core/AIHE-E04/flow/flowchart.mmd,AIHE_Canon_V1.0/ch/15/core/AIHE-E04/flow/flowchart.mmd
digital-resource-companion/chapters/15/core/AIHE-E04/flow/flowchart.png,AIHE_Canon_V1.0/ch/15/core/AIHE-E04/flow/flowchart.png
digital-resource-companion/chapters/15/core/AIHE-E04/flow/flowchart.svg,AIHE_Canon_V1.0/ch/15/core/AIHE-E04/flow/flowchart.svg
digital-resource-companion/chapters/15/core/AIHE-E04/flow/steps.csv,AIHE_Canon_V1.0/ch/15/core/AIHE-E04/flow/steps.csv
digital-resource-companion/chapters/15/core/AIHE-E04/flow/steps.json,AIHE_Canon_V1.0/ch/15/core/AIHE-E04/flow/steps.json
digital-resource-companion/chapters/15/core/AIHE-E04/metadata.json,AIHE_Canon_V1.0/ch/15/core/AIHE-E04/metadata.json
digital-resource-companion/chapters/15/core/AIHE-E04/supp/AIHE-CE6/README.md,AIHE_Canon_V1.0/ch/15/core/AIHE-E04/supp/AIHE-CE6/README.md
digital-resource-companion/chapters/15/core/AIHE-E04/supp/AIHE-CE6/data/AIHE-CE6_blank.csv,AIHE_Canon_V1.0/ch/15/core/AIHE-E04/supp/AIHE-CE6/data/AIHE-CE6_blank.csv
digital-resource-companion/chapters/15/core/AIHE-E04/supp/AIHE-CE6/docx/AIHE-CE6_Circularity_Adjusted_Evaluation_Record.docx,AIHE_Canon_V1.0/ch/15/core/AIHE-E04/supp/AIHE-CE6/docx/AIHE-CE6_Circularity_Adjusted_Evaluation_Record.docx
digital-resource-companion/chapters/15/core/AIHE-E04/supp/AIHE-CE6/flow/PROCESS_FLOW.md,AIHE_Canon_V1.0/ch/15/core/AIHE-E04/supp/AIHE-CE6/flow/PROCESS_FLOW.md
digital-resource-companion/chapters/15/core/AIHE-E04/supp/AIHE-CE6/flow/flowchart.mmd,AIHE_Canon_V1.0/ch/15/core/AIHE-E04/supp/AIHE-CE6/flow/flowchart.mmd
digital-resource-companion/chapters/15/core/AIHE-E04/supp/AIHE-CE6/flow/flowchart.png,AIHE_Canon_V1.0/ch/15/core/AIHE-E04/supp/AIHE-CE6/flow/flowchart.png
digital-resource-companion/chapters/15/core/AIHE-E04/supp/AIHE-CE6/flow/flowchart.svg,AIHE_Canon_V1.0/ch/15/core/AIHE-E04/supp/AIHE-CE6/flow/flowchart.svg
digital-resource-companion/chapters/15/core/AIHE-E04/supp/AIHE-CE6/flow/steps.csv,AIHE_Canon_V1.0/ch/15/core/AIHE-E04/supp/AIHE-CE6/flow/steps.csv
digital-resource-companion/chapters/15/core/AIHE-E04/supp/AIHE-CE6/flow/steps.json,AIHE_Canon_V1.0/ch/15/core/AIHE-E04/supp/AIHE-CE6/flow/steps.json
digital-resource-companion/chapters/15/core/AIHE-E04/supp/AIHE-CE6/metadata.json,AIHE_Canon_V1.0/ch/15/core/AIHE-E04/supp/AIHE-CE6/metadata.json
digital-resource-companion/chapters/15/core/AIHE-E04/supp/AIHE-CE6/xlsx/AIHE-CE6_Circularity_Adjusted_Evaluation_Workbook.xlsx,AIHE_Canon_V1.0/ch/15/core/AIHE-E04/supp/AIHE-CE6/xlsx/AIHE-CE6_Circularity_Adjusted_Evaluation_Workbook.xlsx
digital-resource-companion/chapters/15/core/AIHE-E05/README.md,AIHE_Canon_V1.0/ch/15/core/AIHE-E05/README.md
digital-resource-companion/chapters/15/core/AIHE-E05/data/AIHE-E05.schema.json,AIHE_Canon_V1.0/ch/15/core/AIHE-E05/data/AIHE-E05.schema.json
digital-resource-companion/chapters/15/core/AIHE-E05/data/AIHE-E05_blank.csv,AIHE_Canon_V1.0/ch/15/core/AIHE-E05/data/AIHE-E05_blank.csv
digital-resource-companion/chapters/15/core/AIHE-E05/data/AIHE-E05_blank.json,AIHE_Canon_V1.0/ch/15/core/AIHE-E05/data/AIHE-E05_blank.json
digital-resource-companion/chapters/15/core/AIHE-E05/data/AIHE-E05_worked_example.csv,AIHE_Canon_V1.0/ch/15/core/AIHE-E05/data/AIHE-E05_example.csv
digital-resource-companion/chapters/15/core/AIHE-E05/data/AIHE-E05_worked_example.json,AIHE_Canon_V1.0/ch/15/core/AIHE-E05/data/AIHE-E05_example.json
digital-resource-companion/chapters/15/core/AIHE-E05/edit/docx/AIHE-E05_template_and_worked_example.docx,AIHE_Canon_V1.0/ch/15/core/AIHE-E05/edit/docx/AIHE-E05_template_example.docx
digital-resource-companion/chapters/15/core/AIHE-E05/edit/docx/AIHE-E05_template_and_worked_example_V1.0.docx,AIHE_Canon_V1.0/ch/15/core/AIHE-E05/edit/docx/AIHE-E05_template_example_V1.0.docx
digital-resource-companion/chapters/15/core/AIHE-E05/edit/xlsx/AIHE-E05_workbook.xlsx,AIHE_Canon_V1.0/ch/15/core/AIHE-E05/edit/xlsx/AIHE-E05_workbook.xlsx
digital-resource-companion/chapters/15/core/AIHE-E05/edit/xlsx/AIHE-E05_workbook_V1.0.xlsx,AIHE_Canon_V1.0/ch/15/core/AIHE-E05/edit/xlsx/AIHE-E05_workbook_V1.0.xlsx
digital-resource-companion/chapters/15/core/AIHE-E05/flow/PROCESS_FLOW.md,AIHE_Canon_V1.0/ch/15/core/AIHE-E05/flow/PROCESS_FLOW.md
digital-resource-companion/chapters/15/core/AIHE-E05/flow/flowchart.mmd,AIHE_Canon_V1.0/ch/15/core/AIHE-E05/flow/flowchart.mmd
digital-resource-companion/chapters/15/core/AIHE-E05/flow/flowchart.png,AIHE_Canon_V1.0/ch/15/core/AIHE-E05/flow/flowchart.png
digital-resource-companion/chapters/15/core/AIHE-E05/flow/flowchart.svg,AIHE_Canon_V1.0/ch/15/core/AIHE-E05/flow/flowchart.svg
digital-resource-companion/chapters/15/core/AIHE-E05/flow/steps.csv,AIHE_Canon_V1.0/ch/15/core/AIHE-E05/flow/steps.csv
digital-resource-companion/chapters/15/core/AIHE-E05/flow/steps.json,AIHE_Canon_V1.0/ch/15/core/AIHE-E05/flow/steps.json
digital-resource-companion/chapters/15/core/AIHE-E05/metadata.json,AIHE_Canon_V1.0/ch/15/core/AIHE-E05/metadata.json
digital-resource-companion/chapters/15/core/AIHE-E05/supp/AIHE-CE4/README.md,AIHE_Canon_V1.0/ch/15/core/AIHE-E05/supp/AIHE-CE4/README.md
digital-resource-companion/chapters/15/core/AIHE-E05/supp/AIHE-CE4/data/AIHE-CE4_blank.csv,AIHE_Canon_V1.0/ch/15/core/AIHE-E05/supp/AIHE-CE4/data/AIHE-CE4_blank.csv
digital-resource-companion/chapters/15/core/AIHE-E05/supp/AIHE-CE4/docx/AIHE-CE4_Environmental_Footprint_and_Circularity_Monitoring_Plan.docx,AIHE_Canon_V1.0/ch/15/core/AIHE-E05/supp/AIHE-CE4/docx/AIHE-CE4_Environmental_Footprint_and_Circularity_Monitoring_Plan.docx
digital-resource-companion/chapters/15/core/AIHE-E05/supp/AIHE-CE4/flow/PROCESS_FLOW.md,AIHE_Canon_V1.0/ch/15/core/AIHE-E05/supp/AIHE-CE4/flow/PROCESS_FLOW.md
digital-resource-companion/chapters/15/core/AIHE-E05/supp/AIHE-CE4/flow/flowchart.mmd,AIHE_Canon_V1.0/ch/15/core/AIHE-E05/supp/AIHE-CE4/flow/flowchart.mmd
digital-resource-companion/chapters/15/core/AIHE-E05/supp/AIHE-CE4/flow/flowchart.png,AIHE_Canon_V1.0/ch/15/core/AIHE-E05/supp/AIHE-CE4/flow/flowchart.png
digital-resource-companion/chapters/15/core/AIHE-E05/supp/AIHE-CE4/flow/flowchart.svg,AIHE_Canon_V1.0/ch/15/core/AIHE-E05/supp/AIHE-CE4/flow/flowchart.svg
digital-resource-companion/chapters/15/core/AIHE-E05/supp/AIHE-CE4/flow/steps.csv,AIHE_Canon_V1.0/ch/15/core/AIHE-E05/supp/AIHE-CE4/flow/steps.csv
digital-resource-companion/chapters/15/core/AIHE-E05/supp/AIHE-CE4/flow/steps.json,AIHE_Canon_V1.0/ch/15/core/AIHE-E05/supp/AIHE-CE4/flow/steps.json
digital-resource-companion/chapters/15/core/AIHE-E05/supp/AIHE-CE4/metadata.json,AIHE_Canon_V1.0/ch/15/core/AIHE-E05/supp/AIHE-CE4/metadata.json
digital-resource-companion/chapters/15/core/AIHE-E05/supp/AIHE-CE4/xlsx/AIHE-CE4_Environmental_Footprint_and_Circularity_Dashboard.xlsx,AIHE_Canon_V1.0/ch/15/core/AIHE-E05/supp/AIHE-CE4/xlsx/AIHE-CE4_Environmental_Footprint_and_Circularity_Dashboard.xlsx
digital-resource-companion/chapters/15/core/AIHE-E05/supp/AIHE-CE5/README.md,AIHE_Canon_V1.0/ch/15/core/AIHE-E05/supp/AIHE-CE5/README.md
digital-resource-companion/chapters/15/core/AIHE-E05/supp/AIHE-CE5/data/AIHE-CE5_blank.csv,AIHE_Canon_V1.0/ch/15/core/AIHE-E05/supp/AIHE-CE5/data/AIHE-CE5_blank.csv
digital-resource-companion/chapters/15/core/AIHE-E05/supp/AIHE-CE5/docx/AIHE-CE5_Circular_Decommissioning_and_Asset_Disposition_Record.docx,AIHE_Canon_V1.0/ch/15/core/AIHE-E05/supp/AIHE-CE5/docx/AIHE-CE5_Circular_Decommissioning_and_Asset_Disposition_Record.docx
digital-resource-companion/chapters/15/core/AIHE-E05/supp/AIHE-CE5/flow/PROCESS_FLOW.md,AIHE_Canon_V1.0/ch/15/core/AIHE-E05/supp/AIHE-CE5/flow/PROCESS_FLOW.md
digital-resource-companion/chapters/15/core/AIHE-E05/supp/AIHE-CE5/flow/flowchart.mmd,AIHE_Canon_V1.0/ch/15/core/AIHE-E05/supp/AIHE-CE5/flow/flowchart.mmd
digital-resource-companion/chapters/15/core/AIHE-E05/supp/AIHE-CE5/flow/flowchart.png,AIHE_Canon_V1.0/ch/15/core/AIHE-E05/supp/AIHE-CE5/flow/flowchart.png
digital-resource-companion/chapters/15/core/AIHE-E05/supp/AIHE-CE5/flow/flowchart.svg,AIHE_Canon_V1.0/ch/15/core/AIHE-E05/supp/AIHE-CE5/flow/flowchart.svg
digital-resource-companion/chapters/15/core/AIHE-E05/supp/AIHE-CE5/flow/steps.csv,AIHE_Canon_V1.0/ch/15/core/AIHE-E05/supp/AIHE-CE5/flow/steps.csv
digital-resource-companion/chapters/15/core/AIHE-E05/supp/AIHE-CE5/flow/steps.json,AIHE_Canon_V1.0/ch/15/core/AIHE-E05/supp/AIHE-CE5/flow/steps.json
digital-resource-companion/chapters/15/core/AIHE-E05/supp/AIHE-CE5/metadata.json,AIHE_Canon_V1.0/ch/15/core/AIHE-E05/supp/AIHE-CE5/metadata.json
digital-resource-companion/chapters/15/core/AIHE-E05/supp/AIHE-CE5/xlsx/AIHE-CE5_Circular_Decommissioning_and_Asset_Disposition_Record.xlsx,AIHE_Canon_V1.0/ch/15/core/AIHE-E05/supp/AIHE-CE5/xlsx/AIHE-CE5_Circular_Decommissioning_and_Asset_Disposition_Record.xlsx
digital-resource-companion/chapters/15/core/AIHE-E05/supp/AIHE-CE7/README.md,AIHE_Canon_V1.0/ch/15/core/AIHE-E05/supp/AIHE-CE7/README.md
digital-resource-companion/chapters/15/core/AIHE-E05/supp/AIHE-CE7/data/AIHE-CE7_blank.csv,AIHE_Canon_V1.0/ch/15/core/AIHE-E05/supp/AIHE-CE7/data/AIHE-CE7_blank.csv
digital-resource-companion/chapters/15/core/AIHE-E05/supp/AIHE-CE7/docx/AIHE-CE7_Annual_Circularity_Review.docx,AIHE_Canon_V1.0/ch/15/core/AIHE-E05/supp/AIHE-CE7/docx/AIHE-CE7_Annual_Circularity_Review.docx
digital-resource-companion/chapters/15/core/AIHE-E05/supp/AIHE-CE7/flow/PROCESS_FLOW.md,AIHE_Canon_V1.0/ch/15/core/AIHE-E05/supp/AIHE-CE7/flow/PROCESS_FLOW.md
digital-resource-companion/chapters/15/core/AIHE-E05/supp/AIHE-CE7/flow/flowchart.mmd,AIHE_Canon_V1.0/ch/15/core/AIHE-E05/supp/AIHE-CE7/flow/flowchart.mmd
digital-resource-companion/chapters/15/core/AIHE-E05/supp/AIHE-CE7/flow/flowchart.png,AIHE_Canon_V1.0/ch/15/core/AIHE-E05/supp/AIHE-CE7/flow/flowchart.png
digital-resource-companion/chapters/15/core/AIHE-E05/supp/AIHE-CE7/flow/flowchart.svg,AIHE_Canon_V1.0/ch/15/core/AIHE-E05/supp/AIHE-CE7/flow/flowchart.svg
digital-resource-companion/chapters/15/core/AIHE-E05/supp/AIHE-CE7/flow/steps.csv,AIHE_Canon_V1.0/ch/15/core/AIHE-E05/supp/AIHE-CE7/flow/steps.csv
digital-resource-companion/chapters/15/core/AIHE-E05/supp/AIHE-CE7/flow/steps.json,AIHE_Canon_V1.0/ch/15/core/AIHE-E05/supp/AIHE-CE7/flow/steps.json
digital-resource-companion/chapters/15/core/AIHE-E05/supp/AIHE-CE7/metadata.json,AIHE_Canon_V1.0/ch/15/core/AIHE-E05/supp/AIHE-CE7/metadata.json
digital-resource-companion/chapters/15/core/AIHE-E05/supp/AIHE-CE7/xlsx/AIHE-CE7_Annual_Circularity_Review_Workbook.xlsx,AIHE_Canon_V1.0/ch/15/core/AIHE-E05/supp/AIHE-CE7/xlsx/AIHE-CE7_Annual_Circularity_Review_Workbook.xlsx
digital-resource-companion/chapters/15/flow/DECISION_GATES.md,AIHE_Canon_V1.0/ch/15/flow/DECISION_GATES.md
digital-resource-companion/chapters/15/flow/PROCESS_FLOW.md,AIHE_Canon_V1.0/ch/15/flow/PROCESS_FLOW.md
digital-resource-companion/chapters/15/flow/flowchart.mmd,AIHE_Canon_V1.0/ch/15/flow/flowchart.mmd
digital-resource-companion/chapters/15/flow/flowchart.png,AIHE_Canon_V1.0/ch/15/flow/flowchart.png
digital-resource-companion/chapters/15/flow/flowchart.svg,AIHE_Canon_V1.0/ch/15/flow/flowchart.svg
digital-resource-companion/chapters/15/flow/metadata.json,AIHE_Canon_V1.0/ch/15/flow/metadata.json
digital-resource-companion/chapters/15/flow/steps.csv,AIHE_Canon_V1.0/ch/15/flow/steps.csv
digital-resource-companion/chapters/15/flow/steps.json,AIHE_Canon_V1.0/ch/15/flow/steps.json
digital-resource-companion/chapters/15/python_analytics/AIHE-PY38_circularity_adjusted_economic_evaluation_and_sustainable_value/README.md,AIHE_Canon_V1.0/ch/15/py/PY38_circular_eval/README.md
digital-resource-companion/chapters/15/python_analytics/AIHE-PY38_circularity_adjusted_economic_evaluation_and_sustainable_value/README_V1.0.md,AIHE_Canon_V1.0/ch/15/py/PY38_circular_eval/README_V1.0.md
digital-resource-companion/chapters/15/python_analytics/AIHE-PY38_circularity_adjusted_economic_evaluation_and_sustainable_value/data/README.md,AIHE_Canon_V1.0/ch/15/py/PY38_circular_eval/data/README.md
digital-resource-companion/chapters/15/python_analytics/AIHE-PY38_circularity_adjusted_economic_evaluation_and_sustainable_value/data/xlsx/38_circularity_adjusted_economic_evaluation_sample.xlsx,AIHE_Canon_V1.0/ch/15/py/PY38_circular_eval/data/xlsx/38_circularity_adjusted_economic_evaluation_sample.xlsx
digital-resource-companion/chapters/15/python_analytics/AIHE-PY38_circularity_adjusted_economic_evaluation_and_sustainable_value/data/xlsx/38_circularity_adjusted_economic_evaluation_template.xlsx,AIHE_Canon_V1.0/ch/15/py/PY38_circular_eval/data/xlsx/38_circularity_adjusted_economic_evaluation_template.xlsx
digital-resource-companion/chapters/15/python_analytics/AIHE-PY38_circularity_adjusted_economic_evaluation_and_sustainable_value/environment/environment.yml,AIHE_Canon_V1.0/ch/15/py/PY38_circular_eval/environment/environment.yml
digital-resource-companion/chapters/15/python_analytics/AIHE-PY38_circularity_adjusted_economic_evaluation_and_sustainable_value/environment/requirements.txt,AIHE_Canon_V1.0/ch/15/py/PY38_circular_eval/environment/requirements.txt
digital-resource-companion/chapters/15/python_analytics/AIHE-PY38_circularity_adjusted_economic_evaluation_and_sustainable_value/metadata.json,AIHE_Canon_V1.0/ch/15/py/PY38_circular_eval/metadata.json
digital-resource-companion/chapters/15/python_analytics/AIHE-PY38_circularity_adjusted_economic_evaluation_and_sustainable_value/notebook/38_circularity_adjusted_economic_evaluation.ipynb,AIHE_Canon_V1.0/ch/15/py/PY38_circular_eval/notebook/38_circularity_adjusted_economic_evaluation.ipynb
digital-resource-companion/chapters/15/python_analytics/AIHE-PY38_circularity_adjusted_economic_evaluation_and_sustainable_value/notebook/COLAB_INSTRUCTIONS.md,AIHE_Canon_V1.0/ch/15/py/PY38_circular_eval/notebook/COLAB_INSTRUCTIONS.md
digital-resource-companion/chapters/15/python_analytics/AIHE-PY38_circularity_adjusted_economic_evaluation_and_sustainable_value/notebook/README.md,AIHE_Canon_V1.0/ch/15/py/PY38_circular_eval/notebook/README.md
digital-resource-companion/chapters/15/python_analytics/AIHE-PY38_circularity_adjusted_economic_evaluation_and_sustainable_value/outputs/example/circularity_adjusted_nmb.png,AIHE_Canon_V1.0/ch/15/py/PY38_circular_eval/outputs/example/circularity_adjusted_nmb.png
digital-resource-companion/chapters/15/python_analytics/AIHE-PY38_circularity_adjusted_economic_evaluation_and_sustainable_value/outputs/example/cost_carbon_tradeoff.png,AIHE_Canon_V1.0/ch/15/py/PY38_circular_eval/outputs/example/cost_carbon_tradeoff.png
digital-resource-companion/chapters/15/python_analytics/AIHE-PY38_circularity_adjusted_economic_evaluation_and_sustainable_value/outputs/example/option_results.csv,AIHE_Canon_V1.0/ch/15/py/PY38_circular_eval/outputs/example/option_results.csv
digital-resource-companion/chapters/15/python_analytics/AIHE-PY38_circularity_adjusted_economic_evaluation_and_sustainable_value/outputs/example/summary.csv,AIHE_Canon_V1.0/ch/15/py/PY38_circular_eval/outputs/example/summary.csv
digital-resource-companion/chapters/15/python_analytics/AIHE-PY38_circularity_adjusted_economic_evaluation_and_sustainable_value/outputs/example/summary.json,AIHE_Canon_V1.0/ch/15/py/PY38_circular_eval/outputs/example/summary.json
digital-resource-companion/chapters/15/python_analytics/AIHE-PY38_circularity_adjusted_economic_evaluation_and_sustainable_value/outputs/generated/.gitkeep,AIHE_Canon_V1.0/ch/15/py/PY38_circular_eval/outputs/generated/.gitkeep
digital-resource-companion/chapters/15/python_analytics/AIHE-PY38_circularity_adjusted_economic_evaluation_and_sustainable_value/python/38_circularity_adjusted_economic_evaluation.py,AIHE_Canon_V1.0/ch/15/py/PY38_circular_eval/python/38_circularity_adjusted_economic_evaluation.py
digital-resource-companion/chapters/15/python_analytics/AIHE-PY38_circularity_adjusted_economic_evaluation_and_sustainable_value/python/38_circularity_adjusted_evaluation_of_an_ai_assisted_remote_diagnostic_pathway_V1_0.py,AIHE_Canon_V1.0/ch/15/py/PY38_circular_eval/python/38_circularity_adjusted__circ_diag_eval.py
digital-resource-companion/chapters/15/python_analytics/AIHE-PY38_circularity_adjusted_economic_evaluation_and_sustainable_value/run_python.bat,AIHE_Canon_V1.0/ch/15/py/PY38_circular_eval/run_python.bat
digital-resource-companion/chapters/15/python_analytics/AIHE-PY38_circularity_adjusted_economic_evaluation_and_sustainable_value/run_python.sh,AIHE_Canon_V1.0/ch/15/py/PY38_circular_eval/run_python.sh
digital-resource-companion/chapters/15/python_analytics/AIHE-PY38_circularity_adjusted_economic_evaluation_and_sustainable_value/src/aihe_analytics/__init__.py,AIHE_Canon_V1.0/ch/15/py/PY38_circular_eval/src/aihe_analytics/__init__.py
digital-resource-companion/chapters/15/python_analytics/AIHE-PY38_circularity_adjusted_economic_evaluation_and_sustainable_value/src/aihe_analytics/io.py,AIHE_Canon_V1.0/ch/15/py/PY38_circular_eval/src/aihe_analytics/io.py
digital-resource-companion/chapters/15/python_analytics/AIHE-PY38_circularity_adjusted_economic_evaluation_and_sustainable_value/src/aihe_analytics/module_38_circularity_adjusted_economic_evaluation.py,AIHE_Canon_V1.0/ch/15/py/PY38_circular_eval/src/aihe_analytics/module_38_circularity_adjusted_economic_evaluation.py
digital-resource-companion/chapters/15/python_analytics/AIHE-PY38_circularity_adjusted_economic_evaluation_and_sustainable_value/src/aihe_analytics/plotting.py,AIHE_Canon_V1.0/ch/15/py/PY38_circular_eval/src/aihe_analytics/plotting.py
digital-resource-companion/chapters/README.md,AIHE_Canon_V1.0/ch/README.md
digital-resource-companion/docs/.nojekyll,AIHE_Canon_V1.0/docs/.nojekyll
digital-resource-companion/docs/README.md,AIHE_Canon_V1.0/docs/README.md
digital-resource-companion/docs/advanced.html,AIHE_Canon_V1.0/docs/advanced.html
digital-resource-companion/docs/assets/catalog.js,AIHE_Canon_V1.0/docs/assets/catalog.js
digital-resource-companion/docs/assets/current_book_figures/Figure_10_1.png,AIHE_Canon_V1.0/docs/assets/figures/Figure_10_1.png
digital-resource-companion/docs/assets/current_book_figures/Figure_10_2.png,AIHE_Canon_V1.0/docs/assets/figures/Figure_10_2.png
digital-resource-companion/docs/assets/current_book_figures/Figure_11_1.png,AIHE_Canon_V1.0/docs/assets/figures/Figure_11_1.png
digital-resource-companion/docs/assets/current_book_figures/Figure_11_2.png,AIHE_Canon_V1.0/docs/assets/figures/Figure_11_2.png
digital-resource-companion/docs/assets/current_book_figures/Figure_11_3.png,AIHE_Canon_V1.0/docs/assets/figures/Figure_11_3.png
digital-resource-companion/docs/assets/current_book_figures/Figure_12_1.png,AIHE_Canon_V1.0/docs/assets/figures/Figure_12_1.png
digital-resource-companion/docs/assets/current_book_figures/Figure_12_2.png,AIHE_Canon_V1.0/docs/assets/figures/Figure_12_2.png
digital-resource-companion/docs/assets/current_book_figures/Figure_12_3.png,AIHE_Canon_V1.0/docs/assets/figures/Figure_12_3.png
digital-resource-companion/docs/assets/current_book_figures/Figure_12_4.png,AIHE_Canon_V1.0/docs/assets/figures/Figure_12_4.png
digital-resource-companion/docs/assets/current_book_figures/Figure_12_5.png,AIHE_Canon_V1.0/docs/assets/figures/Figure_12_5.png
digital-resource-companion/docs/assets/current_book_figures/Figure_13_1.png,AIHE_Canon_V1.0/docs/assets/figures/Figure_13_1.png
digital-resource-companion/docs/assets/current_book_figures/Figure_15_1.png,AIHE_Canon_V1.0/docs/assets/figures/Figure_15_1.png
digital-resource-companion/docs/assets/current_book_figures/Figure_1_1.png,AIHE_Canon_V1.0/docs/assets/figures/Figure_1_1.png
digital-resource-companion/docs/assets/current_book_figures/Figure_1_2.png,AIHE_Canon_V1.0/docs/assets/figures/Figure_1_2.png
digital-resource-companion/docs/assets/current_book_figures/Figure_1_3.png,AIHE_Canon_V1.0/docs/assets/figures/Figure_1_3.png
digital-resource-companion/docs/assets/current_book_figures/Figure_2_1.jpg,AIHE_Canon_V1.0/docs/assets/figures/Figure_2_1.jpg
digital-resource-companion/docs/assets/current_book_figures/Figure_2_2.png,AIHE_Canon_V1.0/docs/assets/figures/Figure_2_2.png
digital-resource-companion/docs/assets/current_book_figures/Figure_3_1.png,AIHE_Canon_V1.0/docs/assets/figures/Figure_3_1.png
digital-resource-companion/docs/assets/current_book_figures/Figure_3_2.png,AIHE_Canon_V1.0/docs/assets/figures/Figure_3_2.png
digital-resource-companion/docs/assets/current_book_figures/Figure_4_1.png,AIHE_Canon_V1.0/docs/assets/figures/Figure_4_1.png
digital-resource-companion/docs/assets/current_book_figures/Figure_4_2.png,AIHE_Canon_V1.0/docs/assets/figures/Figure_4_2.png
digital-resource-companion/docs/assets/current_book_figures/Figure_5_1.png,AIHE_Canon_V1.0/docs/assets/figures/Figure_5_1.png
digital-resource-companion/docs/assets/current_book_figures/Figure_5_2.png,AIHE_Canon_V1.0/docs/assets/figures/Figure_5_2.png
digital-resource-companion/docs/assets/current_book_figures/Figure_6_1.png,AIHE_Canon_V1.0/docs/assets/figures/Figure_6_1.png
digital-resource-companion/docs/assets/current_book_figures/Figure_6_2.png,AIHE_Canon_V1.0/docs/assets/figures/Figure_6_2.png
digital-resource-companion/docs/assets/current_book_figures/Figure_7_1.png,AIHE_Canon_V1.0/docs/assets/figures/Figure_7_1.png
digital-resource-companion/docs/assets/current_book_figures/Figure_7_2.png,AIHE_Canon_V1.0/docs/assets/figures/Figure_7_2.png
digital-resource-companion/docs/assets/current_book_figures/Figure_7_3.png,AIHE_Canon_V1.0/docs/assets/figures/Figure_7_3.png
digital-resource-companion/docs/assets/current_book_figures/Figure_8_1.png,AIHE_Canon_V1.0/docs/assets/figures/Figure_8_1.png
digital-resource-companion/docs/assets/current_book_figures/Figure_8_2.png,AIHE_Canon_V1.0/docs/assets/figures/Figure_8_2.png
digital-resource-companion/docs/assets/current_book_figures/Figure_9_1.png,AIHE_Canon_V1.0/docs/assets/figures/Figure_9_1.png
digital-resource-companion/docs/assets/demo.js,AIHE_Canon_V1.0/docs/assets/demo.js
digital-resource-companion/docs/assets/ex05.js,AIHE_Canon_V1.0/docs/assets/ex05.js
digital-resource-companion/docs/assets/form.js,AIHE_Canon_V1.0/docs/assets/form.js
digital-resource-companion/docs/assets/forms-index.js,AIHE_Canon_V1.0/docs/assets/forms-index.js
digital-resource-companion/docs/assets/process-index.js,AIHE_Canon_V1.0/docs/assets/process-index.js
digital-resource-companion/docs/assets/python-browser.js,AIHE_Canon_V1.0/docs/assets/python-browser.js
digital-resource-companion/docs/assets/python-catalog.js,AIHE_Canon_V1.0/docs/assets/python-catalog.js
digital-resource-companion/docs/assets/resource-browser.js,AIHE_Canon_V1.0/docs/assets/resource-browser.js
digital-resource-companion/docs/assets/site.js,AIHE_Canon_V1.0/docs/assets/site.js
digital-resource-companion/docs/assets/styles.css,AIHE_Canon_V1.0/docs/assets/styles.css
digital-resource-companion/docs/bundles.html,AIHE_Canon_V1.0/docs/bundles.html
digital-resource-companion/docs/chapters.html,AIHE_Canon_V1.0/docs/chapters.html
digital-resource-companion/docs/chapters/01.html,AIHE_Canon_V1.0/docs/ch/01.html
digital-resource-companion/docs/chapters/02.html,AIHE_Canon_V1.0/docs/ch/02.html
digital-resource-companion/docs/chapters/03.html,AIHE_Canon_V1.0/docs/ch/03.html
digital-resource-companion/docs/chapters/04.html,AIHE_Canon_V1.0/docs/ch/04.html
digital-resource-companion/docs/chapters/05.html,AIHE_Canon_V1.0/docs/ch/05.html
digital-resource-companion/docs/chapters/06.html,AIHE_Canon_V1.0/docs/ch/06.html
digital-resource-companion/docs/chapters/07.html,AIHE_Canon_V1.0/docs/ch/07.html
digital-resource-companion/docs/chapters/08.html,AIHE_Canon_V1.0/docs/ch/08.html
digital-resource-companion/docs/chapters/09.html,AIHE_Canon_V1.0/docs/ch/09.html
digital-resource-companion/docs/chapters/10.html,AIHE_Canon_V1.0/docs/ch/10.html
digital-resource-companion/docs/chapters/11.html,AIHE_Canon_V1.0/docs/ch/11.html
digital-resource-companion/docs/chapters/12.html,AIHE_Canon_V1.0/docs/ch/12.html
digital-resource-companion/docs/chapters/13.html,AIHE_Canon_V1.0/docs/ch/13.html
digital-resource-companion/docs/chapters/14.html,AIHE_Canon_V1.0/docs/ch/14.html
digital-resource-companion/docs/chapters/15.html,AIHE_Canon_V1.0/docs/ch/15.html
digital-resource-companion/docs/decision-pathways.html,AIHE_Canon_V1.0/docs/decision-pathways.html
digital-resource-companion/docs/decision-stages.html,AIHE_Canon_V1.0/docs/decision-stages.html
digital-resource-companion/docs/demos/AIHE-CASE01/index.html,AIHE_Canon_V1.0/docs/demos/AIHE-CASE01/index.html
digital-resource-companion/docs/demos/AIHE-CASE02/index.html,AIHE_Canon_V1.0/docs/demos/AIHE-CASE02/index.html
digital-resource-companion/docs/demos/AIHE-CASE03/index.html,AIHE_Canon_V1.0/docs/demos/AIHE-CASE03/index.html
digital-resource-companion/docs/demos/AIHE-CASE03B/index.html,AIHE_Canon_V1.0/docs/demos/AIHE-CASE03B/index.html
digital-resource-companion/docs/demos/AIHE-CASE04/index.html,AIHE_Canon_V1.0/docs/demos/AIHE-CASE04/index.html
digital-resource-companion/docs/demos/AIHE-CASE05/index.html,AIHE_Canon_V1.0/docs/demos/AIHE-CASE05/index.html
digital-resource-companion/docs/demos/AIHE-CASE06/index.html,AIHE_Canon_V1.0/docs/demos/AIHE-CASE06/index.html
digital-resource-companion/docs/demos/AIHE-CASE06B/index.html,AIHE_Canon_V1.0/docs/demos/AIHE-CASE06B/index.html
digital-resource-companion/docs/demos/AIHE-CASE07/index.html,AIHE_Canon_V1.0/docs/demos/AIHE-CASE07/index.html
digital-resource-companion/docs/demos/AIHE-CASE08/index.html,AIHE_Canon_V1.0/docs/demos/AIHE-CASE08/index.html
digital-resource-companion/docs/demos/AIHE-CASE08B/index.html,AIHE_Canon_V1.0/docs/demos/AIHE-CASE08B/index.html
digital-resource-companion/docs/demos/AIHE-CASE09/index.html,AIHE_Canon_V1.0/docs/demos/AIHE-CASE09/index.html
digital-resource-companion/docs/demos/AIHE-CASE09B/index.html,AIHE_Canon_V1.0/docs/demos/AIHE-CASE09B/index.html
digital-resource-companion/docs/demos/AIHE-CASE10/index.html,AIHE_Canon_V1.0/docs/demos/AIHE-CASE10/index.html
digital-resource-companion/docs/demos/AIHE-CASE11/index.html,AIHE_Canon_V1.0/docs/demos/AIHE-CASE11/index.html
digital-resource-companion/docs/demos/AIHE-CASE12/index.html,AIHE_Canon_V1.0/docs/demos/AIHE-CASE12/index.html
digital-resource-companion/docs/demos/AIHE-CASE13/index.html,AIHE_Canon_V1.0/docs/demos/AIHE-CASE13/index.html
digital-resource-companion/docs/demos/AIHE-CASE13B/index.html,AIHE_Canon_V1.0/docs/demos/AIHE-CASE13B/index.html
digital-resource-companion/docs/demos/AIHE-CASE14/index.html,AIHE_Canon_V1.0/docs/demos/AIHE-CASE14/index.html
digital-resource-companion/docs/demos/AIHE-CASE15/index.html,AIHE_Canon_V1.0/docs/demos/AIHE-CASE15/index.html
digital-resource-companion/docs/demos/AIHE-EX05/index.html,AIHE_Canon_V1.0/docs/demos/AIHE-EX05/index.html
digital-resource-companion/docs/figures.html,AIHE_Canon_V1.0/docs/figures.html
digital-resource-companion/docs/forms/AIHE-A01/index.html,AIHE_Canon_V1.0/docs/forms/AIHE-A01/index.html
digital-resource-companion/docs/forms/AIHE-A02/index.html,AIHE_Canon_V1.0/docs/forms/AIHE-A02/index.html
digital-resource-companion/docs/forms/AIHE-A03/index.html,AIHE_Canon_V1.0/docs/forms/AIHE-A03/index.html
digital-resource-companion/docs/forms/AIHE-A04/index.html,AIHE_Canon_V1.0/docs/forms/AIHE-A04/index.html
digital-resource-companion/docs/forms/AIHE-B01/index.html,AIHE_Canon_V1.0/docs/forms/AIHE-B01/index.html
digital-resource-companion/docs/forms/AIHE-B02/index.html,AIHE_Canon_V1.0/docs/forms/AIHE-B02/index.html
digital-resource-companion/docs/forms/AIHE-B03/index.html,AIHE_Canon_V1.0/docs/forms/AIHE-B03/index.html
digital-resource-companion/docs/forms/AIHE-B04/index.html,AIHE_Canon_V1.0/docs/forms/AIHE-B04/index.html
digital-resource-companion/docs/forms/AIHE-B05/index.html,AIHE_Canon_V1.0/docs/forms/AIHE-B05/index.html
digital-resource-companion/docs/forms/AIHE-C01/index.html,AIHE_Canon_V1.0/docs/forms/AIHE-C01/index.html
digital-resource-companion/docs/forms/AIHE-C02/index.html,AIHE_Canon_V1.0/docs/forms/AIHE-C02/index.html
digital-resource-companion/docs/forms/AIHE-C03/index.html,AIHE_Canon_V1.0/docs/forms/AIHE-C03/index.html
digital-resource-companion/docs/forms/AIHE-C04/index.html,AIHE_Canon_V1.0/docs/forms/AIHE-C04/index.html
digital-resource-companion/docs/forms/AIHE-C05/index.html,AIHE_Canon_V1.0/docs/forms/AIHE-C05/index.html
digital-resource-companion/docs/forms/AIHE-D01/index.html,AIHE_Canon_V1.0/docs/forms/AIHE-D01/index.html
digital-resource-companion/docs/forms/AIHE-D02/index.html,AIHE_Canon_V1.0/docs/forms/AIHE-D02/index.html
digital-resource-companion/docs/forms/AIHE-D03/index.html,AIHE_Canon_V1.0/docs/forms/AIHE-D03/index.html
digital-resource-companion/docs/forms/AIHE-D04/index.html,AIHE_Canon_V1.0/docs/forms/AIHE-D04/index.html
digital-resource-companion/docs/forms/AIHE-D05/index.html,AIHE_Canon_V1.0/docs/forms/AIHE-D05/index.html
digital-resource-companion/docs/forms/AIHE-E01/index.html,AIHE_Canon_V1.0/docs/forms/AIHE-E01/index.html
digital-resource-companion/docs/forms/AIHE-E02/index.html,AIHE_Canon_V1.0/docs/forms/AIHE-E02/index.html
digital-resource-companion/docs/forms/AIHE-E03/index.html,AIHE_Canon_V1.0/docs/forms/AIHE-E03/index.html
digital-resource-companion/docs/forms/AIHE-E04/index.html,AIHE_Canon_V1.0/docs/forms/AIHE-E04/index.html
digital-resource-companion/docs/forms/AIHE-E05/index.html,AIHE_Canon_V1.0/docs/forms/AIHE-E05/index.html
digital-resource-companion/docs/forms/AIHE-RG01/index.html,AIHE_Canon_V1.0/docs/forms/AIHE-RG01/index.html
digital-resource-companion/docs/forms/AIHE-RG02/index.html,AIHE_Canon_V1.0/docs/forms/AIHE-RG02/index.html
digital-resource-companion/docs/forms/AIHE-RG03/index.html,AIHE_Canon_V1.0/docs/forms/AIHE-RG03/index.html
digital-resource-companion/docs/forms/AIHE-RG04/index.html,AIHE_Canon_V1.0/docs/forms/AIHE-RG04/index.html
digital-resource-companion/docs/forms/AIHE-RG05/index.html,AIHE_Canon_V1.0/docs/forms/AIHE-RG05/index.html
digital-resource-companion/docs/forms/AIHE-RG06/index.html,AIHE_Canon_V1.0/docs/forms/AIHE-RG06/index.html
digital-resource-companion/docs/forms/AIHE-RG07/index.html,AIHE_Canon_V1.0/docs/forms/AIHE-RG07/index.html
digital-resource-companion/docs/forms/index.html,AIHE_Canon_V1.0/docs/forms/index.html
digital-resource-companion/docs/index.html,AIHE_Canon_V1.0/docs/index.html
digital-resource-companion/docs/migration/AIHE_Book_Resource_Audit_Report.md,AIHE_Canon_V1.0/docs/migration/AIHE_Book_Resource_Audit_Report.md
digital-resource-companion/docs/migration/chapter_structure_crosswalk.csv,AIHE_Canon_V1.0/docs/migration/chapter_structure_crosswalk.csv
digital-resource-companion/docs/migration/figure_crosswalk.csv,AIHE_Canon_V1.0/docs/migration/figure_crosswalk.csv
digital-resource-companion/docs/migration/index.html,AIHE_Canon_V1.0/docs/migration/index.html
digital-resource-companion/docs/migration/table_crosswalk.csv,AIHE_Canon_V1.0/docs/migration/table_crosswalk.csv
digital-resource-companion/docs/process/assets/flows/AIHE-A.svg,AIHE_Canon_V1.0/docs/process/assets/flows/AIHE-A.svg
digital-resource-companion/docs/process/assets/flows/AIHE-A01.svg,AIHE_Canon_V1.0/docs/process/assets/flows/AIHE-A01.svg
digital-resource-companion/docs/process/assets/flows/AIHE-A02.svg,AIHE_Canon_V1.0/docs/process/assets/flows/AIHE-A02.svg
digital-resource-companion/docs/process/assets/flows/AIHE-A03.svg,AIHE_Canon_V1.0/docs/process/assets/flows/AIHE-A03.svg
digital-resource-companion/docs/process/assets/flows/AIHE-A04.svg,AIHE_Canon_V1.0/docs/process/assets/flows/AIHE-A04.svg
digital-resource-companion/docs/process/assets/flows/AIHE-AA.svg,AIHE_Canon_V1.0/docs/process/assets/flows/AIHE-AA.svg
digital-resource-companion/docs/process/assets/flows/AIHE-AB.svg,AIHE_Canon_V1.0/docs/process/assets/flows/AIHE-AB.svg
digital-resource-companion/docs/process/assets/flows/AIHE-AC.svg,AIHE_Canon_V1.0/docs/process/assets/flows/AIHE-AC.svg
digital-resource-companion/docs/process/assets/flows/AIHE-AE.svg,AIHE_Canon_V1.0/docs/process/assets/flows/AIHE-AE.svg
digital-resource-companion/docs/process/assets/flows/AIHE-AF.svg,AIHE_Canon_V1.0/docs/process/assets/flows/AIHE-AF.svg
digital-resource-companion/docs/process/assets/flows/AIHE-B.svg,AIHE_Canon_V1.0/docs/process/assets/flows/AIHE-B.svg
digital-resource-companion/docs/process/assets/flows/AIHE-B01.svg,AIHE_Canon_V1.0/docs/process/assets/flows/AIHE-B01.svg
digital-resource-companion/docs/process/assets/flows/AIHE-B02.svg,AIHE_Canon_V1.0/docs/process/assets/flows/AIHE-B02.svg
digital-resource-companion/docs/process/assets/flows/AIHE-B03.svg,AIHE_Canon_V1.0/docs/process/assets/flows/AIHE-B03.svg
digital-resource-companion/docs/process/assets/flows/AIHE-B04.svg,AIHE_Canon_V1.0/docs/process/assets/flows/AIHE-B04.svg
digital-resource-companion/docs/process/assets/flows/AIHE-B05.svg,AIHE_Canon_V1.0/docs/process/assets/flows/AIHE-B05.svg
digital-resource-companion/docs/process/assets/flows/AIHE-C.svg,AIHE_Canon_V1.0/docs/process/assets/flows/AIHE-C.svg
digital-resource-companion/docs/process/assets/flows/AIHE-C01.svg,AIHE_Canon_V1.0/docs/process/assets/flows/AIHE-C01.svg
digital-resource-companion/docs/process/assets/flows/AIHE-C02.svg,AIHE_Canon_V1.0/docs/process/assets/flows/AIHE-C02.svg
digital-resource-companion/docs/process/assets/flows/AIHE-C03.svg,AIHE_Canon_V1.0/docs/process/assets/flows/AIHE-C03.svg
digital-resource-companion/docs/process/assets/flows/AIHE-C04.svg,AIHE_Canon_V1.0/docs/process/assets/flows/AIHE-C04.svg
digital-resource-companion/docs/process/assets/flows/AIHE-C05.svg,AIHE_Canon_V1.0/docs/process/assets/flows/AIHE-C05.svg
digital-resource-companion/docs/process/assets/flows/AIHE-CE1.svg,AIHE_Canon_V1.0/docs/process/assets/flows/AIHE-CE1.svg
digital-resource-companion/docs/process/assets/flows/AIHE-CE2.svg,AIHE_Canon_V1.0/docs/process/assets/flows/AIHE-CE2.svg
digital-resource-companion/docs/process/assets/flows/AIHE-CE3.svg,AIHE_Canon_V1.0/docs/process/assets/flows/AIHE-CE3.svg
digital-resource-companion/docs/process/assets/flows/AIHE-CE4.svg,AIHE_Canon_V1.0/docs/process/assets/flows/AIHE-CE4.svg
digital-resource-companion/docs/process/assets/flows/AIHE-CE5.svg,AIHE_Canon_V1.0/docs/process/assets/flows/AIHE-CE5.svg
digital-resource-companion/docs/process/assets/flows/AIHE-CE6.svg,AIHE_Canon_V1.0/docs/process/assets/flows/AIHE-CE6.svg
digital-resource-companion/docs/process/assets/flows/AIHE-CE7.svg,AIHE_Canon_V1.0/docs/process/assets/flows/AIHE-CE7.svg
digital-resource-companion/docs/process/assets/flows/AIHE-D.svg,AIHE_Canon_V1.0/docs/process/assets/flows/AIHE-D.svg
digital-resource-companion/docs/process/assets/flows/AIHE-D01.svg,AIHE_Canon_V1.0/docs/process/assets/flows/AIHE-D01.svg
digital-resource-companion/docs/process/assets/flows/AIHE-D02.svg,AIHE_Canon_V1.0/docs/process/assets/flows/AIHE-D02.svg
digital-resource-companion/docs/process/assets/flows/AIHE-D03.svg,AIHE_Canon_V1.0/docs/process/assets/flows/AIHE-D03.svg
digital-resource-companion/docs/process/assets/flows/AIHE-D04.svg,AIHE_Canon_V1.0/docs/process/assets/flows/AIHE-D04.svg
digital-resource-companion/docs/process/assets/flows/AIHE-D05.svg,AIHE_Canon_V1.0/docs/process/assets/flows/AIHE-D05.svg
digital-resource-companion/docs/process/assets/flows/AIHE-E.svg,AIHE_Canon_V1.0/docs/process/assets/flows/AIHE-E.svg
digital-resource-companion/docs/process/assets/flows/AIHE-E01.svg,AIHE_Canon_V1.0/docs/process/assets/flows/AIHE-E01.svg
digital-resource-companion/docs/process/assets/flows/AIHE-E02.svg,AIHE_Canon_V1.0/docs/process/assets/flows/AIHE-E02.svg
digital-resource-companion/docs/process/assets/flows/AIHE-E03.svg,AIHE_Canon_V1.0/docs/process/assets/flows/AIHE-E03.svg
digital-resource-companion/docs/process/assets/flows/AIHE-E04.svg,AIHE_Canon_V1.0/docs/process/assets/flows/AIHE-E04.svg
digital-resource-companion/docs/process/assets/flows/AIHE-E05.svg,AIHE_Canon_V1.0/docs/process/assets/flows/AIHE-E05.svg
digital-resource-companion/docs/process/assets/flows/AIHE-EX01.svg,AIHE_Canon_V1.0/docs/process/assets/flows/AIHE-EX01.svg
digital-resource-companion/docs/process/assets/flows/AIHE-EX02.svg,AIHE_Canon_V1.0/docs/process/assets/flows/AIHE-EX02.svg
digital-resource-companion/docs/process/assets/flows/AIHE-EX03.svg,AIHE_Canon_V1.0/docs/process/assets/flows/AIHE-EX03.svg
digital-resource-companion/docs/process/assets/flows/AIHE-EX04.svg,AIHE_Canon_V1.0/docs/process/assets/flows/AIHE-EX04.svg
digital-resource-companion/docs/process/assets/flows/AIHE-EX05.svg,AIHE_Canon_V1.0/docs/process/assets/flows/AIHE-EX05.svg
digital-resource-companion/docs/process/assets/flows/AIHE-EX06.svg,AIHE_Canon_V1.0/docs/process/assets/flows/AIHE-EX06.svg
digital-resource-companion/docs/process/assets/flows/AIHE-EX07.svg,AIHE_Canon_V1.0/docs/process/assets/flows/AIHE-EX07.svg
digital-resource-companion/docs/process/assets/flows/AIHE-EX08.svg,AIHE_Canon_V1.0/docs/process/assets/flows/AIHE-EX08.svg
digital-resource-companion/docs/process/assets/flows/AIHE-EX09.svg,AIHE_Canon_V1.0/docs/process/assets/flows/AIHE-EX09.svg
digital-resource-companion/docs/process/assets/flows/AIHE-EX10.svg,AIHE_Canon_V1.0/docs/process/assets/flows/AIHE-EX10.svg
digital-resource-companion/docs/process/assets/flows/AIHE-EX11.svg,AIHE_Canon_V1.0/docs/process/assets/flows/AIHE-EX11.svg
digital-resource-companion/docs/process/assets/flows/AIHE-EX12.svg,AIHE_Canon_V1.0/docs/process/assets/flows/AIHE-EX12.svg
digital-resource-companion/docs/process/assets/flows/AIHE-EX13.svg,AIHE_Canon_V1.0/docs/process/assets/flows/AIHE-EX13.svg
digital-resource-companion/docs/process/assets/flows/AIHE-EX14.svg,AIHE_Canon_V1.0/docs/process/assets/flows/AIHE-EX14.svg
digital-resource-companion/docs/process/assets/flows/AIHE-EX15.svg,AIHE_Canon_V1.0/docs/process/assets/flows/AIHE-EX15.svg
digital-resource-companion/docs/process/assets/flows/AIHE-EX16.svg,AIHE_Canon_V1.0/docs/process/assets/flows/AIHE-EX16.svg
digital-resource-companion/docs/process/assets/flows/AIHE-EX17.svg,AIHE_Canon_V1.0/docs/process/assets/flows/AIHE-EX17.svg
digital-resource-companion/docs/process/assets/flows/AIHE-EX18.svg,AIHE_Canon_V1.0/docs/process/assets/flows/AIHE-EX18.svg
digital-resource-companion/docs/process/assets/flows/AIHE-G.svg,AIHE_Canon_V1.0/docs/process/assets/flows/AIHE-G.svg
digital-resource-companion/docs/process/assets/flows/AIHE-H.svg,AIHE_Canon_V1.0/docs/process/assets/flows/AIHE-H.svg
digital-resource-companion/docs/process/assets/flows/AIHE-I.svg,AIHE_Canon_V1.0/docs/process/assets/flows/AIHE-I.svg
digital-resource-companion/docs/process/assets/flows/AIHE-J.svg,AIHE_Canon_V1.0/docs/process/assets/flows/AIHE-J.svg
digital-resource-companion/docs/process/assets/flows/AIHE-K.svg,AIHE_Canon_V1.0/docs/process/assets/flows/AIHE-K.svg
digital-resource-companion/docs/process/assets/flows/AIHE-L.svg,AIHE_Canon_V1.0/docs/process/assets/flows/AIHE-L.svg
digital-resource-companion/docs/process/assets/flows/AIHE-M.svg,AIHE_Canon_V1.0/docs/process/assets/flows/AIHE-M.svg
digital-resource-companion/docs/process/assets/flows/AIHE-N.svg,AIHE_Canon_V1.0/docs/process/assets/flows/AIHE-N.svg
digital-resource-companion/docs/process/assets/flows/AIHE-O.svg,AIHE_Canon_V1.0/docs/process/assets/flows/AIHE-O.svg
digital-resource-companion/docs/process/assets/flows/AIHE-P.svg,AIHE_Canon_V1.0/docs/process/assets/flows/AIHE-P.svg
digital-resource-companion/docs/process/assets/flows/AIHE-Q.svg,AIHE_Canon_V1.0/docs/process/assets/flows/AIHE-Q.svg
digital-resource-companion/docs/process/assets/flows/AIHE-R.svg,AIHE_Canon_V1.0/docs/process/assets/flows/AIHE-R.svg
digital-resource-companion/docs/process/assets/flows/AIHE-S.svg,AIHE_Canon_V1.0/docs/process/assets/flows/AIHE-S.svg
digital-resource-companion/docs/process/assets/flows/AIHE-T.svg,AIHE_Canon_V1.0/docs/process/assets/flows/AIHE-T.svg
digital-resource-companion/docs/process/assets/flows/AIHE-U.svg,AIHE_Canon_V1.0/docs/process/assets/flows/AIHE-U.svg
digital-resource-companion/docs/process/assets/flows/AIHE-V.svg,AIHE_Canon_V1.0/docs/process/assets/flows/AIHE-V.svg
digital-resource-companion/docs/process/assets/flows/AIHE-W.svg,AIHE_Canon_V1.0/docs/process/assets/flows/AIHE-W.svg
digital-resource-companion/docs/process/assets/flows/AIHE-X.svg,AIHE_Canon_V1.0/docs/process/assets/flows/AIHE-X.svg
digital-resource-companion/docs/process/assets/flows/AIHE-Y.svg,AIHE_Canon_V1.0/docs/process/assets/flows/AIHE-Y.svg
digital-resource-companion/docs/process/assets/flows/AIHE-Z.svg,AIHE_Canon_V1.0/docs/process/assets/flows/AIHE-Z.svg
digital-resource-companion/docs/process/assets/flows/chapter-01.svg,AIHE_Canon_V1.0/docs/process/assets/flows/chapter-01.svg
digital-resource-companion/docs/process/assets/flows/chapter-02.svg,AIHE_Canon_V1.0/docs/process/assets/flows/chapter-02.svg
digital-resource-companion/docs/process/assets/flows/chapter-03.svg,AIHE_Canon_V1.0/docs/process/assets/flows/chapter-03.svg
digital-resource-companion/docs/process/assets/flows/chapter-04.svg,AIHE_Canon_V1.0/docs/process/assets/flows/chapter-04.svg
digital-resource-companion/docs/process/assets/flows/chapter-05.svg,AIHE_Canon_V1.0/docs/process/assets/flows/chapter-05.svg
digital-resource-companion/docs/process/assets/flows/chapter-06.svg,AIHE_Canon_V1.0/docs/process/assets/flows/chapter-06.svg
digital-resource-companion/docs/process/assets/flows/chapter-07.svg,AIHE_Canon_V1.0/docs/process/assets/flows/chapter-07.svg
digital-resource-companion/docs/process/assets/flows/chapter-08.svg,AIHE_Canon_V1.0/docs/process/assets/flows/chapter-08.svg
digital-resource-companion/docs/process/assets/flows/chapter-09.svg,AIHE_Canon_V1.0/docs/process/assets/flows/chapter-09.svg
digital-resource-companion/docs/process/assets/flows/chapter-10.svg,AIHE_Canon_V1.0/docs/process/assets/flows/chapter-10.svg
digital-resource-companion/docs/process/assets/flows/chapter-11.svg,AIHE_Canon_V1.0/docs/process/assets/flows/chapter-11.svg
digital-resource-companion/docs/process/assets/flows/chapter-12.svg,AIHE_Canon_V1.0/docs/process/assets/flows/chapter-12.svg
digital-resource-companion/docs/process/assets/flows/chapter-13.svg,AIHE_Canon_V1.0/docs/process/assets/flows/chapter-13.svg
digital-resource-companion/docs/process/assets/flows/chapter-14.svg,AIHE_Canon_V1.0/docs/process/assets/flows/chapter-14.svg
digital-resource-companion/docs/process/assets/flows/chapter-15.svg,AIHE_Canon_V1.0/docs/process/assets/flows/chapter-15.svg
digital-resource-companion/docs/process/assets/flows/master_decision_lifecycle.svg,AIHE_Canon_V1.0/docs/process/assets/flows/master_decision_lifecycle.svg
digital-resource-companion/docs/process/chapters/01.html,AIHE_Canon_V1.0/docs/process/ch/01.html
digital-resource-companion/docs/process/chapters/02.html,AIHE_Canon_V1.0/docs/process/ch/02.html
digital-resource-companion/docs/process/chapters/03.html,AIHE_Canon_V1.0/docs/process/ch/03.html
digital-resource-companion/docs/process/chapters/04.html,AIHE_Canon_V1.0/docs/process/ch/04.html
digital-resource-companion/docs/process/chapters/05.html,AIHE_Canon_V1.0/docs/process/ch/05.html
digital-resource-companion/docs/process/chapters/06.html,AIHE_Canon_V1.0/docs/process/ch/06.html
digital-resource-companion/docs/process/chapters/07.html,AIHE_Canon_V1.0/docs/process/ch/07.html
digital-resource-companion/docs/process/chapters/08.html,AIHE_Canon_V1.0/docs/process/ch/08.html
digital-resource-companion/docs/process/chapters/09.html,AIHE_Canon_V1.0/docs/process/ch/09.html
digital-resource-companion/docs/process/chapters/10.html,AIHE_Canon_V1.0/docs/process/ch/10.html
digital-resource-companion/docs/process/chapters/11.html,AIHE_Canon_V1.0/docs/process/ch/11.html
digital-resource-companion/docs/process/chapters/12.html,AIHE_Canon_V1.0/docs/process/ch/12.html
digital-resource-companion/docs/process/chapters/13.html,AIHE_Canon_V1.0/docs/process/ch/13.html
digital-resource-companion/docs/process/chapters/14.html,AIHE_Canon_V1.0/docs/process/ch/14.html
digital-resource-companion/docs/process/chapters/15.html,AIHE_Canon_V1.0/docs/process/ch/15.html
digital-resource-companion/docs/process/index.html,AIHE_Canon_V1.0/docs/process/index.html
digital-resource-companion/docs/process/master-lifecycle.html,AIHE_Canon_V1.0/docs/process/master-lifecycle.html
digital-resource-companion/docs/process/resources/AIHE-A.html,AIHE_Canon_V1.0/docs/process/resources/AIHE-A.html
digital-resource-companion/docs/process/resources/AIHE-A01.html,AIHE_Canon_V1.0/docs/process/resources/AIHE-A01.html
digital-resource-companion/docs/process/resources/AIHE-A02.html,AIHE_Canon_V1.0/docs/process/resources/AIHE-A02.html
digital-resource-companion/docs/process/resources/AIHE-A03.html,AIHE_Canon_V1.0/docs/process/resources/AIHE-A03.html
digital-resource-companion/docs/process/resources/AIHE-A04.html,AIHE_Canon_V1.0/docs/process/resources/AIHE-A04.html
digital-resource-companion/docs/process/resources/AIHE-AA.html,AIHE_Canon_V1.0/docs/process/resources/AIHE-AA.html
digital-resource-companion/docs/process/resources/AIHE-AB.html,AIHE_Canon_V1.0/docs/process/resources/AIHE-AB.html
digital-resource-companion/docs/process/resources/AIHE-AC.html,AIHE_Canon_V1.0/docs/process/resources/AIHE-AC.html
digital-resource-companion/docs/process/resources/AIHE-AE.html,AIHE_Canon_V1.0/docs/process/resources/AIHE-AE.html
digital-resource-companion/docs/process/resources/AIHE-AF.html,AIHE_Canon_V1.0/docs/process/resources/AIHE-AF.html
digital-resource-companion/docs/process/resources/AIHE-B.html,AIHE_Canon_V1.0/docs/process/resources/AIHE-B.html
digital-resource-companion/docs/process/resources/AIHE-B01.html,AIHE_Canon_V1.0/docs/process/resources/AIHE-B01.html
digital-resource-companion/docs/process/resources/AIHE-B02.html,AIHE_Canon_V1.0/docs/process/resources/AIHE-B02.html
digital-resource-companion/docs/process/resources/AIHE-B03.html,AIHE_Canon_V1.0/docs/process/resources/AIHE-B03.html
digital-resource-companion/docs/process/resources/AIHE-B04.html,AIHE_Canon_V1.0/docs/process/resources/AIHE-B04.html
digital-resource-companion/docs/process/resources/AIHE-B05.html,AIHE_Canon_V1.0/docs/process/resources/AIHE-B05.html
digital-resource-companion/docs/process/resources/AIHE-C.html,AIHE_Canon_V1.0/docs/process/resources/AIHE-C.html
digital-resource-companion/docs/process/resources/AIHE-C01.html,AIHE_Canon_V1.0/docs/process/resources/AIHE-C01.html
digital-resource-companion/docs/process/resources/AIHE-C02.html,AIHE_Canon_V1.0/docs/process/resources/AIHE-C02.html
digital-resource-companion/docs/process/resources/AIHE-C03.html,AIHE_Canon_V1.0/docs/process/resources/AIHE-C03.html
digital-resource-companion/docs/process/resources/AIHE-C04.html,AIHE_Canon_V1.0/docs/process/resources/AIHE-C04.html
digital-resource-companion/docs/process/resources/AIHE-C05.html,AIHE_Canon_V1.0/docs/process/resources/AIHE-C05.html
digital-resource-companion/docs/process/resources/AIHE-CE1.html,AIHE_Canon_V1.0/docs/process/resources/AIHE-CE1.html
digital-resource-companion/docs/process/resources/AIHE-CE2.html,AIHE_Canon_V1.0/docs/process/resources/AIHE-CE2.html
digital-resource-companion/docs/process/resources/AIHE-CE3.html,AIHE_Canon_V1.0/docs/process/resources/AIHE-CE3.html
digital-resource-companion/docs/process/resources/AIHE-CE4.html,AIHE_Canon_V1.0/docs/process/resources/AIHE-CE4.html
digital-resource-companion/docs/process/resources/AIHE-CE5.html,AIHE_Canon_V1.0/docs/process/resources/AIHE-CE5.html
digital-resource-companion/docs/process/resources/AIHE-CE6.html,AIHE_Canon_V1.0/docs/process/resources/AIHE-CE6.html
digital-resource-companion/docs/process/resources/AIHE-CE7.html,AIHE_Canon_V1.0/docs/process/resources/AIHE-CE7.html
digital-resource-companion/docs/process/resources/AIHE-D.html,AIHE_Canon_V1.0/docs/process/resources/AIHE-D.html
digital-resource-companion/docs/process/resources/AIHE-D01.html,AIHE_Canon_V1.0/docs/process/resources/AIHE-D01.html
digital-resource-companion/docs/process/resources/AIHE-D02.html,AIHE_Canon_V1.0/docs/process/resources/AIHE-D02.html
digital-resource-companion/docs/process/resources/AIHE-D03.html,AIHE_Canon_V1.0/docs/process/resources/AIHE-D03.html
digital-resource-companion/docs/process/resources/AIHE-D04.html,AIHE_Canon_V1.0/docs/process/resources/AIHE-D04.html
digital-resource-companion/docs/process/resources/AIHE-D05.html,AIHE_Canon_V1.0/docs/process/resources/AIHE-D05.html
digital-resource-companion/docs/process/resources/AIHE-E.html,AIHE_Canon_V1.0/docs/process/resources/AIHE-E.html
digital-resource-companion/docs/process/resources/AIHE-E01.html,AIHE_Canon_V1.0/docs/process/resources/AIHE-E01.html
digital-resource-companion/docs/process/resources/AIHE-E02.html,AIHE_Canon_V1.0/docs/process/resources/AIHE-E02.html
digital-resource-companion/docs/process/resources/AIHE-E03.html,AIHE_Canon_V1.0/docs/process/resources/AIHE-E03.html
digital-resource-companion/docs/process/resources/AIHE-E04.html,AIHE_Canon_V1.0/docs/process/resources/AIHE-E04.html
digital-resource-companion/docs/process/resources/AIHE-E05.html,AIHE_Canon_V1.0/docs/process/resources/AIHE-E05.html
digital-resource-companion/docs/process/resources/AIHE-EX01.html,AIHE_Canon_V1.0/docs/process/resources/AIHE-EX01.html
digital-resource-companion/docs/process/resources/AIHE-EX02.html,AIHE_Canon_V1.0/docs/process/resources/AIHE-EX02.html
digital-resource-companion/docs/process/resources/AIHE-EX03.html,AIHE_Canon_V1.0/docs/process/resources/AIHE-EX03.html
digital-resource-companion/docs/process/resources/AIHE-EX04.html,AIHE_Canon_V1.0/docs/process/resources/AIHE-EX04.html
digital-resource-companion/docs/process/resources/AIHE-EX05.html,AIHE_Canon_V1.0/docs/process/resources/AIHE-EX05.html
digital-resource-companion/docs/process/resources/AIHE-EX06.html,AIHE_Canon_V1.0/docs/process/resources/AIHE-EX06.html
digital-resource-companion/docs/process/resources/AIHE-EX07.html,AIHE_Canon_V1.0/docs/process/resources/AIHE-EX07.html
digital-resource-companion/docs/process/resources/AIHE-EX08.html,AIHE_Canon_V1.0/docs/process/resources/AIHE-EX08.html
digital-resource-companion/docs/process/resources/AIHE-EX09.html,AIHE_Canon_V1.0/docs/process/resources/AIHE-EX09.html
digital-resource-companion/docs/process/resources/AIHE-EX10.html,AIHE_Canon_V1.0/docs/process/resources/AIHE-EX10.html
digital-resource-companion/docs/process/resources/AIHE-EX11.html,AIHE_Canon_V1.0/docs/process/resources/AIHE-EX11.html
digital-resource-companion/docs/process/resources/AIHE-EX12.html,AIHE_Canon_V1.0/docs/process/resources/AIHE-EX12.html
digital-resource-companion/docs/process/resources/AIHE-EX13.html,AIHE_Canon_V1.0/docs/process/resources/AIHE-EX13.html
digital-resource-companion/docs/process/resources/AIHE-EX14.html,AIHE_Canon_V1.0/docs/process/resources/AIHE-EX14.html
digital-resource-companion/docs/process/resources/AIHE-EX15.html,AIHE_Canon_V1.0/docs/process/resources/AIHE-EX15.html
digital-resource-companion/docs/process/resources/AIHE-EX16.html,AIHE_Canon_V1.0/docs/process/resources/AIHE-EX16.html
digital-resource-companion/docs/process/resources/AIHE-EX17.html,AIHE_Canon_V1.0/docs/process/resources/AIHE-EX17.html
digital-resource-companion/docs/process/resources/AIHE-EX18.html,AIHE_Canon_V1.0/docs/process/resources/AIHE-EX18.html
digital-resource-companion/docs/process/resources/AIHE-G.html,AIHE_Canon_V1.0/docs/process/resources/AIHE-G.html
digital-resource-companion/docs/process/resources/AIHE-H.html,AIHE_Canon_V1.0/docs/process/resources/AIHE-H.html
digital-resource-companion/docs/process/resources/AIHE-I.html,AIHE_Canon_V1.0/docs/process/resources/AIHE-I.html
digital-resource-companion/docs/process/resources/AIHE-J.html,AIHE_Canon_V1.0/docs/process/resources/AIHE-J.html
digital-resource-companion/docs/process/resources/AIHE-K.html,AIHE_Canon_V1.0/docs/process/resources/AIHE-K.html
digital-resource-companion/docs/process/resources/AIHE-L.html,AIHE_Canon_V1.0/docs/process/resources/AIHE-L.html
digital-resource-companion/docs/process/resources/AIHE-M.html,AIHE_Canon_V1.0/docs/process/resources/AIHE-M.html
digital-resource-companion/docs/process/resources/AIHE-N.html,AIHE_Canon_V1.0/docs/process/resources/AIHE-N.html
digital-resource-companion/docs/process/resources/AIHE-O.html,AIHE_Canon_V1.0/docs/process/resources/AIHE-O.html
digital-resource-companion/docs/process/resources/AIHE-P.html,AIHE_Canon_V1.0/docs/process/resources/AIHE-P.html
digital-resource-companion/docs/process/resources/AIHE-Q.html,AIHE_Canon_V1.0/docs/process/resources/AIHE-Q.html
digital-resource-companion/docs/process/resources/AIHE-R.html,AIHE_Canon_V1.0/docs/process/resources/AIHE-R.html
digital-resource-companion/docs/process/resources/AIHE-RG01.html,AIHE_Canon_V1.0/docs/process/resources/AIHE-RG01.html
digital-resource-companion/docs/process/resources/AIHE-RG02.html,AIHE_Canon_V1.0/docs/process/resources/AIHE-RG02.html
digital-resource-companion/docs/process/resources/AIHE-RG03.html,AIHE_Canon_V1.0/docs/process/resources/AIHE-RG03.html
digital-resource-companion/docs/process/resources/AIHE-RG04.html,AIHE_Canon_V1.0/docs/process/resources/AIHE-RG04.html
digital-resource-companion/docs/process/resources/AIHE-RG05.html,AIHE_Canon_V1.0/docs/process/resources/AIHE-RG05.html
digital-resource-companion/docs/process/resources/AIHE-RG06.html,AIHE_Canon_V1.0/docs/process/resources/AIHE-RG06.html
digital-resource-companion/docs/process/resources/AIHE-RG07.html,AIHE_Canon_V1.0/docs/process/resources/AIHE-RG07.html
digital-resource-companion/docs/process/resources/AIHE-S.html,AIHE_Canon_V1.0/docs/process/resources/AIHE-S.html
digital-resource-companion/docs/process/resources/AIHE-T.html,AIHE_Canon_V1.0/docs/process/resources/AIHE-T.html
digital-resource-companion/docs/process/resources/AIHE-U.html,AIHE_Canon_V1.0/docs/process/resources/AIHE-U.html
digital-resource-companion/docs/process/resources/AIHE-V.html,AIHE_Canon_V1.0/docs/process/resources/AIHE-V.html
digital-resource-companion/docs/process/resources/AIHE-W.html,AIHE_Canon_V1.0/docs/process/resources/AIHE-W.html
digital-resource-companion/docs/process/resources/AIHE-X.html,AIHE_Canon_V1.0/docs/process/resources/AIHE-X.html
digital-resource-companion/docs/process/resources/AIHE-Y.html,AIHE_Canon_V1.0/docs/process/resources/AIHE-Y.html
digital-resource-companion/docs/process/resources/AIHE-Z.html,AIHE_Canon_V1.0/docs/process/resources/AIHE-Z.html
digital-resource-companion/docs/process/stages/01.html,AIHE_Canon_V1.0/docs/process/stages/01.html
digital-resource-companion/docs/process/stages/02.html,AIHE_Canon_V1.0/docs/process/stages/02.html
digital-resource-companion/docs/process/stages/03.html,AIHE_Canon_V1.0/docs/process/stages/03.html
digital-resource-companion/docs/process/stages/04.html,AIHE_Canon_V1.0/docs/process/stages/04.html
digital-resource-companion/docs/process/stages/05.html,AIHE_Canon_V1.0/docs/process/stages/05.html
digital-resource-companion/docs/process/stages/06.html,AIHE_Canon_V1.0/docs/process/stages/06.html
digital-resource-companion/docs/process/stages/07.html,AIHE_Canon_V1.0/docs/process/stages/07.html
digital-resource-companion/docs/process/stages/08.html,AIHE_Canon_V1.0/docs/process/stages/08.html
digital-resource-companion/docs/process/stages/09.html,AIHE_Canon_V1.0/docs/process/stages/09.html
digital-resource-companion/docs/process/stages/10.html,AIHE_Canon_V1.0/docs/process/stages/10.html
digital-resource-companion/docs/python-analytics.html,AIHE_Canon_V1.0/docs/python-analytics.html
digital-resource-companion/docs/resources.html,AIHE_Canon_V1.0/docs/resources.html
digital-resource-companion/docs/revision-alignment.html,AIHE_Canon_V1.0/docs/revision-alignment.html
digital-resource-companion/docs/schemas/AIHE-A.schema.json,AIHE_Canon_V1.0/docs/schemas/AIHE-A.schema.json
digital-resource-companion/docs/schemas/AIHE-A01.schema.json,AIHE_Canon_V1.0/docs/schemas/AIHE-A01.schema.json
digital-resource-companion/docs/schemas/AIHE-A02.schema.json,AIHE_Canon_V1.0/docs/schemas/AIHE-A02.schema.json
digital-resource-companion/docs/schemas/AIHE-A03.schema.json,AIHE_Canon_V1.0/docs/schemas/AIHE-A03.schema.json
digital-resource-companion/docs/schemas/AIHE-A04.schema.json,AIHE_Canon_V1.0/docs/schemas/AIHE-A04.schema.json
digital-resource-companion/docs/schemas/AIHE-AA.schema.json,AIHE_Canon_V1.0/docs/schemas/AIHE-AA.schema.json
digital-resource-companion/docs/schemas/AIHE-AB.schema.json,AIHE_Canon_V1.0/docs/schemas/AIHE-AB.schema.json
digital-resource-companion/docs/schemas/AIHE-AC.schema.json,AIHE_Canon_V1.0/docs/schemas/AIHE-AC.schema.json
digital-resource-companion/docs/schemas/AIHE-AE.schema.json,AIHE_Canon_V1.0/docs/schemas/AIHE-AE.schema.json
digital-resource-companion/docs/schemas/AIHE-AF.schema.json,AIHE_Canon_V1.0/docs/schemas/AIHE-AF.schema.json
digital-resource-companion/docs/schemas/AIHE-B.schema.json,AIHE_Canon_V1.0/docs/schemas/AIHE-B.schema.json
digital-resource-companion/docs/schemas/AIHE-B01.schema.json,AIHE_Canon_V1.0/docs/schemas/AIHE-B01.schema.json
digital-resource-companion/docs/schemas/AIHE-B02.schema.json,AIHE_Canon_V1.0/docs/schemas/AIHE-B02.schema.json
digital-resource-companion/docs/schemas/AIHE-B03.schema.json,AIHE_Canon_V1.0/docs/schemas/AIHE-B03.schema.json
digital-resource-companion/docs/schemas/AIHE-B04.schema.json,AIHE_Canon_V1.0/docs/schemas/AIHE-B04.schema.json
digital-resource-companion/docs/schemas/AIHE-B05.schema.json,AIHE_Canon_V1.0/docs/schemas/AIHE-B05.schema.json
digital-resource-companion/docs/schemas/AIHE-C.schema.json,AIHE_Canon_V1.0/docs/schemas/AIHE-C.schema.json
digital-resource-companion/docs/schemas/AIHE-C01.schema.json,AIHE_Canon_V1.0/docs/schemas/AIHE-C01.schema.json
digital-resource-companion/docs/schemas/AIHE-C02.schema.json,AIHE_Canon_V1.0/docs/schemas/AIHE-C02.schema.json
digital-resource-companion/docs/schemas/AIHE-C03.schema.json,AIHE_Canon_V1.0/docs/schemas/AIHE-C03.schema.json
digital-resource-companion/docs/schemas/AIHE-C04.schema.json,AIHE_Canon_V1.0/docs/schemas/AIHE-C04.schema.json
digital-resource-companion/docs/schemas/AIHE-C05.schema.json,AIHE_Canon_V1.0/docs/schemas/AIHE-C05.schema.json
digital-resource-companion/docs/schemas/AIHE-D.schema.json,AIHE_Canon_V1.0/docs/schemas/AIHE-D.schema.json
digital-resource-companion/docs/schemas/AIHE-D01.schema.json,AIHE_Canon_V1.0/docs/schemas/AIHE-D01.schema.json
digital-resource-companion/docs/schemas/AIHE-D02.schema.json,AIHE_Canon_V1.0/docs/schemas/AIHE-D02.schema.json
digital-resource-companion/docs/schemas/AIHE-D03.schema.json,AIHE_Canon_V1.0/docs/schemas/AIHE-D03.schema.json
digital-resource-companion/docs/schemas/AIHE-D04.schema.json,AIHE_Canon_V1.0/docs/schemas/AIHE-D04.schema.json
digital-resource-companion/docs/schemas/AIHE-D05.schema.json,AIHE_Canon_V1.0/docs/schemas/AIHE-D05.schema.json
digital-resource-companion/docs/schemas/AIHE-E.schema.json,AIHE_Canon_V1.0/docs/schemas/AIHE-E.schema.json
digital-resource-companion/docs/schemas/AIHE-E01.schema.json,AIHE_Canon_V1.0/docs/schemas/AIHE-E01.schema.json
digital-resource-companion/docs/schemas/AIHE-E02.schema.json,AIHE_Canon_V1.0/docs/schemas/AIHE-E02.schema.json
digital-resource-companion/docs/schemas/AIHE-E03.schema.json,AIHE_Canon_V1.0/docs/schemas/AIHE-E03.schema.json
digital-resource-companion/docs/schemas/AIHE-E04.schema.json,AIHE_Canon_V1.0/docs/schemas/AIHE-E04.schema.json
digital-resource-companion/docs/schemas/AIHE-E05.schema.json,AIHE_Canon_V1.0/docs/schemas/AIHE-E05.schema.json
digital-resource-companion/docs/schemas/AIHE-EX05.schema.json,AIHE_Canon_V1.0/docs/schemas/AIHE-EX05.schema.json
digital-resource-companion/docs/schemas/AIHE-EX11.schema.json,AIHE_Canon_V1.0/docs/schemas/AIHE-EX11.schema.json
digital-resource-companion/docs/schemas/AIHE-EX12.schema.json,AIHE_Canon_V1.0/docs/schemas/AIHE-EX12.schema.json
digital-resource-companion/docs/schemas/AIHE-EX15.schema.json,AIHE_Canon_V1.0/docs/schemas/AIHE-EX15.schema.json
digital-resource-companion/docs/schemas/AIHE-EX16.schema.json,AIHE_Canon_V1.0/docs/schemas/AIHE-EX16.schema.json
digital-resource-companion/docs/schemas/AIHE-EX17.schema.json,AIHE_Canon_V1.0/docs/schemas/AIHE-EX17.schema.json
digital-resource-companion/docs/schemas/AIHE-EX18.schema.json,AIHE_Canon_V1.0/docs/schemas/AIHE-EX18.schema.json
digital-resource-companion/docs/schemas/AIHE-G.schema.json,AIHE_Canon_V1.0/docs/schemas/AIHE-G.schema.json
digital-resource-companion/docs/schemas/AIHE-H.schema.json,AIHE_Canon_V1.0/docs/schemas/AIHE-H.schema.json
digital-resource-companion/docs/schemas/AIHE-I.schema.json,AIHE_Canon_V1.0/docs/schemas/AIHE-I.schema.json
digital-resource-companion/docs/schemas/AIHE-J.schema.json,AIHE_Canon_V1.0/docs/schemas/AIHE-J.schema.json
digital-resource-companion/docs/schemas/AIHE-K.schema.json,AIHE_Canon_V1.0/docs/schemas/AIHE-K.schema.json
digital-resource-companion/docs/schemas/AIHE-L.schema.json,AIHE_Canon_V1.0/docs/schemas/AIHE-L.schema.json
digital-resource-companion/docs/schemas/AIHE-M.schema.json,AIHE_Canon_V1.0/docs/schemas/AIHE-M.schema.json
digital-resource-companion/docs/schemas/AIHE-N.schema.json,AIHE_Canon_V1.0/docs/schemas/AIHE-N.schema.json
digital-resource-companion/docs/schemas/AIHE-O.schema.json,AIHE_Canon_V1.0/docs/schemas/AIHE-O.schema.json
digital-resource-companion/docs/schemas/AIHE-P.schema.json,AIHE_Canon_V1.0/docs/schemas/AIHE-P.schema.json
digital-resource-companion/docs/schemas/AIHE-Q.schema.json,AIHE_Canon_V1.0/docs/schemas/AIHE-Q.schema.json
digital-resource-companion/docs/schemas/AIHE-R.schema.json,AIHE_Canon_V1.0/docs/schemas/AIHE-R.schema.json
digital-resource-companion/docs/schemas/AIHE-S.schema.json,AIHE_Canon_V1.0/docs/schemas/AIHE-S.schema.json
digital-resource-companion/docs/schemas/AIHE-T.schema.json,AIHE_Canon_V1.0/docs/schemas/AIHE-T.schema.json
digital-resource-companion/docs/schemas/AIHE-U.schema.json,AIHE_Canon_V1.0/docs/schemas/AIHE-U.schema.json
digital-resource-companion/docs/schemas/AIHE-V.schema.json,AIHE_Canon_V1.0/docs/schemas/AIHE-V.schema.json
digital-resource-companion/docs/schemas/AIHE-W.schema.json,AIHE_Canon_V1.0/docs/schemas/AIHE-W.schema.json
digital-resource-companion/docs/schemas/AIHE-X.schema.json,AIHE_Canon_V1.0/docs/schemas/AIHE-X.schema.json
digital-resource-companion/docs/schemas/AIHE-Y.schema.json,AIHE_Canon_V1.0/docs/schemas/AIHE-Y.schema.json
digital-resource-companion/docs/schemas/AIHE-Z.schema.json,AIHE_Canon_V1.0/docs/schemas/AIHE-Z.schema.json
digital-resource-companion/docs/start-here.html,AIHE_Canon_V1.0/docs/start-here.html
digital-resource-companion/docs/tables.html,AIHE_Canon_V1.0/docs/tables.html
digital-resource-companion/docs/templates-workbooks.html,AIHE_Canon_V1.0/docs/templates-workbooks.html
digital-resource-companion/docs/worked-examples.html,AIHE_Canon_V1.0/docs/worked-examples.html
digital-resource-companion/migration/v1.0_to_v1.0/AIHE_Book_Resource_Audit_Report.md,AIHE_Canon_V1.0/migration/audit/AIHE_Book_Resource_Audit_Report.md
digital-resource-companion/migration/v1.0_to_v1.0/ARCHIVE_ACCESS_AND_INTEGRATION_STATUS.txt,AIHE_Canon_V1.0/migration/audit/ARCHIVE_ACCESS_AND_INTEGRATION_STATUS.txt
digital-resource-companion/migration/v1.0_to_v1.0/IMPLEMENTATION_STATUS.md,AIHE_Canon_V1.0/migration/audit/IMPLEMENTATION_STATUS.md
digital-resource-companion/migration/v1.0_to_v1.0/README.md,AIHE_Canon_V1.0/migration/audit/README.md
digital-resource-companion/migration/v1.0_to_v1.0/SHA256SUMS.txt,AIHE_Canon_V1.0/migration/audit/SHA256SUMS.txt
digital-resource-companion/migration/v1.0_to_v1.0/actions/python_update_register.csv,AIHE_Canon_V1.0/migration/audit/actions/python_update_register.csv
digital-resource-companion/migration/v1.0_to_v1.0/actions/resource_update_register.csv,AIHE_Canon_V1.0/migration/audit/actions/resource_update_register.csv
digital-resource-companion/migration/v1.0_to_v1.0/actions/website_and_bundle_update_register.csv,AIHE_Canon_V1.0/migration/audit/actions/website_and_bundle_update_register.csv
digital-resource-companion/migration/v1.0_to_v1.0/actions/worked_example_update_register.csv,AIHE_Canon_V1.0/migration/audit/actions/worked_example_update_register.csv
digital-resource-companion/migration/v1.0_to_v1.0/crosswalks/chapter_structure_crosswalk.csv,AIHE_Canon_V1.0/migration/audit/crosswalks/chapter_structure_crosswalk.csv
digital-resource-companion/migration/v1.0_to_v1.0/crosswalks/figure_crosswalk.csv,AIHE_Canon_V1.0/migration/audit/crosswalks/figure_crosswalk.csv
digital-resource-companion/migration/v1.0_to_v1.0/crosswalks/table_crosswalk.csv,AIHE_Canon_V1.0/migration/audit/crosswalks/table_crosswalk.csv
digital-resource-companion/migration/v1.0_to_v1.0/docs/resource-audit-sep-2026/index.html,AIHE_Canon_V1.0/migration/audit/docs/resource-audit-sep-2026/index.html
digital-resource-companion/migration/v1.0_to_v1.0/machine_readable/audit_summary.json,AIHE_Canon_V1.0/migration/audit/data/audit_summary.json
digital-resource-companion/process/MASTER_DECISION_LIFECYCLE.md,AIHE_Canon_V1.0/process/MASTER_DECISION_LIFECYCLE.md
digital-resource-companion/process/PROCESS_DEPENDENCY_MAP.csv,AIHE_Canon_V1.0/process/PROCESS_DEPENDENCY_MAP.csv
digital-resource-companion/process/PROCESS_DEPENDENCY_MAP.md,AIHE_Canon_V1.0/process/PROCESS_DEPENDENCY_MAP.md
digital-resource-companion/process/README.md,AIHE_Canon_V1.0/process/README.md
digital-resource-companion/process/lifecycle_stages.csv,AIHE_Canon_V1.0/process/lifecycle_stages.csv
digital-resource-companion/process/lifecycle_stages.json,AIHE_Canon_V1.0/process/lifecycle_stages.json
digital-resource-companion/process/master_decision_lifecycle.mmd,AIHE_Canon_V1.0/process/master_decision_lifecycle.mmd
digital-resource-companion/process/master_decision_lifecycle.png,AIHE_Canon_V1.0/process/master_decision_lifecycle.png
digital-resource-companion/process/master_decision_lifecycle.svg,AIHE_Canon_V1.0/process/master_decision_lifecycle.svg
digital-resource-companion/process/stages/01_define-the-decision/README.md,AIHE_Canon_V1.0/process/stages/01_decision/README.md
digital-resource-companion/process/stages/01_define-the-decision/resources.csv,AIHE_Canon_V1.0/process/stages/01_decision/resources.csv
digital-resource-companion/process/stages/01_define-the-decision/resources.json,AIHE_Canon_V1.0/process/stages/01_decision/resources.json
digital-resource-companion/process/stages/02_assess-readiness-and-data/README.md,AIHE_Canon_V1.0/process/stages/02_readiness/README.md
digital-resource-companion/process/stages/02_assess-readiness-and-data/resources.csv,AIHE_Canon_V1.0/process/stages/02_readiness/resources.csv
digital-resource-companion/process/stages/02_assess-readiness-and-data/resources.json,AIHE_Canon_V1.0/process/stages/02_readiness/resources.json
digital-resource-companion/process/stages/03_establish-evidence-and-quality-requirements/README.md,AIHE_Canon_V1.0/process/stages/03_evidence_quality/README.md
digital-resource-companion/process/stages/03_establish-evidence-and-quality-requirements/resources.csv,AIHE_Canon_V1.0/process/stages/03_evidence_quality/resources.csv
digital-resource-companion/process/stages/03_establish-evidence-and-quality-requirements/resources.json,AIHE_Canon_V1.0/process/stages/03_evidence_quality/resources.json
digital-resource-companion/process/stages/04_model-cost-value-affordability-and-hta/README.md,AIHE_Canon_V1.0/process/stages/04_cost_value_hta/README.md
digital-resource-companion/process/stages/04_model-cost-value-affordability-and-hta/resources.csv,AIHE_Canon_V1.0/process/stages/04_cost_value_hta/resources.csv
digital-resource-companion/process/stages/04_model-cost-value-affordability-and-hta/resources.json,AIHE_Canon_V1.0/process/stages/04_cost_value_hta/resources.json
digital-resource-companion/process/stages/05_select-the-decision-model-and-characterize-uncertainty/README.md,AIHE_Canon_V1.0/process/stages/05_model_uncertainty/README.md
digital-resource-companion/process/stages/05_select-the-decision-model-and-characterize-uncertainty/resources.csv,AIHE_Canon_V1.0/process/stages/05_model_uncertainty/resources.csv
digital-resource-companion/process/stages/05_select-the-decision-model-and-characterize-uncertainty/resources.json,AIHE_Canon_V1.0/process/stages/05_model_uncertainty/resources.json
digital-resource-companion/process/stages/06_assess-governance-and-institutional-risk/README.md,AIHE_Canon_V1.0/process/stages/06_governance_risk/README.md
digital-resource-companion/process/stages/06_assess-governance-and-institutional-risk/resources.csv,AIHE_Canon_V1.0/process/stages/06_governance_risk/resources.csv
digital-resource-companion/process/stages/06_assess-governance-and-institutional-risk/resources.json,AIHE_Canon_V1.0/process/stages/06_governance_risk/resources.json
digital-resource-companion/process/stages/07_procure-and-contract/README.md,AIHE_Canon_V1.0/process/stages/07_procure/README.md
digital-resource-companion/process/stages/07_procure-and-contract/resources.csv,AIHE_Canon_V1.0/process/stages/07_procure/resources.csv
digital-resource-companion/process/stages/07_procure-and-contract/resources.json,AIHE_Canon_V1.0/process/stages/07_procure/resources.json
digital-resource-companion/process/stages/08_implement-monitor-and-control-change/README.md,AIHE_Canon_V1.0/process/stages/08_implement_monitor/README.md
digital-resource-companion/process/stages/08_implement-monitor-and-control-change/resources.csv,AIHE_Canon_V1.0/process/stages/08_implement_monitor/resources.csv
digital-resource-companion/process/stages/08_implement-monitor-and-control-change/resources.json,AIHE_Canon_V1.0/process/stages/08_implement_monitor/resources.json
digital-resource-companion/process/stages/09_apply-circular-and-sustainable-value-analysis/README.md,AIHE_Canon_V1.0/process/stages/09_circular_value/README.md
digital-resource-companion/process/stages/09_apply-circular-and-sustainable-value-analysis/resources.csv,AIHE_Canon_V1.0/process/stages/09_circular_value/resources.csv
digital-resource-companion/process/stages/09_apply-circular-and-sustainable-value-analysis/resources.json,AIHE_Canon_V1.0/process/stages/09_circular_value/resources.json
digital-resource-companion/process/stages/10_assemble-the-decision-record-and-renew-or-retire/README.md,AIHE_Canon_V1.0/process/stages/10_record_renew_retire/README.md
digital-resource-companion/process/stages/10_assemble-the-decision-record-and-renew-or-retire/resources.csv,AIHE_Canon_V1.0/process/stages/10_record_renew_retire/resources.csv
digital-resource-companion/process/stages/10_assemble-the-decision-record-and-renew-or-retire/resources.json,AIHE_Canon_V1.0/process/stages/10_record_renew_retire/resources.json
digital-resource-companion/publications/README.md,AIHE_Canon_V1.0/pub/README.md
digital-resource-companion/publications/printable_companion/Digital_Resource_Companion_V1.0.docx,AIHE_Canon_V1.0/pub/print/AIHE_Companion_V1.0.docx
digital-resource-companion/publications/printable_companion/Digital_Resource_Companion_V1.0.pdf,AIHE_Canon_V1.0/pub/print/AIHE_Companion_V1.0.pdf
digital-resource-companion/publications/printable_companion/README.md,AIHE_Canon_V1.0/pub/print/README.md
digital-resource-companion/release_validation/AIHE_V1.0_VALIDATION.json,AIHE_Canon_V1.0/validation/AIHE_V1.0_VALIDATION.json
digital-resource-companion/release_validation/AIHE_V1.0_VALIDATION.txt,AIHE_Canon_V1.0/validation/AIHE_V1.0_VALIDATION.txt
digital-resource-companion/worked_examples/00_case_analysis_method/ALIGNMENT_V1.0.md,AIHE_Canon_V1.0/cases/00_case_method/ALIGN_V1.0.md
digital-resource-companion/worked_examples/00_case_analysis_method/CASE_ANALYSIS_GUIDE.md,AIHE_Canon_V1.0/cases/00_case_method/CASE_ANALYSIS_GUIDE.md
digital-resource-companion/worked_examples/00_case_analysis_method/README.md,AIHE_Canon_V1.0/cases/00_case_method/README.md
digital-resource-companion/worked_examples/00_case_analysis_method/data/CASE_ANALYSIS_TEMPLATE.csv,AIHE_Canon_V1.0/cases/00_case_method/data/CASE_ANALYSIS_TEMPLATE.csv
digital-resource-companion/worked_examples/00_case_analysis_method/data/CASE_ANALYSIS_TEMPLATE.json,AIHE_Canon_V1.0/cases/00_case_method/data/CASE_ANALYSIS_TEMPLATE.json
digital-resource-companion/worked_examples/00_case_analysis_method/metadata.json,AIHE_Canon_V1.0/cases/00_case_method/metadata.json
digital-resource-companion/worked_examples/00_case_analysis_method/templates/docx/AIHE-CASE00_case_analysis_template.docx,AIHE_Canon_V1.0/cases/00_case_method/tmpl/docx/AIHE-CASE00_case_analysis_template.docx
digital-resource-companion/worked_examples/00_case_analysis_method/templates/xlsx/AIHE-CASE00_case_analysis_template.xlsx,AIHE_Canon_V1.0/cases/00_case_method/tmpl/xlsx/AIHE-CASE00_case_analysis_template.xlsx
digital-resource-companion/worked_examples/AIHE-CASE01_emergency_department_triage_portfolio_decision/ALIGNMENT_V1.0.md,AIHE_Canon_V1.0/cases/CASE01_triage/ALIGN_V1.0.md
digital-resource-companion/worked_examples/AIHE-CASE01_emergency_department_triage_portfolio_decision/README.md,AIHE_Canon_V1.0/cases/CASE01_triage/README.md
digital-resource-companion/worked_examples/AIHE-CASE01_emergency_department_triage_portfolio_decision/data/synthetic_inputs.csv,AIHE_Canon_V1.0/cases/CASE01_triage/data/inputs.csv
digital-resource-companion/worked_examples/AIHE-CASE01_emergency_department_triage_portfolio_decision/data/synthetic_inputs.json,AIHE_Canon_V1.0/cases/CASE01_triage/data/inputs.json
digital-resource-companion/worked_examples/AIHE-CASE01_emergency_department_triage_portfolio_decision/documentation/RELATED_RESOURCES.md,AIHE_Canon_V1.0/cases/CASE01_triage/notes/RELATED_RESOURCES.md
digital-resource-companion/worked_examples/AIHE-CASE01_emergency_department_triage_portfolio_decision/documentation/SELF_STUDY_GUIDE.md,AIHE_Canon_V1.0/cases/CASE01_triage/notes/SELF_STUDY_GUIDE.md
digital-resource-companion/worked_examples/AIHE-CASE01_emergency_department_triage_portfolio_decision/metadata.json,AIHE_Canon_V1.0/cases/CASE01_triage/metadata.json
digital-resource-companion/worked_examples/AIHE-CASE01_emergency_department_triage_portfolio_decision/scenario/SCENARIO.md,AIHE_Canon_V1.0/cases/CASE01_triage/scn/SCENARIO.md
digital-resource-companion/worked_examples/AIHE-CASE01_emergency_department_triage_portfolio_decision/workbook/xlsx/AIHE-CASE01_worked_example_and_template.xlsx,AIHE_Canon_V1.0/cases/CASE01_triage/wb/xlsx/AIHE-CASE01_example_template.xlsx
digital-resource-companion/worked_examples/AIHE-CASE01_emergency_department_triage_portfolio_decision/workbook/xlsx/AIHE-CASE01_worked_example_and_template_V1.0.xlsx,AIHE_Canon_V1.0/cases/CASE01_triage/wb/xlsx/AIHE-CASE01_example_template_V1.0.xlsx
digital-resource-companion/worked_examples/AIHE-CASE01_emergency_department_triage_portfolio_decision/worked_solution/WORKED_SOLUTION.md,AIHE_Canon_V1.0/cases/CASE01_triage/solution/WORKED_SOLUTION.md
digital-resource-companion/worked_examples/AIHE-CASE02_readmission_model_readiness_and_data_fitness_assessment/ALIGNMENT_V1.0.md,AIHE_Canon_V1.0/cases/CASE02_readiness/ALIGN_V1.0.md
digital-resource-companion/worked_examples/AIHE-CASE02_readmission_model_readiness_and_data_fitness_assessment/README.md,AIHE_Canon_V1.0/cases/CASE02_readiness/README.md
digital-resource-companion/worked_examples/AIHE-CASE02_readmission_model_readiness_and_data_fitness_assessment/data/synthetic_inputs.csv,AIHE_Canon_V1.0/cases/CASE02_readiness/data/inputs.csv
digital-resource-companion/worked_examples/AIHE-CASE02_readmission_model_readiness_and_data_fitness_assessment/data/synthetic_inputs.json,AIHE_Canon_V1.0/cases/CASE02_readiness/data/inputs.json
digital-resource-companion/worked_examples/AIHE-CASE02_readmission_model_readiness_and_data_fitness_assessment/documentation/RELATED_RESOURCES.md,AIHE_Canon_V1.0/cases/CASE02_readiness/notes/RELATED_RESOURCES.md
digital-resource-companion/worked_examples/AIHE-CASE02_readmission_model_readiness_and_data_fitness_assessment/documentation/SELF_STUDY_GUIDE.md,AIHE_Canon_V1.0/cases/CASE02_readiness/notes/SELF_STUDY_GUIDE.md
digital-resource-companion/worked_examples/AIHE-CASE02_readmission_model_readiness_and_data_fitness_assessment/metadata.json,AIHE_Canon_V1.0/cases/CASE02_readiness/metadata.json
digital-resource-companion/worked_examples/AIHE-CASE02_readmission_model_readiness_and_data_fitness_assessment/scenario/SCENARIO.md,AIHE_Canon_V1.0/cases/CASE02_readiness/scn/SCENARIO.md
digital-resource-companion/worked_examples/AIHE-CASE02_readmission_model_readiness_and_data_fitness_assessment/workbook/xlsx/AIHE-CASE02_worked_example_and_template.xlsx,AIHE_Canon_V1.0/cases/CASE02_readiness/wb/xlsx/AIHE-CASE02_example_template.xlsx
digital-resource-companion/worked_examples/AIHE-CASE02_readmission_model_readiness_and_data_fitness_assessment/workbook/xlsx/AIHE-CASE02_worked_example_and_template_V1.0.xlsx,AIHE_Canon_V1.0/cases/CASE02_readiness/wb/xlsx/AIHE-CASE02_example_template_V1.0.xlsx
digital-resource-companion/worked_examples/AIHE-CASE02_readmission_model_readiness_and_data_fitness_assessment/worked_solution/WORKED_SOLUTION.md,AIHE_Canon_V1.0/cases/CASE02_readiness/solution/WORKED_SOLUTION.md
digital-resource-companion/worked_examples/AIHE-CASE03B_hospital_command_dashboard_and_patient_flow/ALIGNMENT_V1.0.md,AIHE_Canon_V1.0/cases/CASE03B_dashboard_flow/ALIGN_V1.0.md
digital-resource-companion/worked_examples/AIHE-CASE03B_hospital_command_dashboard_and_patient_flow/README.md,AIHE_Canon_V1.0/cases/CASE03B_dashboard_flow/README.md
digital-resource-companion/worked_examples/AIHE-CASE03B_hospital_command_dashboard_and_patient_flow/data/synthetic_inputs.csv,AIHE_Canon_V1.0/cases/CASE03B_dashboard_flow/data/inputs.csv
digital-resource-companion/worked_examples/AIHE-CASE03B_hospital_command_dashboard_and_patient_flow/data/synthetic_inputs.json,AIHE_Canon_V1.0/cases/CASE03B_dashboard_flow/data/inputs.json
digital-resource-companion/worked_examples/AIHE-CASE03B_hospital_command_dashboard_and_patient_flow/documentation/RELATED_RESOURCES.md,AIHE_Canon_V1.0/cases/CASE03B_dashboard_flow/notes/RELATED_RESOURCES.md
digital-resource-companion/worked_examples/AIHE-CASE03B_hospital_command_dashboard_and_patient_flow/documentation/SELF_STUDY_GUIDE.md,AIHE_Canon_V1.0/cases/CASE03B_dashboard_flow/notes/SELF_STUDY_GUIDE.md
digital-resource-companion/worked_examples/AIHE-CASE03B_hospital_command_dashboard_and_patient_flow/metadata.json,AIHE_Canon_V1.0/cases/CASE03B_dashboard_flow/metadata.json
digital-resource-companion/worked_examples/AIHE-CASE03B_hospital_command_dashboard_and_patient_flow/scenario/SCENARIO.md,AIHE_Canon_V1.0/cases/CASE03B_dashboard_flow/scn/SCENARIO.md
digital-resource-companion/worked_examples/AIHE-CASE03B_hospital_command_dashboard_and_patient_flow/workbook/xlsx/AIHE-CASE03B_worked_example_and_template.xlsx,AIHE_Canon_V1.0/cases/CASE03B_dashboard_flow/wb/xlsx/AIHE-CASE03B_example_template.xlsx
digital-resource-companion/worked_examples/AIHE-CASE03B_hospital_command_dashboard_and_patient_flow/workbook/xlsx/AIHE-CASE03B_worked_example_and_template_V1.0.xlsx,AIHE_Canon_V1.0/cases/CASE03B_dashboard_flow/wb/xlsx/AIHE-CASE03B_example_template_V1.0.xlsx
digital-resource-companion/worked_examples/AIHE-CASE03B_hospital_command_dashboard_and_patient_flow/worked_solution/WORKED_SOLUTION.md,AIHE_Canon_V1.0/cases/CASE03B_dashboard_flow/solution/WORKED_SOLUTION.md
digital-resource-companion/worked_examples/AIHE-CASE03_deterioration_alert_under_constrained_review_capacity/ALIGNMENT_V1.0.md,AIHE_Canon_V1.0/cases/CASE03_alert_capacity/ALIGN_V1.0.md
digital-resource-companion/worked_examples/AIHE-CASE03_deterioration_alert_under_constrained_review_capacity/README.md,AIHE_Canon_V1.0/cases/CASE03_alert_capacity/README.md
digital-resource-companion/worked_examples/AIHE-CASE03_deterioration_alert_under_constrained_review_capacity/data/synthetic_inputs.csv,AIHE_Canon_V1.0/cases/CASE03_alert_capacity/data/inputs.csv
digital-resource-companion/worked_examples/AIHE-CASE03_deterioration_alert_under_constrained_review_capacity/data/synthetic_inputs.json,AIHE_Canon_V1.0/cases/CASE03_alert_capacity/data/inputs.json
digital-resource-companion/worked_examples/AIHE-CASE03_deterioration_alert_under_constrained_review_capacity/documentation/RELATED_RESOURCES.md,AIHE_Canon_V1.0/cases/CASE03_alert_capacity/notes/RELATED_RESOURCES.md
digital-resource-companion/worked_examples/AIHE-CASE03_deterioration_alert_under_constrained_review_capacity/documentation/SELF_STUDY_GUIDE.md,AIHE_Canon_V1.0/cases/CASE03_alert_capacity/notes/SELF_STUDY_GUIDE.md
digital-resource-companion/worked_examples/AIHE-CASE03_deterioration_alert_under_constrained_review_capacity/metadata.json,AIHE_Canon_V1.0/cases/CASE03_alert_capacity/metadata.json
digital-resource-companion/worked_examples/AIHE-CASE03_deterioration_alert_under_constrained_review_capacity/scenario/SCENARIO.md,AIHE_Canon_V1.0/cases/CASE03_alert_capacity/scn/SCENARIO.md
digital-resource-companion/worked_examples/AIHE-CASE03_deterioration_alert_under_constrained_review_capacity/workbook/xlsx/AIHE-CASE03_worked_example_and_template.xlsx,AIHE_Canon_V1.0/cases/CASE03_alert_capacity/wb/xlsx/AIHE-CASE03_example_template.xlsx
digital-resource-companion/worked_examples/AIHE-CASE03_deterioration_alert_under_constrained_review_capacity/workbook/xlsx/AIHE-CASE03_worked_example_and_template_V1.0.xlsx,AIHE_Canon_V1.0/cases/CASE03_alert_capacity/wb/xlsx/AIHE-CASE03_example_template_V1.0.xlsx
digital-resource-companion/worked_examples/AIHE-CASE03_deterioration_alert_under_constrained_review_capacity/worked_solution/WORKED_SOLUTION.md,AIHE_Canon_V1.0/cases/CASE03_alert_capacity/solution/WORKED_SOLUTION.md
digital-resource-companion/worked_examples/AIHE-CASE04_ambient_documentation_assistant_productivity_and_workforce_redesign/ALIGNMENT_V1.0.md,AIHE_Canon_V1.0/cases/CASE04_ambient_docs/ALIGN_V1.0.md
digital-resource-companion/worked_examples/AIHE-CASE04_ambient_documentation_assistant_productivity_and_workforce_redesign/README.md,AIHE_Canon_V1.0/cases/CASE04_ambient_docs/README.md
digital-resource-companion/worked_examples/AIHE-CASE04_ambient_documentation_assistant_productivity_and_workforce_redesign/data/synthetic_inputs.csv,AIHE_Canon_V1.0/cases/CASE04_ambient_docs/data/inputs.csv
digital-resource-companion/worked_examples/AIHE-CASE04_ambient_documentation_assistant_productivity_and_workforce_redesign/data/synthetic_inputs.json,AIHE_Canon_V1.0/cases/CASE04_ambient_docs/data/inputs.json
digital-resource-companion/worked_examples/AIHE-CASE04_ambient_documentation_assistant_productivity_and_workforce_redesign/documentation/RELATED_RESOURCES.md,AIHE_Canon_V1.0/cases/CASE04_ambient_docs/notes/RELATED_RESOURCES.md
digital-resource-companion/worked_examples/AIHE-CASE04_ambient_documentation_assistant_productivity_and_workforce_redesign/documentation/SELF_STUDY_GUIDE.md,AIHE_Canon_V1.0/cases/CASE04_ambient_docs/notes/SELF_STUDY_GUIDE.md
digital-resource-companion/worked_examples/AIHE-CASE04_ambient_documentation_assistant_productivity_and_workforce_redesign/metadata.json,AIHE_Canon_V1.0/cases/CASE04_ambient_docs/metadata.json
digital-resource-companion/worked_examples/AIHE-CASE04_ambient_documentation_assistant_productivity_and_workforce_redesign/scenario/SCENARIO.md,AIHE_Canon_V1.0/cases/CASE04_ambient_docs/scn/SCENARIO.md
digital-resource-companion/worked_examples/AIHE-CASE04_ambient_documentation_assistant_productivity_and_workforce_redesign/workbook/xlsx/AIHE-CASE04_worked_example_and_template.xlsx,AIHE_Canon_V1.0/cases/CASE04_ambient_docs/wb/xlsx/AIHE-CASE04_example_template.xlsx
digital-resource-companion/worked_examples/AIHE-CASE04_ambient_documentation_assistant_productivity_and_workforce_redesign/workbook/xlsx/AIHE-CASE04_worked_example_and_template_V1.0.xlsx,AIHE_Canon_V1.0/cases/CASE04_ambient_docs/wb/xlsx/AIHE-CASE04_example_template_V1.0.xlsx
digital-resource-companion/worked_examples/AIHE-CASE04_ambient_documentation_assistant_productivity_and_workforce_redesign/worked_solution/WORKED_SOLUTION.md,AIHE_Canon_V1.0/cases/CASE04_ambient_docs/solution/WORKED_SOLUTION.md
digital-resource-companion/worked_examples/AIHE-CASE05_ai_quality_control_accreditation_and_corrective_action/ALIGNMENT_V1.0.md,AIHE_Canon_V1.0/cases/CASE05_quality_capa/ALIGN_V1.0.md
digital-resource-companion/worked_examples/AIHE-CASE05_ai_quality_control_accreditation_and_corrective_action/README.md,AIHE_Canon_V1.0/cases/CASE05_quality_capa/README.md
digital-resource-companion/worked_examples/AIHE-CASE05_ai_quality_control_accreditation_and_corrective_action/data/synthetic_inputs.csv,AIHE_Canon_V1.0/cases/CASE05_quality_capa/data/inputs.csv
digital-resource-companion/worked_examples/AIHE-CASE05_ai_quality_control_accreditation_and_corrective_action/data/synthetic_inputs.json,AIHE_Canon_V1.0/cases/CASE05_quality_capa/data/inputs.json
digital-resource-companion/worked_examples/AIHE-CASE05_ai_quality_control_accreditation_and_corrective_action/documentation/RELATED_RESOURCES.md,AIHE_Canon_V1.0/cases/CASE05_quality_capa/notes/RELATED_RESOURCES.md
digital-resource-companion/worked_examples/AIHE-CASE05_ai_quality_control_accreditation_and_corrective_action/documentation/SELF_STUDY_GUIDE.md,AIHE_Canon_V1.0/cases/CASE05_quality_capa/notes/SELF_STUDY_GUIDE.md
digital-resource-companion/worked_examples/AIHE-CASE05_ai_quality_control_accreditation_and_corrective_action/metadata.json,AIHE_Canon_V1.0/cases/CASE05_quality_capa/metadata.json
digital-resource-companion/worked_examples/AIHE-CASE05_ai_quality_control_accreditation_and_corrective_action/scenario/SCENARIO.md,AIHE_Canon_V1.0/cases/CASE05_quality_capa/scn/SCENARIO.md
digital-resource-companion/worked_examples/AIHE-CASE05_ai_quality_control_accreditation_and_corrective_action/workbook/xlsx/AIHE-CASE05_worked_example_and_template.xlsx,AIHE_Canon_V1.0/cases/CASE05_quality_capa/wb/xlsx/AIHE-CASE05_example_template.xlsx
digital-resource-companion/worked_examples/AIHE-CASE05_ai_quality_control_accreditation_and_corrective_action/workbook/xlsx/AIHE-CASE05_worked_example_and_template_V1.0.xlsx,AIHE_Canon_V1.0/cases/CASE05_quality_capa/wb/xlsx/AIHE-CASE05_example_template_V1.0.xlsx
digital-resource-companion/worked_examples/AIHE-CASE05_ai_quality_control_accreditation_and_corrective_action/worked_solution/WORKED_SOLUTION.md,AIHE_Canon_V1.0/cases/CASE05_quality_capa/solution/WORKED_SOLUTION.md
digital-resource-companion/worked_examples/AIHE-CASE06B_financial_recognition_and_budget_incidence/README.md,AIHE_Canon_V1.0/cases/CASE06B_finance_budget/README.md
digital-resource-companion/worked_examples/AIHE-CASE06B_financial_recognition_and_budget_incidence/data/case_inputs.csv,AIHE_Canon_V1.0/cases/CASE06B_finance_budget/data/case_inputs.csv
digital-resource-companion/worked_examples/AIHE-CASE06B_financial_recognition_and_budget_incidence/documentation/CASE_GUIDE.md,AIHE_Canon_V1.0/cases/CASE06B_finance_budget/notes/CASE_GUIDE.md
digital-resource-companion/worked_examples/AIHE-CASE06B_financial_recognition_and_budget_incidence/scenario/scenario.json,AIHE_Canon_V1.0/cases/CASE06B_finance_budget/scn/scenario.json
digital-resource-companion/worked_examples/AIHE-CASE06B_financial_recognition_and_budget_incidence/workbook/xlsx/AIHE-CASE06B_worked_example_and_template_V1.0.xlsx,AIHE_Canon_V1.0/cases/CASE06B_finance_budget/wb/xlsx/AIHE-CASE06B_example_template_V1.0.xlsx
digital-resource-companion/worked_examples/AIHE-CASE06B_financial_recognition_and_budget_incidence/worked_solution/worked_interpretation.md,AIHE_Canon_V1.0/cases/CASE06B_finance_budget/solution/worked_interpretation.md
digital-resource-companion/worked_examples/AIHE-CASE06_five_year_lifecycle_cost_pricing_roi_and_benefit_realization/ALIGNMENT_V1.0.md,AIHE_Canon_V1.0/cases/CASE06_cost_roi/ALIGN_V1.0.md
digital-resource-companion/worked_examples/AIHE-CASE06_five_year_lifecycle_cost_pricing_roi_and_benefit_realization/README.md,AIHE_Canon_V1.0/cases/CASE06_cost_roi/README.md
digital-resource-companion/worked_examples/AIHE-CASE06_five_year_lifecycle_cost_pricing_roi_and_benefit_realization/data/synthetic_inputs.csv,AIHE_Canon_V1.0/cases/CASE06_cost_roi/data/inputs.csv
digital-resource-companion/worked_examples/AIHE-CASE06_five_year_lifecycle_cost_pricing_roi_and_benefit_realization/data/synthetic_inputs.json,AIHE_Canon_V1.0/cases/CASE06_cost_roi/data/inputs.json
digital-resource-companion/worked_examples/AIHE-CASE06_five_year_lifecycle_cost_pricing_roi_and_benefit_realization/documentation/RELATED_RESOURCES.md,AIHE_Canon_V1.0/cases/CASE06_cost_roi/notes/RELATED_RESOURCES.md
digital-resource-companion/worked_examples/AIHE-CASE06_five_year_lifecycle_cost_pricing_roi_and_benefit_realization/documentation/SELF_STUDY_GUIDE.md,AIHE_Canon_V1.0/cases/CASE06_cost_roi/notes/SELF_STUDY_GUIDE.md
digital-resource-companion/worked_examples/AIHE-CASE06_five_year_lifecycle_cost_pricing_roi_and_benefit_realization/metadata.json,AIHE_Canon_V1.0/cases/CASE06_cost_roi/metadata.json
digital-resource-companion/worked_examples/AIHE-CASE06_five_year_lifecycle_cost_pricing_roi_and_benefit_realization/scenario/SCENARIO.md,AIHE_Canon_V1.0/cases/CASE06_cost_roi/scn/SCENARIO.md
digital-resource-companion/worked_examples/AIHE-CASE06_five_year_lifecycle_cost_pricing_roi_and_benefit_realization/workbook/xlsx/AIHE-CASE06_worked_example_and_template.xlsx,AIHE_Canon_V1.0/cases/CASE06_cost_roi/wb/xlsx/AIHE-CASE06_example_template.xlsx
digital-resource-companion/worked_examples/AIHE-CASE06_five_year_lifecycle_cost_pricing_roi_and_benefit_realization/workbook/xlsx/AIHE-CASE06_worked_example_and_template_V1.0.xlsx,AIHE_Canon_V1.0/cases/CASE06_cost_roi/wb/xlsx/AIHE-CASE06_example_template_V1.0.xlsx
digital-resource-companion/worked_examples/AIHE-CASE06_five_year_lifecycle_cost_pricing_roi_and_benefit_realization/worked_solution/WORKED_SOLUTION.md,AIHE_Canon_V1.0/cases/CASE06_cost_roi/solution/WORKED_SOLUTION.md
digital-resource-companion/worked_examples/AIHE-CASE07_remote_monitoring_cost_effectiveness_budget_impact_and_hta/ALIGNMENT_V1.0.md,AIHE_Canon_V1.0/cases/CASE07_remote_monitor/ALIGN_V1.0.md
digital-resource-companion/worked_examples/AIHE-CASE07_remote_monitoring_cost_effectiveness_budget_impact_and_hta/README.md,AIHE_Canon_V1.0/cases/CASE07_remote_monitor/README.md
digital-resource-companion/worked_examples/AIHE-CASE07_remote_monitoring_cost_effectiveness_budget_impact_and_hta/data/synthetic_inputs.csv,AIHE_Canon_V1.0/cases/CASE07_remote_monitor/data/inputs.csv
digital-resource-companion/worked_examples/AIHE-CASE07_remote_monitoring_cost_effectiveness_budget_impact_and_hta/data/synthetic_inputs.json,AIHE_Canon_V1.0/cases/CASE07_remote_monitor/data/inputs.json
digital-resource-companion/worked_examples/AIHE-CASE07_remote_monitoring_cost_effectiveness_budget_impact_and_hta/documentation/RELATED_RESOURCES.md,AIHE_Canon_V1.0/cases/CASE07_remote_monitor/notes/RELATED_RESOURCES.md
digital-resource-companion/worked_examples/AIHE-CASE07_remote_monitoring_cost_effectiveness_budget_impact_and_hta/documentation/SELF_STUDY_GUIDE.md,AIHE_Canon_V1.0/cases/CASE07_remote_monitor/notes/SELF_STUDY_GUIDE.md
digital-resource-companion/worked_examples/AIHE-CASE07_remote_monitoring_cost_effectiveness_budget_impact_and_hta/metadata.json,AIHE_Canon_V1.0/cases/CASE07_remote_monitor/metadata.json
digital-resource-companion/worked_examples/AIHE-CASE07_remote_monitoring_cost_effectiveness_budget_impact_and_hta/scenario/SCENARIO.md,AIHE_Canon_V1.0/cases/CASE07_remote_monitor/scn/SCENARIO.md
digital-resource-companion/worked_examples/AIHE-CASE07_remote_monitoring_cost_effectiveness_budget_impact_and_hta/workbook/xlsx/AIHE-CASE07_worked_example_and_template.xlsx,AIHE_Canon_V1.0/cases/CASE07_remote_monitor/wb/xlsx/AIHE-CASE07_example_template.xlsx
digital-resource-companion/worked_examples/AIHE-CASE07_remote_monitoring_cost_effectiveness_budget_impact_and_hta/workbook/xlsx/AIHE-CASE07_worked_example_and_template_V1.0.xlsx,AIHE_Canon_V1.0/cases/CASE07_remote_monitor/wb/xlsx/AIHE-CASE07_example_template_V1.0.xlsx
digital-resource-companion/worked_examples/AIHE-CASE07_remote_monitoring_cost_effectiveness_budget_impact_and_hta/worked_solution/WORKED_SOLUTION.md,AIHE_Canon_V1.0/cases/CASE07_remote_monitor/solution/WORKED_SOLUTION.md
digital-resource-companion/worked_examples/AIHE-CASE08B_evsi_and_expected_net_benefit_of_sampling_for_a_staged_pilot/README.md,AIHE_Canon_V1.0/cases/CASE08B_evsi/README.md
digital-resource-companion/worked_examples/AIHE-CASE08B_evsi_and_expected_net_benefit_of_sampling_for_a_staged_pilot/data/case_inputs.csv,AIHE_Canon_V1.0/cases/CASE08B_evsi/data/case_inputs.csv
digital-resource-companion/worked_examples/AIHE-CASE08B_evsi_and_expected_net_benefit_of_sampling_for_a_staged_pilot/documentation/CASE_GUIDE.md,AIHE_Canon_V1.0/cases/CASE08B_evsi/notes/CASE_GUIDE.md
digital-resource-companion/worked_examples/AIHE-CASE08B_evsi_and_expected_net_benefit_of_sampling_for_a_staged_pilot/scenario/scenario.json,AIHE_Canon_V1.0/cases/CASE08B_evsi/scn/scenario.json
digital-resource-companion/worked_examples/AIHE-CASE08B_evsi_and_expected_net_benefit_of_sampling_for_a_staged_pilot/workbook/xlsx/AIHE-CASE08B_worked_example_and_template_V1.0.xlsx,AIHE_Canon_V1.0/cases/CASE08B_evsi/wb/xlsx/AIHE-CASE08B_example_template_V1.0.xlsx
digital-resource-companion/worked_examples/AIHE-CASE08B_evsi_and_expected_net_benefit_of_sampling_for_a_staged_pilot/worked_solution/worked_interpretation.md,AIHE_Canon_V1.0/cases/CASE08B_evsi/solution/worked_interpretation.md
digital-resource-companion/worked_examples/AIHE-CASE08_imaging_prioritization_decision_model_and_value_of_information/ALIGNMENT_V1.0.md,AIHE_Canon_V1.0/cases/CASE08_imaging_voi/ALIGN_V1.0.md
digital-resource-companion/worked_examples/AIHE-CASE08_imaging_prioritization_decision_model_and_value_of_information/README.md,AIHE_Canon_V1.0/cases/CASE08_imaging_voi/README.md
digital-resource-companion/worked_examples/AIHE-CASE08_imaging_prioritization_decision_model_and_value_of_information/data/synthetic_inputs.csv,AIHE_Canon_V1.0/cases/CASE08_imaging_voi/data/inputs.csv
digital-resource-companion/worked_examples/AIHE-CASE08_imaging_prioritization_decision_model_and_value_of_information/data/synthetic_inputs.json,AIHE_Canon_V1.0/cases/CASE08_imaging_voi/data/inputs.json
digital-resource-companion/worked_examples/AIHE-CASE08_imaging_prioritization_decision_model_and_value_of_information/documentation/RELATED_RESOURCES.md,AIHE_Canon_V1.0/cases/CASE08_imaging_voi/notes/RELATED_RESOURCES.md
digital-resource-companion/worked_examples/AIHE-CASE08_imaging_prioritization_decision_model_and_value_of_information/documentation/SELF_STUDY_GUIDE.md,AIHE_Canon_V1.0/cases/CASE08_imaging_voi/notes/SELF_STUDY_GUIDE.md
digital-resource-companion/worked_examples/AIHE-CASE08_imaging_prioritization_decision_model_and_value_of_information/metadata.json,AIHE_Canon_V1.0/cases/CASE08_imaging_voi/metadata.json
digital-resource-companion/worked_examples/AIHE-CASE08_imaging_prioritization_decision_model_and_value_of_information/scenario/SCENARIO.md,AIHE_Canon_V1.0/cases/CASE08_imaging_voi/scn/SCENARIO.md
digital-resource-companion/worked_examples/AIHE-CASE08_imaging_prioritization_decision_model_and_value_of_information/workbook/xlsx/AIHE-CASE08_worked_example_and_template.xlsx,AIHE_Canon_V1.0/cases/CASE08_imaging_voi/wb/xlsx/AIHE-CASE08_example_template.xlsx
digital-resource-companion/worked_examples/AIHE-CASE08_imaging_prioritization_decision_model_and_value_of_information/workbook/xlsx/AIHE-CASE08_worked_example_and_template_V1.0.xlsx,AIHE_Canon_V1.0/cases/CASE08_imaging_voi/wb/xlsx/AIHE-CASE08_example_template_V1.0.xlsx
digital-resource-companion/worked_examples/AIHE-CASE08_imaging_prioritization_decision_model_and_value_of_information/worked_solution/WORKED_SOLUTION.md,AIHE_Canon_V1.0/cases/CASE08_imaging_voi/solution/WORKED_SOLUTION.md
digital-resource-companion/worked_examples/AIHE-CASE09B_upstream_model_provider_change_during_a_vendor_contract/README.md,AIHE_Canon_V1.0/cases/CASE09B_model_change/README.md
digital-resource-companion/worked_examples/AIHE-CASE09B_upstream_model_provider_change_during_a_vendor_contract/data/case_inputs.csv,AIHE_Canon_V1.0/cases/CASE09B_model_change/data/case_inputs.csv
digital-resource-companion/worked_examples/AIHE-CASE09B_upstream_model_provider_change_during_a_vendor_contract/documentation/CASE_GUIDE.md,AIHE_Canon_V1.0/cases/CASE09B_model_change/notes/CASE_GUIDE.md
digital-resource-companion/worked_examples/AIHE-CASE09B_upstream_model_provider_change_during_a_vendor_contract/scenario/scenario.json,AIHE_Canon_V1.0/cases/CASE09B_model_change/scn/scenario.json
digital-resource-companion/worked_examples/AIHE-CASE09B_upstream_model_provider_change_during_a_vendor_contract/workbook/xlsx/AIHE-CASE09B_worked_example_and_template_V1.0.xlsx,AIHE_Canon_V1.0/cases/CASE09B_model_change/wb/xlsx/AIHE-CASE09B_example_template_V1.0.xlsx
digital-resource-companion/worked_examples/AIHE-CASE09B_upstream_model_provider_change_during_a_vendor_contract/worked_solution/worked_interpretation.md,AIHE_Canon_V1.0/cases/CASE09B_model_change/solution/worked_interpretation.md
digital-resource-companion/worked_examples/AIHE-CASE09_ai_vendor_procurement_and_contract_negotiation/ALIGNMENT_V1.0.md,AIHE_Canon_V1.0/cases/CASE09_vendor_contract/ALIGN_V1.0.md
digital-resource-companion/worked_examples/AIHE-CASE09_ai_vendor_procurement_and_contract_negotiation/README.md,AIHE_Canon_V1.0/cases/CASE09_vendor_contract/README.md
digital-resource-companion/worked_examples/AIHE-CASE09_ai_vendor_procurement_and_contract_negotiation/data/synthetic_inputs.csv,AIHE_Canon_V1.0/cases/CASE09_vendor_contract/data/inputs.csv
digital-resource-companion/worked_examples/AIHE-CASE09_ai_vendor_procurement_and_contract_negotiation/data/synthetic_inputs.json,AIHE_Canon_V1.0/cases/CASE09_vendor_contract/data/inputs.json
digital-resource-companion/worked_examples/AIHE-CASE09_ai_vendor_procurement_and_contract_negotiation/documentation/RELATED_RESOURCES.md,AIHE_Canon_V1.0/cases/CASE09_vendor_contract/notes/RELATED_RESOURCES.md
digital-resource-companion/worked_examples/AIHE-CASE09_ai_vendor_procurement_and_contract_negotiation/documentation/SELF_STUDY_GUIDE.md,AIHE_Canon_V1.0/cases/CASE09_vendor_contract/notes/SELF_STUDY_GUIDE.md
digital-resource-companion/worked_examples/AIHE-CASE09_ai_vendor_procurement_and_contract_negotiation/metadata.json,AIHE_Canon_V1.0/cases/CASE09_vendor_contract/metadata.json
digital-resource-companion/worked_examples/AIHE-CASE09_ai_vendor_procurement_and_contract_negotiation/scenario/SCENARIO.md,AIHE_Canon_V1.0/cases/CASE09_vendor_contract/scn/SCENARIO.md
digital-resource-companion/worked_examples/AIHE-CASE09_ai_vendor_procurement_and_contract_negotiation/workbook/xlsx/AIHE-CASE09_worked_example_and_template.xlsx,AIHE_Canon_V1.0/cases/CASE09_vendor_contract/wb/xlsx/AIHE-CASE09_example_template.xlsx
digital-resource-companion/worked_examples/AIHE-CASE09_ai_vendor_procurement_and_contract_negotiation/workbook/xlsx/AIHE-CASE09_worked_example_and_template_V1.0.xlsx,AIHE_Canon_V1.0/cases/CASE09_vendor_contract/wb/xlsx/AIHE-CASE09_example_template_V1.0.xlsx
digital-resource-companion/worked_examples/AIHE-CASE09_ai_vendor_procurement_and_contract_negotiation/worked_solution/WORKED_SOLUTION.md,AIHE_Canon_V1.0/cases/CASE09_vendor_contract/solution/WORKED_SOLUTION.md
digital-resource-companion/worked_examples/AIHE-CASE10_patient_facing_chatbot_institutional_risk_review/ALIGNMENT_V1.0.md,AIHE_Canon_V1.0/cases/CASE10_chatbot_risk/ALIGN_V1.0.md
digital-resource-companion/worked_examples/AIHE-CASE10_patient_facing_chatbot_institutional_risk_review/README.md,AIHE_Canon_V1.0/cases/CASE10_chatbot_risk/README.md
digital-resource-companion/worked_examples/AIHE-CASE10_patient_facing_chatbot_institutional_risk_review/data/synthetic_inputs.csv,AIHE_Canon_V1.0/cases/CASE10_chatbot_risk/data/inputs.csv
digital-resource-companion/worked_examples/AIHE-CASE10_patient_facing_chatbot_institutional_risk_review/data/synthetic_inputs.json,AIHE_Canon_V1.0/cases/CASE10_chatbot_risk/data/inputs.json
digital-resource-companion/worked_examples/AIHE-CASE10_patient_facing_chatbot_institutional_risk_review/documentation/RELATED_RESOURCES.md,AIHE_Canon_V1.0/cases/CASE10_chatbot_risk/notes/RELATED_RESOURCES.md
digital-resource-companion/worked_examples/AIHE-CASE10_patient_facing_chatbot_institutional_risk_review/documentation/SELF_STUDY_GUIDE.md,AIHE_Canon_V1.0/cases/CASE10_chatbot_risk/notes/SELF_STUDY_GUIDE.md
digital-resource-companion/worked_examples/AIHE-CASE10_patient_facing_chatbot_institutional_risk_review/metadata.json,AIHE_Canon_V1.0/cases/CASE10_chatbot_risk/metadata.json
digital-resource-companion/worked_examples/AIHE-CASE10_patient_facing_chatbot_institutional_risk_review/scenario/SCENARIO.md,AIHE_Canon_V1.0/cases/CASE10_chatbot_risk/scn/SCENARIO.md
digital-resource-companion/worked_examples/AIHE-CASE10_patient_facing_chatbot_institutional_risk_review/workbook/xlsx/AIHE-CASE10_worked_example_and_template.xlsx,AIHE_Canon_V1.0/cases/CASE10_chatbot_risk/wb/xlsx/AIHE-CASE10_example_template.xlsx
digital-resource-companion/worked_examples/AIHE-CASE10_patient_facing_chatbot_institutional_risk_review/workbook/xlsx/AIHE-CASE10_worked_example_and_template_V1.0.xlsx,AIHE_Canon_V1.0/cases/CASE10_chatbot_risk/wb/xlsx/AIHE-CASE10_example_template_V1.0.xlsx
digital-resource-companion/worked_examples/AIHE-CASE10_patient_facing_chatbot_institutional_risk_review/worked_solution/WORKED_SOLUTION.md,AIHE_Canon_V1.0/cases/CASE10_chatbot_risk/solution/WORKED_SOLUTION.md
digital-resource-companion/worked_examples/AIHE-CASE11_local_validation_and_causal_evaluation_of_a_readmission_model/ALIGNMENT_V1.0.md,AIHE_Canon_V1.0/cases/CASE11_readmit_eval/ALIGN_V1.0.md
digital-resource-companion/worked_examples/AIHE-CASE11_local_validation_and_causal_evaluation_of_a_readmission_model/README.md,AIHE_Canon_V1.0/cases/CASE11_readmit_eval/README.md
digital-resource-companion/worked_examples/AIHE-CASE11_local_validation_and_causal_evaluation_of_a_readmission_model/data/synthetic_inputs.csv,AIHE_Canon_V1.0/cases/CASE11_readmit_eval/data/inputs.csv
digital-resource-companion/worked_examples/AIHE-CASE11_local_validation_and_causal_evaluation_of_a_readmission_model/data/synthetic_inputs.json,AIHE_Canon_V1.0/cases/CASE11_readmit_eval/data/inputs.json
digital-resource-companion/worked_examples/AIHE-CASE11_local_validation_and_causal_evaluation_of_a_readmission_model/documentation/RELATED_RESOURCES.md,AIHE_Canon_V1.0/cases/CASE11_readmit_eval/notes/RELATED_RESOURCES.md
digital-resource-companion/worked_examples/AIHE-CASE11_local_validation_and_causal_evaluation_of_a_readmission_model/documentation/SELF_STUDY_GUIDE.md,AIHE_Canon_V1.0/cases/CASE11_readmit_eval/notes/SELF_STUDY_GUIDE.md
digital-resource-companion/worked_examples/AIHE-CASE11_local_validation_and_causal_evaluation_of_a_readmission_model/metadata.json,AIHE_Canon_V1.0/cases/CASE11_readmit_eval/metadata.json
digital-resource-companion/worked_examples/AIHE-CASE11_local_validation_and_causal_evaluation_of_a_readmission_model/scenario/SCENARIO.md,AIHE_Canon_V1.0/cases/CASE11_readmit_eval/scn/SCENARIO.md
digital-resource-companion/worked_examples/AIHE-CASE11_local_validation_and_causal_evaluation_of_a_readmission_model/workbook/xlsx/AIHE-CASE11_worked_example_and_template.xlsx,AIHE_Canon_V1.0/cases/CASE11_readmit_eval/wb/xlsx/AIHE-CASE11_example_template.xlsx
digital-resource-companion/worked_examples/AIHE-CASE11_local_validation_and_causal_evaluation_of_a_readmission_model/workbook/xlsx/AIHE-CASE11_worked_example_and_template_V1.0.xlsx,AIHE_Canon_V1.0/cases/CASE11_readmit_eval/wb/xlsx/AIHE-CASE11_example_template_V1.0.xlsx
digital-resource-companion/worked_examples/AIHE-CASE11_local_validation_and_causal_evaluation_of_a_readmission_model/worked_solution/WORKED_SOLUTION.md,AIHE_Canon_V1.0/cases/CASE11_readmit_eval/solution/WORKED_SOLUTION.md
digital-resource-companion/worked_examples/AIHE-CASE12_model_update_incident_response_and_renewal_decision/ALIGNMENT_V1.0.md,AIHE_Canon_V1.0/cases/CASE12_update_renew/ALIGN_V1.0.md
digital-resource-companion/worked_examples/AIHE-CASE12_model_update_incident_response_and_renewal_decision/README.md,AIHE_Canon_V1.0/cases/CASE12_update_renew/README.md
digital-resource-companion/worked_examples/AIHE-CASE12_model_update_incident_response_and_renewal_decision/data/synthetic_inputs.csv,AIHE_Canon_V1.0/cases/CASE12_update_renew/data/inputs.csv
digital-resource-companion/worked_examples/AIHE-CASE12_model_update_incident_response_and_renewal_decision/data/synthetic_inputs.json,AIHE_Canon_V1.0/cases/CASE12_update_renew/data/inputs.json
digital-resource-companion/worked_examples/AIHE-CASE12_model_update_incident_response_and_renewal_decision/documentation/RELATED_RESOURCES.md,AIHE_Canon_V1.0/cases/CASE12_update_renew/notes/RELATED_RESOURCES.md
digital-resource-companion/worked_examples/AIHE-CASE12_model_update_incident_response_and_renewal_decision/documentation/SELF_STUDY_GUIDE.md,AIHE_Canon_V1.0/cases/CASE12_update_renew/notes/SELF_STUDY_GUIDE.md
digital-resource-companion/worked_examples/AIHE-CASE12_model_update_incident_response_and_renewal_decision/metadata.json,AIHE_Canon_V1.0/cases/CASE12_update_renew/metadata.json
digital-resource-companion/worked_examples/AIHE-CASE12_model_update_incident_response_and_renewal_decision/scenario/SCENARIO.md,AIHE_Canon_V1.0/cases/CASE12_update_renew/scn/SCENARIO.md
digital-resource-companion/worked_examples/AIHE-CASE12_model_update_incident_response_and_renewal_decision/workbook/xlsx/AIHE-CASE12_worked_example_and_template.xlsx,AIHE_Canon_V1.0/cases/CASE12_update_renew/wb/xlsx/AIHE-CASE12_example_template.xlsx
digital-resource-companion/worked_examples/AIHE-CASE12_model_update_incident_response_and_renewal_decision/workbook/xlsx/AIHE-CASE12_worked_example_and_template_V1.0.xlsx,AIHE_Canon_V1.0/cases/CASE12_update_renew/wb/xlsx/AIHE-CASE12_example_template_V1.0.xlsx
digital-resource-companion/worked_examples/AIHE-CASE12_model_update_incident_response_and_renewal_decision/worked_solution/WORKED_SOLUTION.md,AIHE_Canon_V1.0/cases/CASE12_update_renew/solution/WORKED_SOLUTION.md
digital-resource-companion/worked_examples/AIHE-CASE13B_rebound_and_burden_transfer/README.md,AIHE_Canon_V1.0/cases/CASE13B_rebound/README.md
digital-resource-companion/worked_examples/AIHE-CASE13B_rebound_and_burden_transfer/data/case_inputs.csv,AIHE_Canon_V1.0/cases/CASE13B_rebound/data/case_inputs.csv
digital-resource-companion/worked_examples/AIHE-CASE13B_rebound_and_burden_transfer/documentation/CASE_GUIDE.md,AIHE_Canon_V1.0/cases/CASE13B_rebound/notes/CASE_GUIDE.md
digital-resource-companion/worked_examples/AIHE-CASE13B_rebound_and_burden_transfer/scenario/scenario.json,AIHE_Canon_V1.0/cases/CASE13B_rebound/scn/scenario.json
digital-resource-companion/worked_examples/AIHE-CASE13B_rebound_and_burden_transfer/workbook/xlsx/AIHE-CASE13B_worked_example_and_template_V1.0.xlsx,AIHE_Canon_V1.0/cases/CASE13B_rebound/wb/xlsx/AIHE-CASE13B_example_template_V1.0.xlsx
digital-resource-companion/worked_examples/AIHE-CASE13B_rebound_and_burden_transfer/worked_solution/worked_interpretation.md,AIHE_Canon_V1.0/cases/CASE13B_rebound/solution/worked_interpretation.md
digital-resource-companion/worked_examples/AIHE-CASE13_circular_ai_infrastructure_strategy/ALIGNMENT_V1.0.md,AIHE_Canon_V1.0/cases/CASE13_circular_infra/ALIGN_V1.0.md
digital-resource-companion/worked_examples/AIHE-CASE13_circular_ai_infrastructure_strategy/README.md,AIHE_Canon_V1.0/cases/CASE13_circular_infra/README.md
digital-resource-companion/worked_examples/AIHE-CASE13_circular_ai_infrastructure_strategy/data/synthetic_inputs.csv,AIHE_Canon_V1.0/cases/CASE13_circular_infra/data/inputs.csv
digital-resource-companion/worked_examples/AIHE-CASE13_circular_ai_infrastructure_strategy/data/synthetic_inputs.json,AIHE_Canon_V1.0/cases/CASE13_circular_infra/data/inputs.json
digital-resource-companion/worked_examples/AIHE-CASE13_circular_ai_infrastructure_strategy/documentation/RELATED_RESOURCES.md,AIHE_Canon_V1.0/cases/CASE13_circular_infra/notes/RELATED_RESOURCES.md
digital-resource-companion/worked_examples/AIHE-CASE13_circular_ai_infrastructure_strategy/documentation/SELF_STUDY_GUIDE.md,AIHE_Canon_V1.0/cases/CASE13_circular_infra/notes/SELF_STUDY_GUIDE.md
digital-resource-companion/worked_examples/AIHE-CASE13_circular_ai_infrastructure_strategy/metadata.json,AIHE_Canon_V1.0/cases/CASE13_circular_infra/metadata.json
digital-resource-companion/worked_examples/AIHE-CASE13_circular_ai_infrastructure_strategy/scenario/SCENARIO.md,AIHE_Canon_V1.0/cases/CASE13_circular_infra/scn/SCENARIO.md
digital-resource-companion/worked_examples/AIHE-CASE13_circular_ai_infrastructure_strategy/workbook/xlsx/AIHE-CASE13_worked_example_and_template.xlsx,AIHE_Canon_V1.0/cases/CASE13_circular_infra/wb/xlsx/AIHE-CASE13_example_template.xlsx
digital-resource-companion/worked_examples/AIHE-CASE13_circular_ai_infrastructure_strategy/workbook/xlsx/AIHE-CASE13_worked_example_and_template_V1.0.xlsx,AIHE_Canon_V1.0/cases/CASE13_circular_infra/wb/xlsx/AIHE-CASE13_example_template_V1.0.xlsx
digital-resource-companion/worked_examples/AIHE-CASE13_circular_ai_infrastructure_strategy/worked_solution/WORKED_SOLUTION.md,AIHE_Canon_V1.0/cases/CASE13_circular_infra/solution/WORKED_SOLUTION.md
digital-resource-companion/worked_examples/AIHE-CASE14_imaging_platform_maintain_refurbish_replace_or_share/ALIGNMENT_V1.0.md,AIHE_Canon_V1.0/cases/CASE14_asset_options/ALIGN_V1.0.md
digital-resource-companion/worked_examples/AIHE-CASE14_imaging_platform_maintain_refurbish_replace_or_share/README.md,AIHE_Canon_V1.0/cases/CASE14_asset_options/README.md
digital-resource-companion/worked_examples/AIHE-CASE14_imaging_platform_maintain_refurbish_replace_or_share/data/synthetic_inputs.csv,AIHE_Canon_V1.0/cases/CASE14_asset_options/data/inputs.csv
digital-resource-companion/worked_examples/AIHE-CASE14_imaging_platform_maintain_refurbish_replace_or_share/data/synthetic_inputs.json,AIHE_Canon_V1.0/cases/CASE14_asset_options/data/inputs.json
digital-resource-companion/worked_examples/AIHE-CASE14_imaging_platform_maintain_refurbish_replace_or_share/documentation/RELATED_RESOURCES.md,AIHE_Canon_V1.0/cases/CASE14_asset_options/notes/RELATED_RESOURCES.md
digital-resource-companion/worked_examples/AIHE-CASE14_imaging_platform_maintain_refurbish_replace_or_share/documentation/SELF_STUDY_GUIDE.md,AIHE_Canon_V1.0/cases/CASE14_asset_options/notes/SELF_STUDY_GUIDE.md
digital-resource-companion/worked_examples/AIHE-CASE14_imaging_platform_maintain_refurbish_replace_or_share/metadata.json,AIHE_Canon_V1.0/cases/CASE14_asset_options/metadata.json
digital-resource-companion/worked_examples/AIHE-CASE14_imaging_platform_maintain_refurbish_replace_or_share/scenario/SCENARIO.md,AIHE_Canon_V1.0/cases/CASE14_asset_options/scn/SCENARIO.md
digital-resource-companion/worked_examples/AIHE-CASE14_imaging_platform_maintain_refurbish_replace_or_share/workbook/xlsx/AIHE-CASE14_worked_example_and_template.xlsx,AIHE_Canon_V1.0/cases/CASE14_asset_options/wb/xlsx/AIHE-CASE14_example_template.xlsx
digital-resource-companion/worked_examples/AIHE-CASE14_imaging_platform_maintain_refurbish_replace_or_share/workbook/xlsx/AIHE-CASE14_worked_example_and_template_V1.0.xlsx,AIHE_Canon_V1.0/cases/CASE14_asset_options/wb/xlsx/AIHE-CASE14_example_template_V1.0.xlsx
digital-resource-companion/worked_examples/AIHE-CASE14_imaging_platform_maintain_refurbish_replace_or_share/worked_solution/WORKED_SOLUTION.md,AIHE_Canon_V1.0/cases/CASE14_asset_options/solution/WORKED_SOLUTION.md
digital-resource-companion/worked_examples/AIHE-CASE15_ai_assisted_remote_diagnostic_pathway/README.md,AIHE_Canon_V1.0/cases/CASE15_remote_diag/README.md
digital-resource-companion/worked_examples/AIHE-CASE15_ai_assisted_remote_diagnostic_pathway/data/case_inputs.csv,AIHE_Canon_V1.0/cases/CASE15_remote_diag/data/case_inputs.csv
digital-resource-companion/worked_examples/AIHE-CASE15_ai_assisted_remote_diagnostic_pathway/documentation/CASE_GUIDE.md,AIHE_Canon_V1.0/cases/CASE15_remote_diag/notes/CASE_GUIDE.md
digital-resource-companion/worked_examples/AIHE-CASE15_ai_assisted_remote_diagnostic_pathway/scenario/scenario.json,AIHE_Canon_V1.0/cases/CASE15_remote_diag/scn/scenario.json
digital-resource-companion/worked_examples/AIHE-CASE15_ai_assisted_remote_diagnostic_pathway/workbook/xlsx/AIHE-CASE15_worked_example_and_template_V1.0.xlsx,AIHE_Canon_V1.0/cases/CASE15_remote_diag/wb/xlsx/AIHE-CASE15_example_template_V1.0.xlsx
digital-resource-companion/worked_examples/AIHE-CASE15_ai_assisted_remote_diagnostic_pathway/worked_solution/worked_interpretation.md,AIHE_Canon_V1.0/cases/CASE15_remote_diag/solution/worked_interpretation.md
digital-resource-companion/worked_examples/README.md,AIHE_Canon_V1.0/cases/README.md
digital-resource-companion/archive/v1.0/entry_points/AIHE_Core_Tools_V1.0.zip!/AIHE_Core_Tools_V1.0/Forms/AIHE_Core_Resource_Forms_V1.0.docx,AIHE_Canon_V1.0/archive/v1.0/entry/AIHE_Core_Tools_V1.0.zip!/AIHE_Core_Tools_V1.0/Forms/AIHE_Core_Forms_V1.0.docx
digital-resource-companion/archive/v1.0/entry_points/AIHE_Core_Tools_V1.0.zip!/AIHE_Core_Tools_V1.0/Forms/AIHE_Core_Resource_Forms_V1.0.odt,AIHE_Canon_V1.0/archive/v1.0/entry/AIHE_Core_Tools_V1.0.zip!/AIHE_Core_Tools_V1.0/Forms/AIHE_Core_Forms_V1.0.odt
digital-resource-companion/archive/v1.0/entry_points/AIHE_Core_Tools_V1.0.zip!/AIHE_Core_Tools_V1.0/Forms/AIHE_Core_Resource_Forms_V1.0.pdf,AIHE_Canon_V1.0/archive/v1.0/entry/AIHE_Core_Tools_V1.0.zip!/AIHE_Core_Tools_V1.0/Forms/AIHE_Core_Forms_V1.0.pdf
digital-resource-companion/archive/v1.0/entry_points/AIHE_Core_Tools_V1.0.zip!/AIHE_Core_Tools_V1.0/LICENSE.md,AIHE_Canon_V1.0/archive/v1.0/entry/AIHE_Core_Tools_V1.0.zip!/AIHE_Core_Tools_V1.0/LICENSE.md
digital-resource-companion/archive/v1.0/entry_points/AIHE_Core_Tools_V1.0.zip!/AIHE_Core_Tools_V1.0/MANIFEST.txt,AIHE_Canon_V1.0/archive/v1.0/entry/AIHE_Core_Tools_V1.0.zip!/AIHE_Core_Tools_V1.0/MANIFEST.txt
digital-resource-companion/archive/v1.0/entry_points/AIHE_Core_Tools_V1.0.zip!/AIHE_Core_Tools_V1.0/README.md,AIHE_Canon_V1.0/archive/v1.0/entry/AIHE_Core_Tools_V1.0.zip!/AIHE_Core_Tools_V1.0/README.md
digital-resource-companion/archive/v1.0/entry_points/AIHE_Core_Tools_V1.0.zip!/AIHE_Core_Tools_V1.0/Workbooks/AIHE_Core_Resource_Workbooks_V1.0.ods,AIHE_Canon_V1.0/archive/v1.0/entry/AIHE_Core_Tools_V1.0.zip!/AIHE_Core_Tools_V1.0/Workbooks/AIHE_Core_WB_V1.0.ods
digital-resource-companion/archive/v1.0/entry_points/AIHE_Core_Tools_V1.0.zip!/AIHE_Core_Tools_V1.0/Workbooks/AIHE_Core_Resource_Workbooks_V1.0.xlsx,AIHE_Canon_V1.0/archive/v1.0/entry/AIHE_Core_Tools_V1.0.zip!/AIHE_Core_Tools_V1.0/Workbooks/AIHE_Core_WB_V1.0.xlsx
digital-resource-companion/archive/v1.0/entry_points/AIHE_Core_Tools_V1.0.zip!/AIHE_Core_Tools_V1.0/Workbooks/WORKBOOK_GUIDE.md,AIHE_Canon_V1.0/archive/v1.0/entry/AIHE_Core_Tools_V1.0.zip!/AIHE_Core_Tools_V1.0/Workbooks/WORKBOOK_GUIDE.md
digital-resource-companion/bundles/core_tools/AIHE_Core_Tools_V1.0.zip!/AIHE_Core_Tools_V1.0/BOOK_STRUCTURE.json,AIHE_Canon_V1.0/bundles/tools/AIHE_Core_Tools_V1.0.zip!/AIHE_Core_Tools_V1.0/BOOK_STRUCTURE.json
digital-resource-companion/bundles/core_tools/AIHE_Core_Tools_V1.0.zip!/AIHE_Core_Tools_V1.0/BOOK_STRUCTURE.md,AIHE_Canon_V1.0/bundles/tools/AIHE_Core_Tools_V1.0.zip!/AIHE_Core_Tools_V1.0/BOOK_STRUCTURE.md
digital-resource-companion/bundles/core_tools/AIHE_Core_Tools_V1.0.zip!/AIHE_Core_Tools_V1.0/FILE_INVENTORY.csv,AIHE_Canon_V1.0/bundles/tools/AIHE_Core_Tools_V1.0.zip!/AIHE_Core_Tools_V1.0/FILE_INVENTORY.csv
digital-resource-companion/bundles/core_tools/AIHE_Core_Tools_V1.0.zip!/AIHE_Core_Tools_V1.0/FILE_INVENTORY.txt,AIHE_Canon_V1.0/bundles/tools/AIHE_Core_Tools_V1.0.zip!/AIHE_Core_Tools_V1.0/FILE_INVENTORY.txt
digital-resource-companion/bundles/core_tools/AIHE_Core_Tools_V1.0.zip!/AIHE_Core_Tools_V1.0/README.md,AIHE_Canon_V1.0/bundles/tools/AIHE_Core_Tools_V1.0.zip!/AIHE_Core_Tools_V1.0/README.md
digital-resource-companion/bundles/core_tools/AIHE_Core_Tools_V1.0.zip!/AIHE_Core_Tools_V1.0/SHA256SUMS.txt,AIHE_Canon_V1.0/bundles/tools/AIHE_Core_Tools_V1.0.zip!/AIHE_Core_Tools_V1.0/SHA256SUMS.txt
digital-resource-companion/bundles/core_tools/AIHE_Core_Tools_V1.0.zip!/AIHE_Core_Tools_V1.0/START_HERE.md,AIHE_Canon_V1.0/bundles/tools/AIHE_Core_Tools_V1.0.zip!/AIHE_Core_Tools_V1.0/START_HERE.md
digital-resource-companion/bundles/core_tools/AIHE_Core_Tools_V1.0.zip!/AIHE_Core_Tools_V1.0/START_HERE.pdf,AIHE_Canon_V1.0/bundles/tools/AIHE_Core_Tools_V1.0.zip!/AIHE_Core_Tools_V1.0/START_V1.0.pdf
digital-resource-companion/bundles/core_tools/AIHE_Core_Tools_V1.0.zip!/AIHE_Core_Tools_V1.0/catalogs/FIGURE_CATALOG.csv,AIHE_Canon_V1.0/bundles/tools/AIHE_Core_Tools_V1.0.zip!/AIHE_Core_Tools_V1.0/catalog/FIGURE_CATALOG.csv
digital-resource-companion/bundles/core_tools/AIHE_Core_Tools_V1.0.zip!/AIHE_Core_Tools_V1.0/catalogs/FIGURE_CATALOG.json,AIHE_Canon_V1.0/bundles/tools/AIHE_Core_Tools_V1.0.zip!/AIHE_Core_Tools_V1.0/catalog/FIGURE_CATALOG.json
digital-resource-companion/bundles/core_tools/AIHE_Core_Tools_V1.0.zip!/AIHE_Core_Tools_V1.0/catalogs/FIGURE_CATALOG.xlsx,AIHE_Canon_V1.0/bundles/tools/AIHE_Core_Tools_V1.0.zip!/AIHE_Core_Tools_V1.0/catalog/FIGURE_CATALOG.xlsx
digital-resource-companion/bundles/core_tools/AIHE_Core_Tools_V1.0.zip!/AIHE_Core_Tools_V1.0/catalogs/MASTER_RESOURCE_CATALOG.csv,AIHE_Canon_V1.0/bundles/tools/AIHE_Core_Tools_V1.0.zip!/AIHE_Core_Tools_V1.0/catalog/MASTER_RESOURCE_CATALOG.csv
digital-resource-companion/bundles/core_tools/AIHE_Core_Tools_V1.0.zip!/AIHE_Core_Tools_V1.0/catalogs/MASTER_RESOURCE_CATALOG.json,AIHE_Canon_V1.0/bundles/tools/AIHE_Core_Tools_V1.0.zip!/AIHE_Core_Tools_V1.0/catalog/MASTER_RESOURCE_CATALOG.json
digital-resource-companion/bundles/core_tools/AIHE_Core_Tools_V1.0.zip!/AIHE_Core_Tools_V1.0/catalogs/MASTER_RESOURCE_CATALOG.xlsx,AIHE_Canon_V1.0/bundles/tools/AIHE_Core_Tools_V1.0.zip!/AIHE_Core_Tools_V1.0/catalog/MASTER_RESOURCE_CATALOG.xlsx
digital-resource-companion/bundles/core_tools/AIHE_Core_Tools_V1.0.zip!/AIHE_Core_Tools_V1.0/catalogs/PYTHON_MODULE_CATALOG.csv,AIHE_Canon_V1.0/bundles/tools/AIHE_Core_Tools_V1.0.zip!/AIHE_Core_Tools_V1.0/catalog/PYTHON_MODULE_CATALOG.csv
digital-resource-companion/bundles/core_tools/AIHE_Core_Tools_V1.0.zip!/AIHE_Core_Tools_V1.0/catalogs/PYTHON_MODULE_CATALOG.json,AIHE_Canon_V1.0/bundles/tools/AIHE_Core_Tools_V1.0.zip!/AIHE_Core_Tools_V1.0/catalog/PYTHON_MODULE_CATALOG.json
digital-resource-companion/bundles/core_tools/AIHE_Core_Tools_V1.0.zip!/AIHE_Core_Tools_V1.0/catalogs/PYTHON_MODULE_CATALOG.xlsx,AIHE_Canon_V1.0/bundles/tools/AIHE_Core_Tools_V1.0.zip!/AIHE_Core_Tools_V1.0/catalog/PYTHON_MODULE_CATALOG.xlsx
digital-resource-companion/bundles/core_tools/AIHE_Core_Tools_V1.0.zip!/AIHE_Core_Tools_V1.0/catalogs/RESOURCE_RELATIONSHIP_MAP.csv,AIHE_Canon_V1.0/bundles/tools/AIHE_Core_Tools_V1.0.zip!/AIHE_Core_Tools_V1.0/catalog/RESOURCE_RELATIONSHIP_MAP.csv
digital-resource-companion/bundles/core_tools/AIHE_Core_Tools_V1.0.zip!/AIHE_Core_Tools_V1.0/catalogs/RESOURCE_RELATIONSHIP_MAP.json,AIHE_Canon_V1.0/bundles/tools/AIHE_Core_Tools_V1.0.zip!/AIHE_Core_Tools_V1.0/catalog/RESOURCE_RELATIONSHIP_MAP.json
digital-resource-companion/bundles/core_tools/AIHE_Core_Tools_V1.0.zip!/AIHE_Core_Tools_V1.0/catalogs/TABLE_CATALOG.csv,AIHE_Canon_V1.0/bundles/tools/AIHE_Core_Tools_V1.0.zip!/AIHE_Core_Tools_V1.0/catalog/TABLE_CATALOG.csv
digital-resource-companion/bundles/core_tools/AIHE_Core_Tools_V1.0.zip!/AIHE_Core_Tools_V1.0/catalogs/TABLE_CATALOG.json,AIHE_Canon_V1.0/bundles/tools/AIHE_Core_Tools_V1.0.zip!/AIHE_Core_Tools_V1.0/catalog/TABLE_CATALOG.json
digital-resource-companion/bundles/core_tools/AIHE_Core_Tools_V1.0.zip!/AIHE_Core_Tools_V1.0/catalogs/TABLE_CATALOG.xlsx,AIHE_Canon_V1.0/bundles/tools/AIHE_Core_Tools_V1.0.zip!/AIHE_Core_Tools_V1.0/catalog/TABLE_CATALOG.xlsx
digital-resource-companion/bundles/core_tools/AIHE_Core_Tools_V1.0.zip!/AIHE_Core_Tools_V1.0/catalogs/WORKED_CASE_CATALOG.csv,AIHE_Canon_V1.0/bundles/tools/AIHE_Core_Tools_V1.0.zip!/AIHE_Core_Tools_V1.0/catalog/WORKED_CASE_CATALOG.csv
digital-resource-companion/bundles/core_tools/AIHE_Core_Tools_V1.0.zip!/AIHE_Core_Tools_V1.0/catalogs/WORKED_CASE_CATALOG.json,AIHE_Canon_V1.0/bundles/tools/AIHE_Core_Tools_V1.0.zip!/AIHE_Core_Tools_V1.0/catalog/WORKED_CASE_CATALOG.json
digital-resource-companion/bundles/core_tools/AIHE_Core_Tools_V1.0.zip!/AIHE_Core_Tools_V1.0/catalogs/WORKED_CASE_CATALOG.xlsx,AIHE_Canon_V1.0/bundles/tools/AIHE_Core_Tools_V1.0.zip!/AIHE_Core_Tools_V1.0/catalog/WORKED_CASE_CATALOG.xlsx
digital-resource-companion/bundles/core_tools/AIHE_Core_Tools_V1.0.zip!/AIHE_Core_Tools_V1.0/data/core_records/AIHE-A01_blank.csv,AIHE_Canon_V1.0/bundles/tools/AIHE_Core_Tools_V1.0.zip!/AIHE_Core_Tools_V1.0/data/core_records/AIHE-A01_blank.csv
digital-resource-companion/bundles/core_tools/AIHE_Core_Tools_V1.0.zip!/AIHE_Core_Tools_V1.0/data/core_records/AIHE-A01_blank.json,AIHE_Canon_V1.0/bundles/tools/AIHE_Core_Tools_V1.0.zip!/AIHE_Core_Tools_V1.0/data/core_records/AIHE-A01_blank.json
digital-resource-companion/bundles/core_tools/AIHE_Core_Tools_V1.0.zip!/AIHE_Core_Tools_V1.0/data/core_records/AIHE-A02_blank.csv,AIHE_Canon_V1.0/bundles/tools/AIHE_Core_Tools_V1.0.zip!/AIHE_Core_Tools_V1.0/data/core_records/AIHE-A02_blank.csv
digital-resource-companion/bundles/core_tools/AIHE_Core_Tools_V1.0.zip!/AIHE_Core_Tools_V1.0/data/core_records/AIHE-A02_blank.json,AIHE_Canon_V1.0/bundles/tools/AIHE_Core_Tools_V1.0.zip!/AIHE_Core_Tools_V1.0/data/core_records/AIHE-A02_blank.json
digital-resource-companion/bundles/core_tools/AIHE_Core_Tools_V1.0.zip!/AIHE_Core_Tools_V1.0/data/core_records/AIHE-A03_blank.csv,AIHE_Canon_V1.0/bundles/tools/AIHE_Core_Tools_V1.0.zip!/AIHE_Core_Tools_V1.0/data/core_records/AIHE-A03_blank.csv
digital-resource-companion/bundles/core_tools/AIHE_Core_Tools_V1.0.zip!/AIHE_Core_Tools_V1.0/data/core_records/AIHE-A03_blank.json,AIHE_Canon_V1.0/bundles/tools/AIHE_Core_Tools_V1.0.zip!/AIHE_Core_Tools_V1.0/data/core_records/AIHE-A03_blank.json
digital-resource-companion/bundles/core_tools/AIHE_Core_Tools_V1.0.zip!/AIHE_Core_Tools_V1.0/data/core_records/AIHE-A04_blank.csv,AIHE_Canon_V1.0/bundles/tools/AIHE_Core_Tools_V1.0.zip!/AIHE_Core_Tools_V1.0/data/core_records/AIHE-A04_blank.csv
digital-resource-companion/bundles/core_tools/AIHE_Core_Tools_V1.0.zip!/AIHE_Core_Tools_V1.0/data/core_records/AIHE-A04_blank.json,AIHE_Canon_V1.0/bundles/tools/AIHE_Core_Tools_V1.0.zip!/AIHE_Core_Tools_V1.0/data/core_records/AIHE-A04_blank.json
digital-resource-companion/bundles/core_tools/AIHE_Core_Tools_V1.0.zip!/AIHE_Core_Tools_V1.0/data/core_records/AIHE-AA_S1_T1_Main_blank.csv,AIHE_Canon_V1.0/bundles/tools/AIHE_Core_Tools_V1.0.zip!/AIHE_Core_Tools_V1.0/data/core_records/AIHE-AA_S1_T1_Main_blank.csv
digital-resource-companion/bundles/core_tools/AIHE_Core_Tools_V1.0.zip!/AIHE_Core_Tools_V1.0/data/core_records/AIHE-AB_S1_T1_Main_blank.csv,AIHE_Canon_V1.0/bundles/tools/AIHE_Core_Tools_V1.0.zip!/AIHE_Core_Tools_V1.0/data/core_records/AIHE-AB_S1_T1_Main_blank.csv
digital-resource-companion/bundles/core_tools/AIHE_Core_Tools_V1.0.zip!/AIHE_Core_Tools_V1.0/data/core_records/AIHE-AC_S1_T1_Main_blank.csv,AIHE_Canon_V1.0/bundles/tools/AIHE_Core_Tools_V1.0.zip!/AIHE_Core_Tools_V1.0/data/core_records/AIHE-AC_S1_T1_Main_blank.csv
digital-resource-companion/bundles/core_tools/AIHE_Core_Tools_V1.0.zip!/AIHE_Core_Tools_V1.0/data/core_records/AIHE-AE_S1_T1_Main_blank.csv,AIHE_Canon_V1.0/bundles/tools/AIHE_Core_Tools_V1.0.zip!/AIHE_Core_Tools_V1.0/data/core_records/AIHE-AE_S1_T1_Main_blank.csv
digital-resource-companion/bundles/core_tools/AIHE_Core_Tools_V1.0.zip!/AIHE_Core_Tools_V1.0/data/core_records/AIHE-AE_blank.csv,AIHE_Canon_V1.0/bundles/tools/AIHE_Core_Tools_V1.0.zip!/AIHE_Core_Tools_V1.0/data/core_records/AIHE-AE_blank.csv
digital-resource-companion/bundles/core_tools/AIHE_Core_Tools_V1.0.zip!/AIHE_Core_Tools_V1.0/data/core_records/AIHE-AF_S1_T1_Main_blank.csv,AIHE_Canon_V1.0/bundles/tools/AIHE_Core_Tools_V1.0.zip!/AIHE_Core_Tools_V1.0/data/core_records/AIHE-AF_S1_T1_Main_blank.csv
digital-resource-companion/bundles/core_tools/AIHE_Core_Tools_V1.0.zip!/AIHE_Core_Tools_V1.0/data/core_records/AIHE-AF_blank.csv,AIHE_Canon_V1.0/bundles/tools/AIHE_Core_Tools_V1.0.zip!/AIHE_Core_Tools_V1.0/data/core_records/AIHE-AF_blank.csv
digital-resource-companion/bundles/core_tools/AIHE_Core_Tools_V1.0.zip!/AIHE_Core_Tools_V1.0/data/core_records/AIHE-A_S1_T1_Main_blank.csv,AIHE_Canon_V1.0/bundles/tools/AIHE_Core_Tools_V1.0.zip!/AIHE_Core_Tools_V1.0/data/core_records/AIHE-A_S1_T1_Main_blank.csv
digital-resource-companion/bundles/core_tools/AIHE_Core_Tools_V1.0.zip!/AIHE_Core_Tools_V1.0/data/core_records/AIHE-B01_blank.csv,AIHE_Canon_V1.0/bundles/tools/AIHE_Core_Tools_V1.0.zip!/AIHE_Core_Tools_V1.0/data/core_records/AIHE-B01_blank.csv
digital-resource-companion/bundles/core_tools/AIHE_Core_Tools_V1.0.zip!/AIHE_Core_Tools_V1.0/data/core_records/AIHE-B01_blank.json,AIHE_Canon_V1.0/bundles/tools/AIHE_Core_Tools_V1.0.zip!/AIHE_Core_Tools_V1.0/data/core_records/AIHE-B01_blank.json
digital-resource-companion/bundles/core_tools/AIHE_Core_Tools_V1.0.zip!/AIHE_Core_Tools_V1.0/data/core_records/AIHE-B02_blank.csv,AIHE_Canon_V1.0/bundles/tools/AIHE_Core_Tools_V1.0.zip!/AIHE_Core_Tools_V1.0/data/core_records/AIHE-B02_blank.csv
digital-resource-companion/bundles/core_tools/AIHE_Core_Tools_V1.0.zip!/AIHE_Core_Tools_V1.0/data/core_records/AIHE-B02_blank.json,AIHE_Canon_V1.0/bundles/tools/AIHE_Core_Tools_V1.0.zip!/AIHE_Core_Tools_V1.0/data/core_records/AIHE-B02_blank.json
digital-resource-companion/bundles/core_tools/AIHE_Core_Tools_V1.0.zip!/AIHE_Core_Tools_V1.0/data/core_records/AIHE-B03_blank.csv,AIHE_Canon_V1.0/bundles/tools/AIHE_Core_Tools_V1.0.zip!/AIHE_Core_Tools_V1.0/data/core_records/AIHE-B03_blank.csv
digital-resource-companion/bundles/core_tools/AIHE_Core_Tools_V1.0.zip!/AIHE_Core_Tools_V1.0/data/core_records/AIHE-B03_blank.json,AIHE_Canon_V1.0/bundles/tools/AIHE_Core_Tools_V1.0.zip!/AIHE_Core_Tools_V1.0/data/core_records/AIHE-B03_blank.json
digital-resource-companion/bundles/core_tools/AIHE_Core_Tools_V1.0.zip!/AIHE_Core_Tools_V1.0/data/core_records/AIHE-B04_blank.csv,AIHE_Canon_V1.0/bundles/tools/AIHE_Core_Tools_V1.0.zip!/AIHE_Core_Tools_V1.0/data/core_records/AIHE-B04_blank.csv
digital-resource-companion/bundles/core_tools/AIHE_Core_Tools_V1.0.zip!/AIHE_Core_Tools_V1.0/data/core_records/AIHE-B04_blank.json,AIHE_Canon_V1.0/bundles/tools/AIHE_Core_Tools_V1.0.zip!/AIHE_Core_Tools_V1.0/data/core_records/AIHE-B04_blank.json
digital-resource-companion/bundles/core_tools/AIHE_Core_Tools_V1.0.zip!/AIHE_Core_Tools_V1.0/data/core_records/AIHE-B05_blank.csv,AIHE_Canon_V1.0/bundles/tools/AIHE_Core_Tools_V1.0.zip!/AIHE_Core_Tools_V1.0/data/core_records/AIHE-B05_blank.csv
digital-resource-companion/bundles/core_tools/AIHE_Core_Tools_V1.0.zip!/AIHE_Core_Tools_V1.0/data/core_records/AIHE-B05_blank.json,AIHE_Canon_V1.0/bundles/tools/AIHE_Core_Tools_V1.0.zip!/AIHE_Core_Tools_V1.0/data/core_records/AIHE-B05_blank.json
digital-resource-companion/bundles/core_tools/AIHE_Core_Tools_V1.0.zip!/AIHE_Core_Tools_V1.0/data/core_records/AIHE-B_S1_T1_Main_blank.csv,AIHE_Canon_V1.0/bundles/tools/AIHE_Core_Tools_V1.0.zip!/AIHE_Core_Tools_V1.0/data/core_records/AIHE-B_S1_T1_Main_blank.csv
digital-resource-companion/bundles/core_tools/AIHE_Core_Tools_V1.0.zip!/AIHE_Core_Tools_V1.0/data/core_records/AIHE-C01_blank.csv,AIHE_Canon_V1.0/bundles/tools/AIHE_Core_Tools_V1.0.zip!/AIHE_Core_Tools_V1.0/data/core_records/AIHE-C01_blank.csv
digital-resource-companion/bundles/core_tools/AIHE_Core_Tools_V1.0.zip!/AIHE_Core_Tools_V1.0/data/core_records/AIHE-C01_blank.json,AIHE_Canon_V1.0/bundles/tools/AIHE_Core_Tools_V1.0.zip!/AIHE_Core_Tools_V1.0/data/core_records/AIHE-C01_blank.json
digital-resource-companion/bundles/core_tools/AIHE_Core_Tools_V1.0.zip!/AIHE_Core_Tools_V1.0/data/core_records/AIHE-C02_blank.csv,AIHE_Canon_V1.0/bundles/tools/AIHE_Core_Tools_V1.0.zip!/AIHE_Core_Tools_V1.0/data/core_records/AIHE-C02_blank.csv
digital-resource-companion/bundles/core_tools/AIHE_Core_Tools_V1.0.zip!/AIHE_Core_Tools_V1.0/data/core_records/AIHE-C02_blank.json,AIHE_Canon_V1.0/bundles/tools/AIHE_Core_Tools_V1.0.zip!/AIHE_Core_Tools_V1.0/data/core_records/AIHE-C02_blank.json
digital-resource-companion/bundles/core_tools/AIHE_Core_Tools_V1.0.zip!/AIHE_Core_Tools_V1.0/data/core_records/AIHE-C03_blank.csv,AIHE_Canon_V1.0/bundles/tools/AIHE_Core_Tools_V1.0.zip!/AIHE_Core_Tools_V1.0/data/core_records/AIHE-C03_blank.csv
digital-resource-companion/bundles/core_tools/AIHE_Core_Tools_V1.0.zip!/AIHE_Core_Tools_V1.0/data/core_records/AIHE-C03_blank.json,AIHE_Canon_V1.0/bundles/tools/AIHE_Core_Tools_V1.0.zip!/AIHE_Core_Tools_V1.0/data/core_records/AIHE-C03_blank.json
digital-resource-companion/bundles/core_tools/AIHE_Core_Tools_V1.0.zip!/AIHE_Core_Tools_V1.0/data/core_records/AIHE-C04_blank.csv,AIHE_Canon_V1.0/bundles/tools/AIHE_Core_Tools_V1.0.zip!/AIHE_Core_Tools_V1.0/data/core_records/AIHE-C04_blank.csv
digital-resource-companion/bundles/core_tools/AIHE_Core_Tools_V1.0.zip!/AIHE_Core_Tools_V1.0/data/core_records/AIHE-C04_blank.json,AIHE_Canon_V1.0/bundles/tools/AIHE_Core_Tools_V1.0.zip!/AIHE_Core_Tools_V1.0/data/core_records/AIHE-C04_blank.json
digital-resource-companion/bundles/core_tools/AIHE_Core_Tools_V1.0.zip!/AIHE_Core_Tools_V1.0/data/core_records/AIHE-C05_blank.csv,AIHE_Canon_V1.0/bundles/tools/AIHE_Core_Tools_V1.0.zip!/AIHE_Core_Tools_V1.0/data/core_records/AIHE-C05_blank.csv
digital-resource-companion/bundles/core_tools/AIHE_Core_Tools_V1.0.zip!/AIHE_Core_Tools_V1.0/data/core_records/AIHE-C05_blank.json,AIHE_Canon_V1.0/bundles/tools/AIHE_Core_Tools_V1.0.zip!/AIHE_Core_Tools_V1.0/data/core_records/AIHE-C05_blank.json
digital-resource-companion/bundles/core_tools/AIHE_Core_Tools_V1.0.zip!/AIHE_Core_Tools_V1.0/data/core_records/AIHE-CE1_blank.csv,AIHE_Canon_V1.0/bundles/tools/AIHE_Core_Tools_V1.0.zip!/AIHE_Core_Tools_V1.0/data/core_records/AIHE-CE1_blank.csv
digital-resource-companion/bundles/core_tools/AIHE_Core_Tools_V1.0.zip!/AIHE_Core_Tools_V1.0/data/core_records/AIHE-CE2_blank.csv,AIHE_Canon_V1.0/bundles/tools/AIHE_Core_Tools_V1.0.zip!/AIHE_Core_Tools_V1.0/data/core_records/AIHE-CE2_blank.csv
digital-resource-companion/bundles/core_tools/AIHE_Core_Tools_V1.0.zip!/AIHE_Core_Tools_V1.0/data/core_records/AIHE-CE3_blank.csv,AIHE_Canon_V1.0/bundles/tools/AIHE_Core_Tools_V1.0.zip!/AIHE_Core_Tools_V1.0/data/core_records/AIHE-CE3_blank.csv
digital-resource-companion/bundles/core_tools/AIHE_Core_Tools_V1.0.zip!/AIHE_Core_Tools_V1.0/data/core_records/AIHE-CE4_blank.csv,AIHE_Canon_V1.0/bundles/tools/AIHE_Core_Tools_V1.0.zip!/AIHE_Core_Tools_V1.0/data/core_records/AIHE-CE4_blank.csv
digital-resource-companion/bundles/core_tools/AIHE_Core_Tools_V1.0.zip!/AIHE_Core_Tools_V1.0/data/core_records/AIHE-CE5_blank.csv,AIHE_Canon_V1.0/bundles/tools/AIHE_Core_Tools_V1.0.zip!/AIHE_Core_Tools_V1.0/data/core_records/AIHE-CE5_blank.csv
digital-resource-companion/bundles/core_tools/AIHE_Core_Tools_V1.0.zip!/AIHE_Core_Tools_V1.0/data/core_records/AIHE-CE6_blank.csv,AIHE_Canon_V1.0/bundles/tools/AIHE_Core_Tools_V1.0.zip!/AIHE_Core_Tools_V1.0/data/core_records/AIHE-CE6_blank.csv
digital-resource-companion/bundles/core_tools/AIHE_Core_Tools_V1.0.zip!/AIHE_Core_Tools_V1.0/data/core_records/AIHE-CE7_blank.csv,AIHE_Canon_V1.0/bundles/tools/AIHE_Core_Tools_V1.0.zip!/AIHE_Core_Tools_V1.0/data/core_records/AIHE-CE7_blank.csv
digital-resource-companion/bundles/core_tools/AIHE_Core_Tools_V1.0.zip!/AIHE_Core_Tools_V1.0/data/core_records/AIHE-C_S1_T1_Main_blank.csv,AIHE_Canon_V1.0/bundles/tools/AIHE_Core_Tools_V1.0.zip!/AIHE_Core_Tools_V1.0/data/core_records/AIHE-C_S1_T1_Main_blank.csv
digital-resource-companion/bundles/core_tools/AIHE_Core_Tools_V1.0.zip!/AIHE_Core_Tools_V1.0/data/core_records/AIHE-D01_blank.csv,AIHE_Canon_V1.0/bundles/tools/AIHE_Core_Tools_V1.0.zip!/AIHE_Core_Tools_V1.0/data/core_records/AIHE-D01_blank.csv
digital-resource-companion/bundles/core_tools/AIHE_Core_Tools_V1.0.zip!/AIHE_Core_Tools_V1.0/data/core_records/AIHE-D01_blank.json,AIHE_Canon_V1.0/bundles/tools/AIHE_Core_Tools_V1.0.zip!/AIHE_Core_Tools_V1.0/data/core_records/AIHE-D01_blank.json
digital-resource-companion/bundles/core_tools/AIHE_Core_Tools_V1.0.zip!/AIHE_Core_Tools_V1.0/data/core_records/AIHE-D02_blank.csv,AIHE_Canon_V1.0/bundles/tools/AIHE_Core_Tools_V1.0.zip!/AIHE_Core_Tools_V1.0/data/core_records/AIHE-D02_blank.csv
digital-resource-companion/bundles/core_tools/AIHE_Core_Tools_V1.0.zip!/AIHE_Core_Tools_V1.0/data/core_records/AIHE-D02_blank.json,AIHE_Canon_V1.0/bundles/tools/AIHE_Core_Tools_V1.0.zip!/AIHE_Core_Tools_V1.0/data/core_records/AIHE-D02_blank.json
digital-resource-companion/bundles/core_tools/AIHE_Core_Tools_V1.0.zip!/AIHE_Core_Tools_V1.0/data/core_records/AIHE-D03_blank.csv,AIHE_Canon_V1.0/bundles/tools/AIHE_Core_Tools_V1.0.zip!/AIHE_Core_Tools_V1.0/data/core_records/AIHE-D03_blank.csv
digital-resource-companion/bundles/core_tools/AIHE_Core_Tools_V1.0.zip!/AIHE_Core_Tools_V1.0/data/core_records/AIHE-D03_blank.json,AIHE_Canon_V1.0/bundles/tools/AIHE_Core_Tools_V1.0.zip!/AIHE_Core_Tools_V1.0/data/core_records/AIHE-D03_blank.json
digital-resource-companion/bundles/core_tools/AIHE_Core_Tools_V1.0.zip!/AIHE_Core_Tools_V1.0/data/core_records/AIHE-D04_blank.csv,AIHE_Canon_V1.0/bundles/tools/AIHE_Core_Tools_V1.0.zip!/AIHE_Core_Tools_V1.0/data/core_records/AIHE-D04_blank.csv
digital-resource-companion/bundles/core_tools/AIHE_Core_Tools_V1.0.zip!/AIHE_Core_Tools_V1.0/data/core_records/AIHE-D04_blank.json,AIHE_Canon_V1.0/bundles/tools/AIHE_Core_Tools_V1.0.zip!/AIHE_Core_Tools_V1.0/data/core_records/AIHE-D04_blank.json
digital-resource-companion/bundles/core_tools/AIHE_Core_Tools_V1.0.zip!/AIHE_Core_Tools_V1.0/data/core_records/AIHE-D05_blank.csv,AIHE_Canon_V1.0/bundles/tools/AIHE_Core_Tools_V1.0.zip!/AIHE_Core_Tools_V1.0/data/core_records/AIHE-D05_blank.csv
digital-resource-companion/bundles/core_tools/AIHE_Core_Tools_V1.0.zip!/AIHE_Core_Tools_V1.0/data/core_records/AIHE-D05_blank.json,AIHE_Canon_V1.0/bundles/tools/AIHE_Core_Tools_V1.0.zip!/AIHE_Core_Tools_V1.0/data/core_records/AIHE-D05_blank.json
digital-resource-companion/bundles/core_tools/AIHE_Core_Tools_V1.0.zip!/AIHE_Core_Tools_V1.0/data/core_records/AIHE-D_S1_T1_Main_blank.csv,AIHE_Canon_V1.0/bundles/tools/AIHE_Core_Tools_V1.0.zip!/AIHE_Core_Tools_V1.0/data/core_records/AIHE-D_S1_T1_Main_blank.csv
digital-resource-companion/bundles/core_tools/AIHE_Core_Tools_V1.0.zip!/AIHE_Core_Tools_V1.0/data/core_records/AIHE-E01_blank.csv,AIHE_Canon_V1.0/bundles/tools/AIHE_Core_Tools_V1.0.zip!/AIHE_Core_Tools_V1.0/data/core_records/AIHE-E01_blank.csv
digital-resource-companion/bundles/core_tools/AIHE_Core_Tools_V1.0.zip!/AIHE_Core_Tools_V1.0/data/core_records/AIHE-E01_blank.json,AIHE_Canon_V1.0/bundles/tools/AIHE_Core_Tools_V1.0.zip!/AIHE_Core_Tools_V1.0/data/core_records/AIHE-E01_blank.json
digital-resource-companion/bundles/core_tools/AIHE_Core_Tools_V1.0.zip!/AIHE_Core_Tools_V1.0/data/core_records/AIHE-E02_blank.csv,AIHE_Canon_V1.0/bundles/tools/AIHE_Core_Tools_V1.0.zip!/AIHE_Core_Tools_V1.0/data/core_records/AIHE-E02_blank.csv
digital-resource-companion/bundles/core_tools/AIHE_Core_Tools_V1.0.zip!/AIHE_Core_Tools_V1.0/data/core_records/AIHE-E02_blank.json,AIHE_Canon_V1.0/bundles/tools/AIHE_Core_Tools_V1.0.zip!/AIHE_Core_Tools_V1.0/data/core_records/AIHE-E02_blank.json
digital-resource-companion/bundles/core_tools/AIHE_Core_Tools_V1.0.zip!/AIHE_Core_Tools_V1.0/data/core_records/AIHE-E03_blank.csv,AIHE_Canon_V1.0/bundles/tools/AIHE_Core_Tools_V1.0.zip!/AIHE_Core_Tools_V1.0/data/core_records/AIHE-E03_blank.csv
digital-resource-companion/bundles/core_tools/AIHE_Core_Tools_V1.0.zip!/AIHE_Core_Tools_V1.0/data/core_records/AIHE-E03_blank.json,AIHE_Canon_V1.0/bundles/tools/AIHE_Core_Tools_V1.0.zip!/AIHE_Core_Tools_V1.0/data/core_records/AIHE-E03_blank.json
digital-resource-companion/bundles/core_tools/AIHE_Core_Tools_V1.0.zip!/AIHE_Core_Tools_V1.0/data/core_records/AIHE-E04_blank.csv,AIHE_Canon_V1.0/bundles/tools/AIHE_Core_Tools_V1.0.zip!/AIHE_Core_Tools_V1.0/data/core_records/AIHE-E04_blank.csv
digital-resource-companion/bundles/core_tools/AIHE_Core_Tools_V1.0.zip!/AIHE_Core_Tools_V1.0/data/core_records/AIHE-E04_blank.json,AIHE_Canon_V1.0/bundles/tools/AIHE_Core_Tools_V1.0.zip!/AIHE_Core_Tools_V1.0/data/core_records/AIHE-E04_blank.json
digital-resource-companion/bundles/core_tools/AIHE_Core_Tools_V1.0.zip!/AIHE_Core_Tools_V1.0/data/core_records/AIHE-E05_blank.csv,AIHE_Canon_V1.0/bundles/tools/AIHE_Core_Tools_V1.0.zip!/AIHE_Core_Tools_V1.0/data/core_records/AIHE-E05_blank.csv
digital-resource-companion/bundles/core_tools/AIHE_Core_Tools_V1.0.zip!/AIHE_Core_Tools_V1.0/data/core_records/AIHE-E05_blank.json,AIHE_Canon_V1.0/bundles/tools/AIHE_Core_Tools_V1.0.zip!/AIHE_Core_Tools_V1.0/data/core_records/AIHE-E05_blank.json
digital-resource-companion/bundles/core_tools/AIHE_Core_Tools_V1.0.zip!/AIHE_Core_Tools_V1.0/data/core_records/AIHE-EX01_blank.csv,AIHE_Canon_V1.0/bundles/tools/AIHE_Core_Tools_V1.0.zip!/AIHE_Core_Tools_V1.0/data/core_records/AIHE-EX01_blank.csv
digital-resource-companion/bundles/core_tools/AIHE_Core_Tools_V1.0.zip!/AIHE_Core_Tools_V1.0/data/core_records/AIHE-EX02_blank.csv,AIHE_Canon_V1.0/bundles/tools/AIHE_Core_Tools_V1.0.zip!/AIHE_Core_Tools_V1.0/data/core_records/AIHE-EX02_blank.csv
digital-resource-companion/bundles/core_tools/AIHE_Core_Tools_V1.0.zip!/AIHE_Core_Tools_V1.0/data/core_records/AIHE-EX03_blank.csv,AIHE_Canon_V1.0/bundles/tools/AIHE_Core_Tools_V1.0.zip!/AIHE_Core_Tools_V1.0/data/core_records/AIHE-EX03_blank.csv
digital-resource-companion/bundles/core_tools/AIHE_Core_Tools_V1.0.zip!/AIHE_Core_Tools_V1.0/data/core_records/AIHE-EX04_blank.csv,AIHE_Canon_V1.0/bundles/tools/AIHE_Core_Tools_V1.0.zip!/AIHE_Core_Tools_V1.0/data/core_records/AIHE-EX04_blank.csv
digital-resource-companion/bundles/core_tools/AIHE_Core_Tools_V1.0.zip!/AIHE_Core_Tools_V1.0/data/core_records/AIHE-EX06_blank.csv,AIHE_Canon_V1.0/bundles/tools/AIHE_Core_Tools_V1.0.zip!/AIHE_Core_Tools_V1.0/data/core_records/AIHE-EX06_blank.csv
digital-resource-companion/bundles/core_tools/AIHE_Core_Tools_V1.0.zip!/AIHE_Core_Tools_V1.0/data/core_records/AIHE-EX07_blank.csv,AIHE_Canon_V1.0/bundles/tools/AIHE_Core_Tools_V1.0.zip!/AIHE_Core_Tools_V1.0/data/core_records/AIHE-EX07_blank.csv
digital-resource-companion/bundles/core_tools/AIHE_Core_Tools_V1.0.zip!/AIHE_Core_Tools_V1.0/data/core_records/AIHE-EX08_blank.csv,AIHE_Canon_V1.0/bundles/tools/AIHE_Core_Tools_V1.0.zip!/AIHE_Core_Tools_V1.0/data/core_records/AIHE-EX08_blank.csv
digital-resource-companion/bundles/core_tools/AIHE_Core_Tools_V1.0.zip!/AIHE_Core_Tools_V1.0/data/core_records/AIHE-EX09_blank.csv,AIHE_Canon_V1.0/bundles/tools/AIHE_Core_Tools_V1.0.zip!/AIHE_Core_Tools_V1.0/data/core_records/AIHE-EX09_blank.csv
digital-resource-companion/bundles/core_tools/AIHE_Core_Tools_V1.0.zip!/AIHE_Core_Tools_V1.0/data/core_records/AIHE-EX10_blank.csv,AIHE_Canon_V1.0/bundles/tools/AIHE_Core_Tools_V1.0.zip!/AIHE_Core_Tools_V1.0/data/core_records/AIHE-EX10_blank.csv
digital-resource-companion/bundles/core_tools/AIHE_Core_Tools_V1.0.zip!/AIHE_Core_Tools_V1.0/data/core_records/AIHE-EX11_blank.csv,AIHE_Canon_V1.0/bundles/tools/AIHE_Core_Tools_V1.0.zip!/AIHE_Core_Tools_V1.0/data/core_records/AIHE-EX11_blank.csv
digital-resource-companion/bundles/core_tools/AIHE_Core_Tools_V1.0.zip!/AIHE_Core_Tools_V1.0/data/core_records/AIHE-EX12_blank.csv,AIHE_Canon_V1.0/bundles/tools/AIHE_Core_Tools_V1.0.zip!/AIHE_Core_Tools_V1.0/data/core_records/AIHE-EX12_blank.csv
digital-resource-companion/bundles/core_tools/AIHE_Core_Tools_V1.0.zip!/AIHE_Core_Tools_V1.0/data/core_records/AIHE-EX13_blank.csv,AIHE_Canon_V1.0/bundles/tools/AIHE_Core_Tools_V1.0.zip!/AIHE_Core_Tools_V1.0/data/core_records/AIHE-EX13_blank.csv
digital-resource-companion/bundles/core_tools/AIHE_Core_Tools_V1.0.zip!/AIHE_Core_Tools_V1.0/data/core_records/AIHE-EX14_blank.csv,AIHE_Canon_V1.0/bundles/tools/AIHE_Core_Tools_V1.0.zip!/AIHE_Core_Tools_V1.0/data/core_records/AIHE-EX14_blank.csv
digital-resource-companion/bundles/core_tools/AIHE_Core_Tools_V1.0.zip!/AIHE_Core_Tools_V1.0/data/core_records/AIHE-EX15_blank.csv,AIHE_Canon_V1.0/bundles/tools/AIHE_Core_Tools_V1.0.zip!/AIHE_Core_Tools_V1.0/data/core_records/AIHE-EX15_blank.csv
digital-resource-companion/bundles/core_tools/AIHE_Core_Tools_V1.0.zip!/AIHE_Core_Tools_V1.0/data/core_records/AIHE-EX16_blank.csv,AIHE_Canon_V1.0/bundles/tools/AIHE_Core_Tools_V1.0.zip!/AIHE_Core_Tools_V1.0/data/core_records/AIHE-EX16_blank.csv
digital-resource-companion/bundles/core_tools/AIHE_Core_Tools_V1.0.zip!/AIHE_Core_Tools_V1.0/data/core_records/AIHE-EX17_blank.csv,AIHE_Canon_V1.0/bundles/tools/AIHE_Core_Tools_V1.0.zip!/AIHE_Core_Tools_V1.0/data/core_records/AIHE-EX17_blank.csv
digital-resource-companion/bundles/core_tools/AIHE_Core_Tools_V1.0.zip!/AIHE_Core_Tools_V1.0/data/core_records/AIHE-EX18_blank.csv,AIHE_Canon_V1.0/bundles/tools/AIHE_Core_Tools_V1.0.zip!/AIHE_Core_Tools_V1.0/data/core_records/AIHE-EX18_blank.csv
digital-resource-companion/bundles/core_tools/AIHE_Core_Tools_V1.0.zip!/AIHE_Core_Tools_V1.0/data/core_records/AIHE-E_S1_T1_Main_blank.csv,AIHE_Canon_V1.0/bundles/tools/AIHE_Core_Tools_V1.0.zip!/AIHE_Core_Tools_V1.0/data/core_records/AIHE-E_S1_T1_Main_blank.csv
digital-resource-companion/bundles/core_tools/AIHE_Core_Tools_V1.0.zip!/AIHE_Core_Tools_V1.0/data/core_records/AIHE-G_S9_T1_Decommissioning_blank.csv,AIHE_Canon_V1.0/bundles/tools/AIHE_Core_Tools_V1.0.zip!/AIHE_Core_Tools_V1.0/data/core_records/AIHE-G_S9_T1_Decommissioning_blank.csv
digital-resource-companion/bundles/core_tools/AIHE_Core_Tools_V1.0.zip!/AIHE_Core_Tools_V1.0/data/core_records/AIHE-H_S1_T1_Main_blank.csv,AIHE_Canon_V1.0/bundles/tools/AIHE_Core_Tools_V1.0.zip!/AIHE_Core_Tools_V1.0/data/core_records/AIHE-H_S1_T1_Main_blank.csv
digital-resource-companion/bundles/core_tools/AIHE_Core_Tools_V1.0.zip!/AIHE_Core_Tools_V1.0/data/core_records/AIHE-I_S1_T1_Main_blank.csv,AIHE_Canon_V1.0/bundles/tools/AIHE_Core_Tools_V1.0.zip!/AIHE_Core_Tools_V1.0/data/core_records/AIHE-I_S1_T1_Main_blank.csv
digital-resource-companion/bundles/core_tools/AIHE_Core_Tools_V1.0.zip!/AIHE_Core_Tools_V1.0/data/core_records/AIHE-J_S2_T1_J_1_AI_lifecycle_checklist_blank.csv,AIHE_Canon_V1.0/bundles/tools/AIHE_Core_Tools_V1.0.zip!/AIHE_Core_Tools_V1.0/data/core_records/AIHE-J_S2_T1_J_1_AI_lifecycle_checklist_blank.csv
digital-resource-companion/bundles/core_tools/AIHE_Core_Tools_V1.0.zip!/AIHE_Core_Tools_V1.0/data/core_records/AIHE-J_S3_T1_J_2_Model_monitoring_and_algorithmovigilance_template_blank.csv,AIHE_Canon_V1.0/bundles/tools/AIHE_Core_Tools_V1.0.zip!/AIHE_Core_Tools_V1.0/data/core_records/AIHE-J_S3_T1_J_2_Model_monitoring_and_algorithmovigilance_template_blank.csv
digital-resource-companion/bundles/core_tools/AIHE_Core_Tools_V1.0.zip!/AIHE_Core_Tools_V1.0/data/core_records/AIHE-J_S4_T1_J_3_AI_update_and_version_control_log_blank.csv,AIHE_Canon_V1.0/bundles/tools/AIHE_Core_Tools_V1.0.zip!/AIHE_Core_Tools_V1.0/data/core_records/AIHE-J_S4_T1_J_3_AI_update_and_version_control_log_blank.csv
digital-resource-companion/bundles/core_tools/AIHE_Core_Tools_V1.0.zip!/AIHE_Core_Tools_V1.0/data/core_records/AIHE-J_S5_T1_J_4_Decommissioning_checklist_blank.csv,AIHE_Canon_V1.0/bundles/tools/AIHE_Core_Tools_V1.0.zip!/AIHE_Core_Tools_V1.0/data/core_records/AIHE-J_S5_T1_J_4_Decommissioning_checklist_blank.csv
digital-resource-companion/bundles/core_tools/AIHE_Core_Tools_V1.0.zip!/AIHE_Core_Tools_V1.0/data/core_records/AIHE-J_S6_T1_J_5_Future_proof_procurement_checklist_blank.csv,AIHE_Canon_V1.0/bundles/tools/AIHE_Core_Tools_V1.0.zip!/AIHE_Core_Tools_V1.0/data/core_records/AIHE-J_S6_T1_J_5_Future_proof_procurement_checklist_blank.csv
digital-resource-companion/bundles/core_tools/AIHE_Core_Tools_V1.0.zip!/AIHE_Core_Tools_V1.0/data/core_records/AIHE-J_S7_T1_J_6_Scenario_planning_worksheet_blank.csv,AIHE_Canon_V1.0/bundles/tools/AIHE_Core_Tools_V1.0.zip!/AIHE_Core_Tools_V1.0/data/core_records/AIHE-J_S7_T1_J_6_Scenario_planning_worksheet_blank.csv
digital-resource-companion/bundles/core_tools/AIHE_Core_Tools_V1.0.zip!/AIHE_Core_Tools_V1.0/data/core_records/AIHE-J_S8_T1_J_7_Annual_policy_and_evidence_update_template_blank.csv,AIHE_Canon_V1.0/bundles/tools/AIHE_Core_Tools_V1.0.zip!/AIHE_Core_Tools_V1.0/data/core_records/AIHE-J_S8_T1_J_7_Annual_policy_and_evidence_update_template_blank.csv
digital-resource-companion/bundles/core_tools/AIHE_Core_Tools_V1.0.zip!/AIHE_Core_Tools_V1.0/data/core_records/AIHE-J_S9_T1_J_8_Future_proof_AI_Health_Economics_Dossier_blank.csv,AIHE_Canon_V1.0/bundles/tools/AIHE_Core_Tools_V1.0.zip!/AIHE_Core_Tools_V1.0/data/core_records/AIHE-J_S9_T1_J_8_Future_proof_AI_Health_Economics_Dossier_blank.csv
digital-resource-companion/bundles/core_tools/AIHE_Core_Tools_V1.0.zip!/AIHE_Core_Tools_V1.0/data/core_records/AIHE-K_S1_T1_Main_blank.csv,AIHE_Canon_V1.0/bundles/tools/AIHE_Core_Tools_V1.0.zip!/AIHE_Core_Tools_V1.0/data/core_records/AIHE-K_S1_T1_Main_blank.csv
digital-resource-companion/bundles/core_tools/AIHE_Core_Tools_V1.0.zip!/AIHE_Core_Tools_V1.0/data/core_records/AIHE-K_S2_T1_K_1_Problem_relevance_blank.csv,AIHE_Canon_V1.0/bundles/tools/AIHE_Core_Tools_V1.0.zip!/AIHE_Core_Tools_V1.0/data/core_records/AIHE-K_S2_T1_K_1_Problem_relevance_blank.csv
digital-resource-companion/bundles/core_tools/AIHE_Core_Tools_V1.0.zip!/AIHE_Core_Tools_V1.0/data/core_records/AIHE-K_S3_T1_K_2_Data_readiness_blank.csv,AIHE_Canon_V1.0/bundles/tools/AIHE_Core_Tools_V1.0.zip!/AIHE_Core_Tools_V1.0/data/core_records/AIHE-K_S3_T1_K_2_Data_readiness_blank.csv
digital-resource-companion/bundles/core_tools/AIHE_Core_Tools_V1.0.zip!/AIHE_Core_Tools_V1.0/data/core_records/AIHE-K_S4_T1_K_3_Clinical_validity_blank.csv,AIHE_Canon_V1.0/bundles/tools/AIHE_Core_Tools_V1.0.zip!/AIHE_Core_Tools_V1.0/data/core_records/AIHE-K_S4_T1_K_3_Clinical_validity_blank.csv
digital-resource-companion/bundles/core_tools/AIHE_Core_Tools_V1.0.zip!/AIHE_Core_Tools_V1.0/data/core_records/AIHE-K_S5_T1_K_4_Economic_value_blank.csv,AIHE_Canon_V1.0/bundles/tools/AIHE_Core_Tools_V1.0.zip!/AIHE_Core_Tools_V1.0/data/core_records/AIHE-K_S5_T1_K_4_Economic_value_blank.csv
digital-resource-companion/bundles/core_tools/AIHE_Core_Tools_V1.0.zip!/AIHE_Core_Tools_V1.0/data/core_records/AIHE-K_S6_T1_K_5_Ethical_acceptability_blank.csv,AIHE_Canon_V1.0/bundles/tools/AIHE_Core_Tools_V1.0.zip!/AIHE_Core_Tools_V1.0/data/core_records/AIHE-K_S6_T1_K_5_Ethical_acceptability_blank.csv
digital-resource-companion/bundles/core_tools/AIHE_Core_Tools_V1.0.zip!/AIHE_Core_Tools_V1.0/data/core_records/AIHE-K_S7_T1_K_6_Organizational_feasibility_blank.csv,AIHE_Canon_V1.0/bundles/tools/AIHE_Core_Tools_V1.0.zip!/AIHE_Core_Tools_V1.0/data/core_records/AIHE-K_S7_T1_K_6_Organizational_feasibility_blank.csv
digital-resource-companion/bundles/core_tools/AIHE_Core_Tools_V1.0.zip!/AIHE_Core_Tools_V1.0/data/core_records/AIHE-K_S8_T1_K_7_Lifecycle_governance_blank.csv,AIHE_Canon_V1.0/bundles/tools/AIHE_Core_Tools_V1.0.zip!/AIHE_Core_Tools_V1.0/data/core_records/AIHE-K_S8_T1_K_7_Lifecycle_governance_blank.csv
digital-resource-companion/bundles/core_tools/AIHE_Core_Tools_V1.0.zip!/AIHE_Core_Tools_V1.0/data/core_records/AIHE-K_S8_T2_K_7_Lifecycle_governance_blank.csv,AIHE_Canon_V1.0/bundles/tools/AIHE_Core_Tools_V1.0.zip!/AIHE_Core_Tools_V1.0/data/core_records/AIHE-K_S8_T2_K_7_Lifecycle_governance_blank.csv
digital-resource-companion/bundles/core_tools/AIHE_Core_Tools_V1.0.zip!/AIHE_Core_Tools_V1.0/data/core_records/AIHE-K_S8_T3_K_7_Lifecycle_governance_blank.csv,AIHE_Canon_V1.0/bundles/tools/AIHE_Core_Tools_V1.0.zip!/AIHE_Core_Tools_V1.0/data/core_records/AIHE-K_S8_T3_K_7_Lifecycle_governance_blank.csv
digital-resource-companion/bundles/core_tools/AIHE_Core_Tools_V1.0.zip!/AIHE_Core_Tools_V1.0/data/core_records/AIHE-L_S1_T1_Main_blank.csv,AIHE_Canon_V1.0/bundles/tools/AIHE_Core_Tools_V1.0.zip!/AIHE_Core_Tools_V1.0/data/core_records/AIHE-L_S1_T1_Main_blank.csv
digital-resource-companion/bundles/core_tools/AIHE_Core_Tools_V1.0.zip!/AIHE_Core_Tools_V1.0/data/core_records/AIHE-L_S1_T2_Main_blank.csv,AIHE_Canon_V1.0/bundles/tools/AIHE_Core_Tools_V1.0.zip!/AIHE_Core_Tools_V1.0/data/core_records/AIHE-L_S1_T2_Main_blank.csv
digital-resource-companion/bundles/core_tools/AIHE_Core_Tools_V1.0.zip!/AIHE_Core_Tools_V1.0/data/core_records/AIHE-M_S1_T1_Main_blank.csv,AIHE_Canon_V1.0/bundles/tools/AIHE_Core_Tools_V1.0.zip!/AIHE_Core_Tools_V1.0/data/core_records/AIHE-M_S1_T1_Main_blank.csv
digital-resource-companion/bundles/core_tools/AIHE_Core_Tools_V1.0.zip!/AIHE_Core_Tools_V1.0/data/core_records/AIHE-M_S1_T2_Main_blank.csv,AIHE_Canon_V1.0/bundles/tools/AIHE_Core_Tools_V1.0.zip!/AIHE_Core_Tools_V1.0/data/core_records/AIHE-M_S1_T2_Main_blank.csv
digital-resource-companion/bundles/core_tools/AIHE_Core_Tools_V1.0.zip!/AIHE_Core_Tools_V1.0/data/core_records/AIHE-M_S1_T3_Main_blank.csv,AIHE_Canon_V1.0/bundles/tools/AIHE_Core_Tools_V1.0.zip!/AIHE_Core_Tools_V1.0/data/core_records/AIHE-M_S1_T3_Main_blank.csv
digital-resource-companion/bundles/core_tools/AIHE_Core_Tools_V1.0.zip!/AIHE_Core_Tools_V1.0/data/core_records/AIHE-N_S1_T1_Main_blank.csv,AIHE_Canon_V1.0/bundles/tools/AIHE_Core_Tools_V1.0.zip!/AIHE_Core_Tools_V1.0/data/core_records/AIHE-N_S1_T1_Main_blank.csv
digital-resource-companion/bundles/core_tools/AIHE_Core_Tools_V1.0.zip!/AIHE_Core_Tools_V1.0/data/core_records/AIHE-N_S1_T2_Main_blank.csv,AIHE_Canon_V1.0/bundles/tools/AIHE_Core_Tools_V1.0.zip!/AIHE_Core_Tools_V1.0/data/core_records/AIHE-N_S1_T2_Main_blank.csv
digital-resource-companion/bundles/core_tools/AIHE_Core_Tools_V1.0.zip!/AIHE_Core_Tools_V1.0/data/core_records/AIHE-N_S1_T3_Main_blank.csv,AIHE_Canon_V1.0/bundles/tools/AIHE_Core_Tools_V1.0.zip!/AIHE_Core_Tools_V1.0/data/core_records/AIHE-N_S1_T3_Main_blank.csv
digital-resource-companion/bundles/core_tools/AIHE_Core_Tools_V1.0.zip!/AIHE_Core_Tools_V1.0/data/core_records/AIHE-N_S1_T4_Main_blank.csv,AIHE_Canon_V1.0/bundles/tools/AIHE_Core_Tools_V1.0.zip!/AIHE_Core_Tools_V1.0/data/core_records/AIHE-N_S1_T4_Main_blank.csv
digital-resource-companion/bundles/core_tools/AIHE_Core_Tools_V1.0.zip!/AIHE_Core_Tools_V1.0/data/core_records/AIHE-N_S1_T5_Main_blank.csv,AIHE_Canon_V1.0/bundles/tools/AIHE_Core_Tools_V1.0.zip!/AIHE_Core_Tools_V1.0/data/core_records/AIHE-N_S1_T5_Main_blank.csv
digital-resource-companion/bundles/core_tools/AIHE_Core_Tools_V1.0.zip!/AIHE_Core_Tools_V1.0/data/core_records/AIHE-O_S1_T1_Main_blank.csv,AIHE_Canon_V1.0/bundles/tools/AIHE_Core_Tools_V1.0.zip!/AIHE_Core_Tools_V1.0/data/core_records/AIHE-O_S1_T1_Main_blank.csv
digital-resource-companion/bundles/core_tools/AIHE_Core_Tools_V1.0.zip!/AIHE_Core_Tools_V1.0/data/core_records/AIHE-O_S1_T2_Main_blank.csv,AIHE_Canon_V1.0/bundles/tools/AIHE_Core_Tools_V1.0.zip!/AIHE_Core_Tools_V1.0/data/core_records/AIHE-O_S1_T2_Main_blank.csv
digital-resource-companion/bundles/core_tools/AIHE_Core_Tools_V1.0.zip!/AIHE_Core_Tools_V1.0/data/core_records/AIHE-O_S1_T3_Main_blank.csv,AIHE_Canon_V1.0/bundles/tools/AIHE_Core_Tools_V1.0.zip!/AIHE_Core_Tools_V1.0/data/core_records/AIHE-O_S1_T3_Main_blank.csv
digital-resource-companion/bundles/core_tools/AIHE_Core_Tools_V1.0.zip!/AIHE_Core_Tools_V1.0/data/core_records/AIHE-P_S1_T1_Main_blank.csv,AIHE_Canon_V1.0/bundles/tools/AIHE_Core_Tools_V1.0.zip!/AIHE_Core_Tools_V1.0/data/core_records/AIHE-P_S1_T1_Main_blank.csv
digital-resource-companion/bundles/core_tools/AIHE_Core_Tools_V1.0.zip!/AIHE_Core_Tools_V1.0/data/core_records/AIHE-P_S2_T1_P_1_Executive_summary_blank.csv,AIHE_Canon_V1.0/bundles/tools/AIHE_Core_Tools_V1.0.zip!/AIHE_Core_Tools_V1.0/data/core_records/AIHE-P_S2_T1_P_1_Executive_summary_blank.csv
digital-resource-companion/bundles/core_tools/AIHE_Core_Tools_V1.0.zip!/AIHE_Core_Tools_V1.0/data/core_records/AIHE-P_S3_T1_P_2_Decision_problem_blank.csv,AIHE_Canon_V1.0/bundles/tools/AIHE_Core_Tools_V1.0.zip!/AIHE_Core_Tools_V1.0/data/core_records/AIHE-P_S3_T1_P_2_Decision_problem_blank.csv
digital-resource-companion/bundles/core_tools/AIHE_Core_Tools_V1.0.zip!/AIHE_Core_Tools_V1.0/data/core_records/AIHE-P_S4_T1_P_3_Evidence_summary_blank.csv,AIHE_Canon_V1.0/bundles/tools/AIHE_Core_Tools_V1.0.zip!/AIHE_Core_Tools_V1.0/data/core_records/AIHE-P_S4_T1_P_3_Evidence_summary_blank.csv
digital-resource-companion/bundles/core_tools/AIHE_Core_Tools_V1.0.zip!/AIHE_Core_Tools_V1.0/data/core_records/AIHE-P_S5_T1_P_4_Economics_and_affordability_blank.csv,AIHE_Canon_V1.0/bundles/tools/AIHE_Core_Tools_V1.0.zip!/AIHE_Core_Tools_V1.0/data/core_records/AIHE-P_S5_T1_P_4_Economics_and_affordability_blank.csv
digital-resource-companion/bundles/core_tools/AIHE_Core_Tools_V1.0.zip!/AIHE_Core_Tools_V1.0/data/core_records/AIHE-P_S6_T1_P_5_Governance_and_implementation_blank.csv,AIHE_Canon_V1.0/bundles/tools/AIHE_Core_Tools_V1.0.zip!/AIHE_Core_Tools_V1.0/data/core_records/AIHE-P_S6_T1_P_5_Governance_and_implementation_blank.csv
digital-resource-companion/bundles/core_tools/AIHE_Core_Tools_V1.0.zip!/AIHE_Core_Tools_V1.0/data/core_records/AIHE-Q_S1_T1_Main_blank.csv,AIHE_Canon_V1.0/bundles/tools/AIHE_Core_Tools_V1.0.zip!/AIHE_Core_Tools_V1.0/data/core_records/AIHE-Q_S1_T1_Main_blank.csv
digital-resource-companion/bundles/core_tools/AIHE_Core_Tools_V1.0.zip!/AIHE_Core_Tools_V1.0/data/core_records/AIHE-Q_S1_T2_Main_blank.csv,AIHE_Canon_V1.0/bundles/tools/AIHE_Core_Tools_V1.0.zip!/AIHE_Core_Tools_V1.0/data/core_records/AIHE-Q_S1_T2_Main_blank.csv
digital-resource-companion/bundles/core_tools/AIHE_Core_Tools_V1.0.zip!/AIHE_Core_Tools_V1.0/data/core_records/AIHE-Q_S1_T3_Main_blank.csv,AIHE_Canon_V1.0/bundles/tools/AIHE_Core_Tools_V1.0.zip!/AIHE_Core_Tools_V1.0/data/core_records/AIHE-Q_S1_T3_Main_blank.csv
digital-resource-companion/bundles/core_tools/AIHE_Core_Tools_V1.0.zip!/AIHE_Core_Tools_V1.0/data/core_records/AIHE-R_S1_T1_Main_blank.csv,AIHE_Canon_V1.0/bundles/tools/AIHE_Core_Tools_V1.0.zip!/AIHE_Core_Tools_V1.0/data/core_records/AIHE-R_S1_T1_Main_blank.csv
digital-resource-companion/bundles/core_tools/AIHE_Core_Tools_V1.0.zip!/AIHE_Core_Tools_V1.0/data/core_records/AIHE-R_S1_T2_Main_blank.csv,AIHE_Canon_V1.0/bundles/tools/AIHE_Core_Tools_V1.0.zip!/AIHE_Core_Tools_V1.0/data/core_records/AIHE-R_S1_T2_Main_blank.csv
digital-resource-companion/bundles/core_tools/AIHE_Core_Tools_V1.0.zip!/AIHE_Core_Tools_V1.0/data/core_records/AIHE-R_S1_T3_Main_blank.csv,AIHE_Canon_V1.0/bundles/tools/AIHE_Core_Tools_V1.0.zip!/AIHE_Core_Tools_V1.0/data/core_records/AIHE-R_S1_T3_Main_blank.csv
digital-resource-companion/bundles/core_tools/AIHE_Core_Tools_V1.0.zip!/AIHE_Core_Tools_V1.0/data/core_records/AIHE-S_S1_T1_Main_blank.csv,AIHE_Canon_V1.0/bundles/tools/AIHE_Core_Tools_V1.0.zip!/AIHE_Core_Tools_V1.0/data/core_records/AIHE-S_S1_T1_Main_blank.csv
digital-resource-companion/bundles/core_tools/AIHE_Core_Tools_V1.0.zip!/AIHE_Core_Tools_V1.0/data/core_records/AIHE-S_S1_T2_Main_blank.csv,AIHE_Canon_V1.0/bundles/tools/AIHE_Core_Tools_V1.0.zip!/AIHE_Core_Tools_V1.0/data/core_records/AIHE-S_S1_T2_Main_blank.csv
digital-resource-companion/bundles/core_tools/AIHE_Core_Tools_V1.0.zip!/AIHE_Core_Tools_V1.0/data/core_records/AIHE-S_S1_T3_Main_blank.csv,AIHE_Canon_V1.0/bundles/tools/AIHE_Core_Tools_V1.0.zip!/AIHE_Core_Tools_V1.0/data/core_records/AIHE-S_S1_T3_Main_blank.csv
digital-resource-companion/bundles/core_tools/AIHE_Core_Tools_V1.0.zip!/AIHE_Core_Tools_V1.0/data/core_records/AIHE-S_blank.csv,AIHE_Canon_V1.0/bundles/tools/AIHE_Core_Tools_V1.0.zip!/AIHE_Core_Tools_V1.0/data/core_records/AIHE-S_blank.csv
digital-resource-companion/bundles/core_tools/AIHE_Core_Tools_V1.0.zip!/AIHE_Core_Tools_V1.0/data/core_records/AIHE-T_S1_T1_Main_blank.csv,AIHE_Canon_V1.0/bundles/tools/AIHE_Core_Tools_V1.0.zip!/AIHE_Core_Tools_V1.0/data/core_records/AIHE-T_S1_T1_Main_blank.csv
digital-resource-companion/bundles/core_tools/AIHE_Core_Tools_V1.0.zip!/AIHE_Core_Tools_V1.0/data/core_records/AIHE-T_S1_T2_Main_blank.csv,AIHE_Canon_V1.0/bundles/tools/AIHE_Core_Tools_V1.0.zip!/AIHE_Core_Tools_V1.0/data/core_records/AIHE-T_S1_T2_Main_blank.csv
digital-resource-companion/bundles/core_tools/AIHE_Core_Tools_V1.0.zip!/AIHE_Core_Tools_V1.0/data/core_records/AIHE-T_S1_T3_Main_blank.csv,AIHE_Canon_V1.0/bundles/tools/AIHE_Core_Tools_V1.0.zip!/AIHE_Core_Tools_V1.0/data/core_records/AIHE-T_S1_T3_Main_blank.csv
digital-resource-companion/bundles/core_tools/AIHE_Core_Tools_V1.0.zip!/AIHE_Core_Tools_V1.0/data/core_records/AIHE-U_S1_T1_Main_blank.csv,AIHE_Canon_V1.0/bundles/tools/AIHE_Core_Tools_V1.0.zip!/AIHE_Core_Tools_V1.0/data/core_records/AIHE-U_S1_T1_Main_blank.csv
digital-resource-companion/bundles/core_tools/AIHE_Core_Tools_V1.0.zip!/AIHE_Core_Tools_V1.0/data/core_records/AIHE-U_S1_T2_Main_blank.csv,AIHE_Canon_V1.0/bundles/tools/AIHE_Core_Tools_V1.0.zip!/AIHE_Core_Tools_V1.0/data/core_records/AIHE-U_S1_T2_Main_blank.csv
digital-resource-companion/bundles/core_tools/AIHE_Core_Tools_V1.0.zip!/AIHE_Core_Tools_V1.0/data/core_records/AIHE-U_S1_T3_Main_blank.csv,AIHE_Canon_V1.0/bundles/tools/AIHE_Core_Tools_V1.0.zip!/AIHE_Core_Tools_V1.0/data/core_records/AIHE-U_S1_T3_Main_blank.csv
digital-resource-companion/bundles/core_tools/AIHE_Core_Tools_V1.0.zip!/AIHE_Core_Tools_V1.0/data/core_records/AIHE-V_S1_T1_Main_blank.csv,AIHE_Canon_V1.0/bundles/tools/AIHE_Core_Tools_V1.0.zip!/AIHE_Core_Tools_V1.0/data/core_records/AIHE-V_S1_T1_Main_blank.csv
digital-resource-companion/bundles/core_tools/AIHE_Core_Tools_V1.0.zip!/AIHE_Core_Tools_V1.0/data/core_records/AIHE-V_S1_T2_Main_blank.csv,AIHE_Canon_V1.0/bundles/tools/AIHE_Core_Tools_V1.0.zip!/AIHE_Core_Tools_V1.0/data/core_records/AIHE-V_S1_T2_Main_blank.csv
digital-resource-companion/bundles/core_tools/AIHE_Core_Tools_V1.0.zip!/AIHE_Core_Tools_V1.0/data/core_records/AIHE-V_S1_T3_Main_blank.csv,AIHE_Canon_V1.0/bundles/tools/AIHE_Core_Tools_V1.0.zip!/AIHE_Core_Tools_V1.0/data/core_records/AIHE-V_S1_T3_Main_blank.csv
digital-resource-companion/bundles/core_tools/AIHE_Core_Tools_V1.0.zip!/AIHE_Core_Tools_V1.0/data/core_records/AIHE-V_S1_T4_Main_blank.csv,AIHE_Canon_V1.0/bundles/tools/AIHE_Core_Tools_V1.0.zip!/AIHE_Core_Tools_V1.0/data/core_records/AIHE-V_S1_T4_Main_blank.csv
digital-resource-companion/bundles/core_tools/AIHE_Core_Tools_V1.0.zip!/AIHE_Core_Tools_V1.0/data/core_records/AIHE-W_S1_T1_Main_blank.csv,AIHE_Canon_V1.0/bundles/tools/AIHE_Core_Tools_V1.0.zip!/AIHE_Core_Tools_V1.0/data/core_records/AIHE-W_S1_T1_Main_blank.csv
digital-resource-companion/bundles/core_tools/AIHE_Core_Tools_V1.0.zip!/AIHE_Core_Tools_V1.0/data/core_records/AIHE-X_S1_T1_Main_blank.csv,AIHE_Canon_V1.0/bundles/tools/AIHE_Core_Tools_V1.0.zip!/AIHE_Core_Tools_V1.0/data/core_records/AIHE-X_S1_T1_Main_blank.csv
digital-resource-companion/bundles/core_tools/AIHE_Core_Tools_V1.0.zip!/AIHE_Core_Tools_V1.0/data/core_records/AIHE-Y_S1_T1_Main_blank.csv,AIHE_Canon_V1.0/bundles/tools/AIHE_Core_Tools_V1.0.zip!/AIHE_Core_Tools_V1.0/data/core_records/AIHE-Y_S1_T1_Main_blank.csv
digital-resource-companion/bundles/core_tools/AIHE_Core_Tools_V1.0.zip!/AIHE_Core_Tools_V1.0/data/core_records/AIHE-Z_S1_T1_Main_blank.csv,AIHE_Canon_V1.0/bundles/tools/AIHE_Core_Tools_V1.0.zip!/AIHE_Core_Tools_V1.0/data/core_records/AIHE-Z_S1_T1_Main_blank.csv
digital-resource-companion/bundles/core_tools/AIHE_Core_Tools_V1.0.zip!/AIHE_Core_Tools_V1.0/forms/AIHE_Core_Resource_Forms_V1.0.docx,AIHE_Canon_V1.0/bundles/tools/AIHE_Core_Tools_V1.0.zip!/AIHE_Core_Tools_V1.0/forms/AIHE_Core_Forms_V1.0.docx
digital-resource-companion/bundles/core_tools/AIHE_Core_Tools_V1.0.zip!/AIHE_Core_Tools_V1.0/forms/AIHE_Core_Resource_Forms_V1.0.pdf,AIHE_Canon_V1.0/bundles/tools/AIHE_Core_Tools_V1.0.zip!/AIHE_Core_Tools_V1.0/forms/AIHE_Core_Forms_V1.0.pdf
digital-resource-companion/bundles/core_tools/AIHE_Core_Tools_V1.0.zip!/AIHE_Core_Tools_V1.0/forms/individual/AIHE-A01_template_and_worked_example_V1.0.docx,AIHE_Canon_V1.0/bundles/tools/AIHE_Core_Tools_V1.0.zip!/AIHE_Core_Tools_V1.0/forms/individual/AIHE-A01_template_example_V1.0.docx
digital-resource-companion/bundles/core_tools/AIHE_Core_Tools_V1.0.zip!/AIHE_Core_Tools_V1.0/forms/individual/AIHE-A02_template_and_worked_example_V1.0.docx,AIHE_Canon_V1.0/bundles/tools/AIHE_Core_Tools_V1.0.zip!/AIHE_Core_Tools_V1.0/forms/individual/AIHE-A02_template_example_V1.0.docx
digital-resource-companion/bundles/core_tools/AIHE_Core_Tools_V1.0.zip!/AIHE_Core_Tools_V1.0/forms/individual/AIHE-A03_template_and_worked_example_V1.0.docx,AIHE_Canon_V1.0/bundles/tools/AIHE_Core_Tools_V1.0.zip!/AIHE_Core_Tools_V1.0/forms/individual/AIHE-A03_template_example_V1.0.docx
digital-resource-companion/bundles/core_tools/AIHE_Core_Tools_V1.0.zip!/AIHE_Core_Tools_V1.0/forms/individual/AIHE-A04_template_and_worked_example_V1.0.docx,AIHE_Canon_V1.0/bundles/tools/AIHE_Core_Tools_V1.0.zip!/AIHE_Core_Tools_V1.0/forms/individual/AIHE-A04_template_example_V1.0.docx
digital-resource-companion/bundles/core_tools/AIHE_Core_Tools_V1.0.zip!/AIHE_Core_Tools_V1.0/forms/individual/AIHE-B01_template_and_worked_example_V1.0.docx,AIHE_Canon_V1.0/bundles/tools/AIHE_Core_Tools_V1.0.zip!/AIHE_Core_Tools_V1.0/forms/individual/AIHE-B01_template_example_V1.0.docx
digital-resource-companion/bundles/core_tools/AIHE_Core_Tools_V1.0.zip!/AIHE_Core_Tools_V1.0/forms/individual/AIHE-B02_template_and_worked_example_V1.0.docx,AIHE_Canon_V1.0/bundles/tools/AIHE_Core_Tools_V1.0.zip!/AIHE_Core_Tools_V1.0/forms/individual/AIHE-B02_template_example_V1.0.docx
digital-resource-companion/bundles/core_tools/AIHE_Core_Tools_V1.0.zip!/AIHE_Core_Tools_V1.0/forms/individual/AIHE-B03_template_and_worked_example_V1.0.docx,AIHE_Canon_V1.0/bundles/tools/AIHE_Core_Tools_V1.0.zip!/AIHE_Core_Tools_V1.0/forms/individual/AIHE-B03_template_example_V1.0.docx
digital-resource-companion/bundles/core_tools/AIHE_Core_Tools_V1.0.zip!/AIHE_Core_Tools_V1.0/forms/individual/AIHE-B04_template_and_worked_example_V1.0.docx,AIHE_Canon_V1.0/bundles/tools/AIHE_Core_Tools_V1.0.zip!/AIHE_Core_Tools_V1.0/forms/individual/AIHE-B04_template_example_V1.0.docx
digital-resource-companion/bundles/core_tools/AIHE_Core_Tools_V1.0.zip!/AIHE_Core_Tools_V1.0/forms/individual/AIHE-B05_template_and_worked_example_V1.0.docx,AIHE_Canon_V1.0/bundles/tools/AIHE_Core_Tools_V1.0.zip!/AIHE_Core_Tools_V1.0/forms/individual/AIHE-B05_template_example_V1.0.docx
digital-resource-companion/bundles/core_tools/AIHE_Core_Tools_V1.0.zip!/AIHE_Core_Tools_V1.0/forms/individual/AIHE-C01_template_and_worked_example_V1.0.docx,AIHE_Canon_V1.0/bundles/tools/AIHE_Core_Tools_V1.0.zip!/AIHE_Core_Tools_V1.0/forms/individual/AIHE-C01_template_example_V1.0.docx
digital-resource-companion/bundles/core_tools/AIHE_Core_Tools_V1.0.zip!/AIHE_Core_Tools_V1.0/forms/individual/AIHE-C02_template_and_worked_example_V1.0.docx,AIHE_Canon_V1.0/bundles/tools/AIHE_Core_Tools_V1.0.zip!/AIHE_Core_Tools_V1.0/forms/individual/AIHE-C02_template_example_V1.0.docx
digital-resource-companion/bundles/core_tools/AIHE_Core_Tools_V1.0.zip!/AIHE_Core_Tools_V1.0/forms/individual/AIHE-C03_template_and_worked_example_V1.0.docx,AIHE_Canon_V1.0/bundles/tools/AIHE_Core_Tools_V1.0.zip!/AIHE_Core_Tools_V1.0/forms/individual/AIHE-C03_template_example_V1.0.docx
digital-resource-companion/bundles/core_tools/AIHE_Core_Tools_V1.0.zip!/AIHE_Core_Tools_V1.0/forms/individual/AIHE-C04_template_and_worked_example_V1.0.docx,AIHE_Canon_V1.0/bundles/tools/AIHE_Core_Tools_V1.0.zip!/AIHE_Core_Tools_V1.0/forms/individual/AIHE-C04_template_example_V1.0.docx
digital-resource-companion/bundles/core_tools/AIHE_Core_Tools_V1.0.zip!/AIHE_Core_Tools_V1.0/forms/individual/AIHE-C05_template_and_worked_example_V1.0.docx,AIHE_Canon_V1.0/bundles/tools/AIHE_Core_Tools_V1.0.zip!/AIHE_Core_Tools_V1.0/forms/individual/AIHE-C05_template_example_V1.0.docx
digital-resource-companion/bundles/core_tools/AIHE_Core_Tools_V1.0.zip!/AIHE_Core_Tools_V1.0/forms/individual/AIHE-D01_template_and_worked_example_V1.0.docx,AIHE_Canon_V1.0/bundles/tools/AIHE_Core_Tools_V1.0.zip!/AIHE_Core_Tools_V1.0/forms/individual/AIHE-D01_template_example_V1.0.docx
digital-resource-companion/bundles/core_tools/AIHE_Core_Tools_V1.0.zip!/AIHE_Core_Tools_V1.0/forms/individual/AIHE-D02_template_and_worked_example_V1.0.docx,AIHE_Canon_V1.0/bundles/tools/AIHE_Core_Tools_V1.0.zip!/AIHE_Core_Tools_V1.0/forms/individual/AIHE-D02_template_example_V1.0.docx
digital-resource-companion/bundles/core_tools/AIHE_Core_Tools_V1.0.zip!/AIHE_Core_Tools_V1.0/forms/individual/AIHE-D03_template_and_worked_example_V1.0.docx,AIHE_Canon_V1.0/bundles/tools/AIHE_Core_Tools_V1.0.zip!/AIHE_Core_Tools_V1.0/forms/individual/AIHE-D03_template_example_V1.0.docx
digital-resource-companion/bundles/core_tools/AIHE_Core_Tools_V1.0.zip!/AIHE_Core_Tools_V1.0/forms/individual/AIHE-D04_template_and_worked_example_V1.0.docx,AIHE_Canon_V1.0/bundles/tools/AIHE_Core_Tools_V1.0.zip!/AIHE_Core_Tools_V1.0/forms/individual/AIHE-D04_template_example_V1.0.docx
digital-resource-companion/bundles/core_tools/AIHE_Core_Tools_V1.0.zip!/AIHE_Core_Tools_V1.0/forms/individual/AIHE-D05_template_and_worked_example_V1.0.docx,AIHE_Canon_V1.0/bundles/tools/AIHE_Core_Tools_V1.0.zip!/AIHE_Core_Tools_V1.0/forms/individual/AIHE-D05_template_example_V1.0.docx
digital-resource-companion/bundles/core_tools/AIHE_Core_Tools_V1.0.zip!/AIHE_Core_Tools_V1.0/forms/individual/AIHE-E01_template_and_worked_example_V1.0.docx,AIHE_Canon_V1.0/bundles/tools/AIHE_Core_Tools_V1.0.zip!/AIHE_Core_Tools_V1.0/forms/individual/AIHE-E01_template_example_V1.0.docx
digital-resource-companion/bundles/core_tools/AIHE_Core_Tools_V1.0.zip!/AIHE_Core_Tools_V1.0/forms/individual/AIHE-E02_template_and_worked_example_V1.0.docx,AIHE_Canon_V1.0/bundles/tools/AIHE_Core_Tools_V1.0.zip!/AIHE_Core_Tools_V1.0/forms/individual/AIHE-E02_template_example_V1.0.docx
digital-resource-companion/bundles/core_tools/AIHE_Core_Tools_V1.0.zip!/AIHE_Core_Tools_V1.0/forms/individual/AIHE-E03_template_and_worked_example_V1.0.docx,AIHE_Canon_V1.0/bundles/tools/AIHE_Core_Tools_V1.0.zip!/AIHE_Core_Tools_V1.0/forms/individual/AIHE-E03_template_example_V1.0.docx
digital-resource-companion/bundles/core_tools/AIHE_Core_Tools_V1.0.zip!/AIHE_Core_Tools_V1.0/forms/individual/AIHE-E04_template_and_worked_example_V1.0.docx,AIHE_Canon_V1.0/bundles/tools/AIHE_Core_Tools_V1.0.zip!/AIHE_Core_Tools_V1.0/forms/individual/AIHE-E04_template_example_V1.0.docx
digital-resource-companion/bundles/core_tools/AIHE_Core_Tools_V1.0.zip!/AIHE_Core_Tools_V1.0/forms/individual/AIHE-E05_template_and_worked_example_V1.0.docx,AIHE_Canon_V1.0/bundles/tools/AIHE_Core_Tools_V1.0.zip!/AIHE_Core_Tools_V1.0/forms/individual/AIHE-E05_template_example_V1.0.docx
digital-resource-companion/bundles/core_tools/AIHE_Core_Tools_V1.0.zip!/AIHE_Core_Tools_V1.0/migration/v1.0_to_v1.0/AIHE_Book_Resource_Audit_Report.md,AIHE_Canon_V1.0/bundles/tools/AIHE_Core_Tools_V1.0.zip!/AIHE_Core_Tools_V1.0/migration/audit/AIHE_Book_Resource_Audit_Report.md
digital-resource-companion/bundles/core_tools/AIHE_Core_Tools_V1.0.zip!/AIHE_Core_Tools_V1.0/migration/v1.0_to_v1.0/ARCHIVE_ACCESS_AND_INTEGRATION_STATUS.txt,AIHE_Canon_V1.0/bundles/tools/AIHE_Core_Tools_V1.0.zip!/AIHE_Core_Tools_V1.0/migration/audit/ARCHIVE_ACCESS_AND_INTEGRATION_STATUS.txt
digital-resource-companion/bundles/core_tools/AIHE_Core_Tools_V1.0.zip!/AIHE_Core_Tools_V1.0/migration/v1.0_to_v1.0/IMPLEMENTATION_STATUS.md,AIHE_Canon_V1.0/bundles/tools/AIHE_Core_Tools_V1.0.zip!/AIHE_Core_Tools_V1.0/migration/audit/IMPLEMENTATION_STATUS.md
digital-resource-companion/bundles/core_tools/AIHE_Core_Tools_V1.0.zip!/AIHE_Core_Tools_V1.0/migration/v1.0_to_v1.0/README.md,AIHE_Canon_V1.0/bundles/tools/AIHE_Core_Tools_V1.0.zip!/AIHE_Core_Tools_V1.0/migration/audit/README.md
digital-resource-companion/bundles/core_tools/AIHE_Core_Tools_V1.0.zip!/AIHE_Core_Tools_V1.0/migration/v1.0_to_v1.0/SHA256SUMS.txt,AIHE_Canon_V1.0/bundles/tools/AIHE_Core_Tools_V1.0.zip!/AIHE_Core_Tools_V1.0/migration/audit/SHA256SUMS.txt
digital-resource-companion/bundles/core_tools/AIHE_Core_Tools_V1.0.zip!/AIHE_Core_Tools_V1.0/migration/v1.0_to_v1.0/actions/python_update_register.csv,AIHE_Canon_V1.0/bundles/tools/AIHE_Core_Tools_V1.0.zip!/AIHE_Core_Tools_V1.0/migration/audit/actions/python_update_register.csv
digital-resource-companion/bundles/core_tools/AIHE_Core_Tools_V1.0.zip!/AIHE_Core_Tools_V1.0/migration/v1.0_to_v1.0/actions/resource_update_register.csv,AIHE_Canon_V1.0/bundles/tools/AIHE_Core_Tools_V1.0.zip!/AIHE_Core_Tools_V1.0/migration/audit/actions/resource_update_register.csv
digital-resource-companion/bundles/core_tools/AIHE_Core_Tools_V1.0.zip!/AIHE_Core_Tools_V1.0/migration/v1.0_to_v1.0/actions/website_and_bundle_update_register.csv,AIHE_Canon_V1.0/bundles/tools/AIHE_Core_Tools_V1.0.zip!/AIHE_Core_Tools_V1.0/migration/audit/actions/website_and_bundle_update_register.csv
digital-resource-companion/bundles/core_tools/AIHE_Core_Tools_V1.0.zip!/AIHE_Core_Tools_V1.0/migration/v1.0_to_v1.0/actions/worked_example_update_register.csv,AIHE_Canon_V1.0/bundles/tools/AIHE_Core_Tools_V1.0.zip!/AIHE_Core_Tools_V1.0/migration/audit/actions/worked_example_update_register.csv
digital-resource-companion/bundles/core_tools/AIHE_Core_Tools_V1.0.zip!/AIHE_Core_Tools_V1.0/migration/v1.0_to_v1.0/crosswalks/chapter_structure_crosswalk.csv,AIHE_Canon_V1.0/bundles/tools/AIHE_Core_Tools_V1.0.zip!/AIHE_Core_Tools_V1.0/migration/audit/crosswalks/chapter_structure_crosswalk.csv
digital-resource-companion/bundles/core_tools/AIHE_Core_Tools_V1.0.zip!/AIHE_Core_Tools_V1.0/migration/v1.0_to_v1.0/crosswalks/figure_crosswalk.csv,AIHE_Canon_V1.0/bundles/tools/AIHE_Core_Tools_V1.0.zip!/AIHE_Core_Tools_V1.0/migration/audit/crosswalks/figure_crosswalk.csv
digital-resource-companion/bundles/core_tools/AIHE_Core_Tools_V1.0.zip!/AIHE_Core_Tools_V1.0/migration/v1.0_to_v1.0/crosswalks/table_crosswalk.csv,AIHE_Canon_V1.0/bundles/tools/AIHE_Core_Tools_V1.0.zip!/AIHE_Core_Tools_V1.0/migration/audit/crosswalks/table_crosswalk.csv
digital-resource-companion/bundles/core_tools/AIHE_Core_Tools_V1.0.zip!/AIHE_Core_Tools_V1.0/migration/v1.0_to_v1.0/docs/resource-audit-sep-2026/index.html,AIHE_Canon_V1.0/bundles/tools/AIHE_Core_Tools_V1.0.zip!/AIHE_Core_Tools_V1.0/migration/audit/docs/resource-audit-sep-2026/index.html
digital-resource-companion/bundles/core_tools/AIHE_Core_Tools_V1.0.zip!/AIHE_Core_Tools_V1.0/migration/v1.0_to_v1.0/machine_readable/audit_summary.json,AIHE_Canon_V1.0/bundles/tools/AIHE_Core_Tools_V1.0.zip!/AIHE_Core_Tools_V1.0/migration/audit/data/audit_summary.json
digital-resource-companion/bundles/core_tools/AIHE_Core_Tools_V1.0.zip!/AIHE_Core_Tools_V1.0/python/10_lifecycle_cost_cash_expenditure_accounting_expense_and_budget_incidence_analysis_V1_0.py,AIHE_Canon_V1.0/bundles/tools/AIHE_Core_Tools_V1.0.zip!/AIHE_Core_Tools_V1.0/python/10_lifecycle_cost_cash_e_budget_life.py
digital-resource-companion/bundles/core_tools/AIHE_Core_Tools_V1.0.zip!/AIHE_Core_Tools_V1.0/python/11_financial_recognition_npv_roi_payback_and_benefit_realization_analysis_V1_0.py,AIHE_Canon_V1.0/bundles/tools/AIHE_Core_Tools_V1.0.zip!/AIHE_Core_Tools_V1.0/python/11_financial_recognition_finance.py
digital-resource-companion/bundles/core_tools/AIHE_Core_Tools_V1.0.zip!/AIHE_Core_Tools_V1.0/python/14_one_way_sensitivity_scenario_and_threshold_analysis_V1_0.py,AIHE_Canon_V1.0/bundles/tools/AIHE_Core_Tools_V1.0.zip!/AIHE_Core_Tools_V1.0/python/14_one_way_sensitivity_scenario_and_threshold_analysis_V1_0.py
digital-resource-companion/bundles/core_tools/AIHE_Core_Tools_V1.0.zip!/AIHE_Core_Tools_V1.0/python/15_probabilistic_analysis_value_of_information_evsi_and_expected_net_benefit_of_sampling_V1_0.py,AIHE_Canon_V1.0/bundles/tools/AIHE_Core_Tools_V1.0.zip!/AIHE_Core_Tools_V1.0/python/15_probabilistic_analysi_223f984a.py
digital-resource-companion/bundles/core_tools/AIHE_Core_Tools_V1.0.zip!/AIHE_Core_Tools_V1.0/python/17_supplier_claims_dependencies_continuing_disclosure_and_obligation_audit_V1_0.py,AIHE_Canon_V1.0/bundles/tools/AIHE_Core_Tools_V1.0.zip!/AIHE_Core_Tools_V1.0/python/17_supplier_claims_depen_4edbb166.py
digital-resource-companion/bundles/core_tools/AIHE_Core_Tools_V1.0.zip!/AIHE_Core_Tools_V1.0/python/25_pricing_renewal_renegotiation_and_credible_exit_analysis_V1_0.py,AIHE_Canon_V1.0/bundles/tools/AIHE_Core_Tools_V1.0.zip!/AIHE_Core_Tools_V1.0/python/25_pricing_renewal_renegotiation_and_credible_exit_analysis_V1_0.py
digital-resource-companion/bundles/core_tools/AIHE_Core_Tools_V1.0.zip!/AIHE_Core_Tools_V1.0/python/29_ai_hed_decision_provenance_and_lifecycle_trigger_audit_V1_0.py,AIHE_Canon_V1.0/bundles/tools/AIHE_Core_Tools_V1.0.zip!/AIHE_Core_Tools_V1.0/python/29_ai_hed_decision_provenance_and_lifecycle_trigger_audit_V1_0.py
digital-resource-companion/bundles/core_tools/AIHE_Core_Tools_V1.0.zip!/AIHE_Core_Tools_V1.0/python/36_circular_stock_flow_value_retention_and_leakage_accounting_V1_0.py,AIHE_Canon_V1.0/bundles/tools/AIHE_Core_Tools_V1.0.zip!/AIHE_Core_Tools_V1.0/python/36_circular_stock_flow_value_retention_and_leakage_accounting_V1_0.py
digital-resource-companion/bundles/core_tools/AIHE_Core_Tools_V1.0.zip!/AIHE_Core_Tools_V1.0/python/37_supported_asset_life_eligibility_equivalent_annual_cost_and_residual_value_V1_0.py,AIHE_Canon_V1.0/bundles/tools/AIHE_Core_Tools_V1.0.zip!/AIHE_Core_Tools_V1.0/python/37_supported_asset_life__asset.py
digital-resource-companion/bundles/core_tools/AIHE_Core_Tools_V1.0.zip!/AIHE_Core_Tools_V1.0/python/38_circularity_adjusted_evaluation_of_an_ai_assisted_remote_diagnostic_pathway_V1_0.py,AIHE_Canon_V1.0/bundles/tools/AIHE_Core_Tools_V1.0.zip!/AIHE_Core_Tools_V1.0/python/38_circularity_adjusted__circ_diag_eval.py
digital-resource-companion/bundles/core_tools/AIHE_Core_Tools_V1.0.zip!/AIHE_Core_Tools_V1.0/python/39_rebound_induced_demand_and_spatial_intertemporal_burden_transfer_analysis_V1_0.py,AIHE_Canon_V1.0/bundles/tools/AIHE_Core_Tools_V1.0.zip!/AIHE_Core_Tools_V1.0/python/39_rebound_induced_deman_abe92baf.py
digital-resource-companion/bundles/core_tools/AIHE_Core_Tools_V1.0.zip!/AIHE_Core_Tools_V1.0/python/40_lifecycle_decision_state_and_trigger_review.py,AIHE_Canon_V1.0/bundles/tools/AIHE_Core_Tools_V1.0.zip!/AIHE_Core_Tools_V1.0/python/40_lifecycle_decision_state_and_trigger_review.py
digital-resource-companion/bundles/core_tools/AIHE_Core_Tools_V1.0.zip!/AIHE_Core_Tools_V1.0/python/AIHE-PY10_README.md,AIHE_Canon_V1.0/bundles/tools/AIHE_Core_Tools_V1.0.zip!/AIHE_Core_Tools_V1.0/python/PY10_cost_budget
digital-resource-companion/bundles/core_tools/AIHE_Core_Tools_V1.0.zip!/AIHE_Core_Tools_V1.0/python/AIHE-PY11_README.md,AIHE_Canon_V1.0/bundles/tools/AIHE_Core_Tools_V1.0.zip!/AIHE_Core_Tools_V1.0/python/PY11_finance_value
digital-resource-companion/bundles/core_tools/AIHE_Core_Tools_V1.0.zip!/AIHE_Core_Tools_V1.0/python/AIHE-PY14_README.md,AIHE_Canon_V1.0/bundles/tools/AIHE_Core_Tools_V1.0.zip!/AIHE_Core_Tools_V1.0/python/PY14_sensitivity
digital-resource-companion/bundles/core_tools/AIHE_Core_Tools_V1.0.zip!/AIHE_Core_Tools_V1.0/python/AIHE-PY15_README.md,AIHE_Canon_V1.0/bundles/tools/AIHE_Core_Tools_V1.0.zip!/AIHE_Core_Tools_V1.0/python/PY15_psa_voi
digital-resource-companion/bundles/core_tools/AIHE_Core_Tools_V1.0.zip!/AIHE_Core_Tools_V1.0/python/AIHE-PY17_README.md,AIHE_Canon_V1.0/bundles/tools/AIHE_Core_Tools_V1.0.zip!/AIHE_Core_Tools_V1.0/python/PY17_pricing_contract
digital-resource-companion/bundles/core_tools/AIHE_Core_Tools_V1.0.zip!/AIHE_Core_Tools_V1.0/python/AIHE-PY25_README.md,AIHE_Canon_V1.0/bundles/tools/AIHE_Core_Tools_V1.0.zip!/AIHE_Core_Tools_V1.0/python/PY25_procurement
digital-resource-companion/bundles/core_tools/AIHE_Core_Tools_V1.0.zip!/AIHE_Core_Tools_V1.0/python/AIHE-PY29_README.md,AIHE_Canon_V1.0/bundles/tools/AIHE_Core_Tools_V1.0.zip!/AIHE_Core_Tools_V1.0/python/PY29_decision_audit
digital-resource-companion/bundles/core_tools/AIHE_Core_Tools_V1.0.zip!/AIHE_Core_Tools_V1.0/python/AIHE-PY36_README.md,AIHE_Canon_V1.0/bundles/tools/AIHE_Core_Tools_V1.0.zip!/AIHE_Core_Tools_V1.0/python/PY36_circular_flow
digital-resource-companion/bundles/core_tools/AIHE_Core_Tools_V1.0.zip!/AIHE_Core_Tools_V1.0/python/AIHE-PY37_README.md,AIHE_Canon_V1.0/bundles/tools/AIHE_Core_Tools_V1.0.zip!/AIHE_Core_Tools_V1.0/python/PY37_asset_life
digital-resource-companion/bundles/core_tools/AIHE_Core_Tools_V1.0.zip!/AIHE_Core_Tools_V1.0/python/AIHE-PY38_README.md,AIHE_Canon_V1.0/bundles/tools/AIHE_Core_Tools_V1.0.zip!/AIHE_Core_Tools_V1.0/python/PY38_circular_eval
digital-resource-companion/bundles/core_tools/AIHE_Core_Tools_V1.0.zip!/AIHE_Core_Tools_V1.0/python/AIHE-PY39_README.md,AIHE_Canon_V1.0/bundles/tools/AIHE_Core_Tools_V1.0.zip!/AIHE_Core_Tools_V1.0/python/PY39_portfolio_review
digital-resource-companion/bundles/core_tools/AIHE_Core_Tools_V1.0.zip!/AIHE_Core_Tools_V1.0/workbooks/AIHE_Core_Resource_Workbooks_V1.0.xlsx,AIHE_Canon_V1.0/bundles/tools/AIHE_Core_Tools_V1.0.zip!/AIHE_Core_Tools_V1.0/workbooks/AIHE_Core_WB_V1.0.xlsx
digital-resource-companion/bundles/core_tools/AIHE_Core_Tools_V1.0.zip!/AIHE_Core_Tools_V1.0/workbooks/individual/AIHE-A01_workbook_V1.0.xlsx,AIHE_Canon_V1.0/bundles/tools/AIHE_Core_Tools_V1.0.zip!/AIHE_Core_Tools_V1.0/workbooks/individual/AIHE-A01_workbook_V1.0.xlsx
digital-resource-companion/bundles/core_tools/AIHE_Core_Tools_V1.0.zip!/AIHE_Core_Tools_V1.0/workbooks/individual/AIHE-A02_workbook_V1.0.xlsx,AIHE_Canon_V1.0/bundles/tools/AIHE_Core_Tools_V1.0.zip!/AIHE_Core_Tools_V1.0/workbooks/individual/AIHE-A02_workbook_V1.0.xlsx
digital-resource-companion/bundles/core_tools/AIHE_Core_Tools_V1.0.zip!/AIHE_Core_Tools_V1.0/workbooks/individual/AIHE-A03_workbook_V1.0.xlsx,AIHE_Canon_V1.0/bundles/tools/AIHE_Core_Tools_V1.0.zip!/AIHE_Core_Tools_V1.0/workbooks/individual/AIHE-A03_workbook_V1.0.xlsx
digital-resource-companion/bundles/core_tools/AIHE_Core_Tools_V1.0.zip!/AIHE_Core_Tools_V1.0/workbooks/individual/AIHE-A04_workbook_V1.0.xlsx,AIHE_Canon_V1.0/bundles/tools/AIHE_Core_Tools_V1.0.zip!/AIHE_Core_Tools_V1.0/workbooks/individual/AIHE-A04_workbook_V1.0.xlsx
digital-resource-companion/bundles/core_tools/AIHE_Core_Tools_V1.0.zip!/AIHE_Core_Tools_V1.0/workbooks/individual/AIHE-B01_workbook_V1.0.xlsx,AIHE_Canon_V1.0/bundles/tools/AIHE_Core_Tools_V1.0.zip!/AIHE_Core_Tools_V1.0/workbooks/individual/AIHE-B01_workbook_V1.0.xlsx
digital-resource-companion/bundles/core_tools/AIHE_Core_Tools_V1.0.zip!/AIHE_Core_Tools_V1.0/workbooks/individual/AIHE-B02_workbook_V1.0.xlsx,AIHE_Canon_V1.0/bundles/tools/AIHE_Core_Tools_V1.0.zip!/AIHE_Core_Tools_V1.0/workbooks/individual/AIHE-B02_workbook_V1.0.xlsx
digital-resource-companion/bundles/core_tools/AIHE_Core_Tools_V1.0.zip!/AIHE_Core_Tools_V1.0/workbooks/individual/AIHE-B03_workbook_V1.0.xlsx,AIHE_Canon_V1.0/bundles/tools/AIHE_Core_Tools_V1.0.zip!/AIHE_Core_Tools_V1.0/workbooks/individual/AIHE-B03_workbook_V1.0.xlsx
digital-resource-companion/bundles/core_tools/AIHE_Core_Tools_V1.0.zip!/AIHE_Core_Tools_V1.0/workbooks/individual/AIHE-B04_workbook_V1.0.xlsx,AIHE_Canon_V1.0/bundles/tools/AIHE_Core_Tools_V1.0.zip!/AIHE_Core_Tools_V1.0/workbooks/individual/AIHE-B04_workbook_V1.0.xlsx
digital-resource-companion/bundles/core_tools/AIHE_Core_Tools_V1.0.zip!/AIHE_Core_Tools_V1.0/workbooks/individual/AIHE-B05_workbook_V1.0.xlsx,AIHE_Canon_V1.0/bundles/tools/AIHE_Core_Tools_V1.0.zip!/AIHE_Core_Tools_V1.0/workbooks/individual/AIHE-B05_workbook_V1.0.xlsx
digital-resource-companion/bundles/core_tools/AIHE_Core_Tools_V1.0.zip!/AIHE_Core_Tools_V1.0/workbooks/individual/AIHE-C01_workbook_V1.0.xlsx,AIHE_Canon_V1.0/bundles/tools/AIHE_Core_Tools_V1.0.zip!/AIHE_Core_Tools_V1.0/workbooks/individual/AIHE-C01_workbook_V1.0.xlsx
digital-resource-companion/bundles/core_tools/AIHE_Core_Tools_V1.0.zip!/AIHE_Core_Tools_V1.0/workbooks/individual/AIHE-C02_workbook_V1.0.xlsx,AIHE_Canon_V1.0/bundles/tools/AIHE_Core_Tools_V1.0.zip!/AIHE_Core_Tools_V1.0/workbooks/individual/AIHE-C02_workbook_V1.0.xlsx
digital-resource-companion/bundles/core_tools/AIHE_Core_Tools_V1.0.zip!/AIHE_Core_Tools_V1.0/workbooks/individual/AIHE-C03_workbook_V1.0.xlsx,AIHE_Canon_V1.0/bundles/tools/AIHE_Core_Tools_V1.0.zip!/AIHE_Core_Tools_V1.0/workbooks/individual/AIHE-C03_workbook_V1.0.xlsx
digital-resource-companion/bundles/core_tools/AIHE_Core_Tools_V1.0.zip!/AIHE_Core_Tools_V1.0/workbooks/individual/AIHE-C04_workbook_V1.0.xlsx,AIHE_Canon_V1.0/bundles/tools/AIHE_Core_Tools_V1.0.zip!/AIHE_Core_Tools_V1.0/workbooks/individual/AIHE-C04_workbook_V1.0.xlsx
digital-resource-companion/bundles/core_tools/AIHE_Core_Tools_V1.0.zip!/AIHE_Core_Tools_V1.0/workbooks/individual/AIHE-C05_workbook_V1.0.xlsx,AIHE_Canon_V1.0/bundles/tools/AIHE_Core_Tools_V1.0.zip!/AIHE_Core_Tools_V1.0/workbooks/individual/AIHE-C05_workbook_V1.0.xlsx
digital-resource-companion/bundles/core_tools/AIHE_Core_Tools_V1.0.zip!/AIHE_Core_Tools_V1.0/workbooks/individual/AIHE-D01_workbook_V1.0.xlsx,AIHE_Canon_V1.0/bundles/tools/AIHE_Core_Tools_V1.0.zip!/AIHE_Core_Tools_V1.0/workbooks/individual/AIHE-D01_workbook_V1.0.xlsx
digital-resource-companion/bundles/core_tools/AIHE_Core_Tools_V1.0.zip!/AIHE_Core_Tools_V1.0/workbooks/individual/AIHE-D02_workbook_V1.0.xlsx,AIHE_Canon_V1.0/bundles/tools/AIHE_Core_Tools_V1.0.zip!/AIHE_Core_Tools_V1.0/workbooks/individual/AIHE-D02_workbook_V1.0.xlsx
digital-resource-companion/bundles/core_tools/AIHE_Core_Tools_V1.0.zip!/AIHE_Core_Tools_V1.0/workbooks/individual/AIHE-D03_workbook_V1.0.xlsx,AIHE_Canon_V1.0/bundles/tools/AIHE_Core_Tools_V1.0.zip!/AIHE_Core_Tools_V1.0/workbooks/individual/AIHE-D03_workbook_V1.0.xlsx
digital-resource-companion/bundles/core_tools/AIHE_Core_Tools_V1.0.zip!/AIHE_Core_Tools_V1.0/workbooks/individual/AIHE-D04_workbook_V1.0.xlsx,AIHE_Canon_V1.0/bundles/tools/AIHE_Core_Tools_V1.0.zip!/AIHE_Core_Tools_V1.0/workbooks/individual/AIHE-D04_workbook_V1.0.xlsx
digital-resource-companion/bundles/core_tools/AIHE_Core_Tools_V1.0.zip!/AIHE_Core_Tools_V1.0/workbooks/individual/AIHE-D05_workbook_V1.0.xlsx,AIHE_Canon_V1.0/bundles/tools/AIHE_Core_Tools_V1.0.zip!/AIHE_Core_Tools_V1.0/workbooks/individual/AIHE-D05_workbook_V1.0.xlsx
digital-resource-companion/bundles/core_tools/AIHE_Core_Tools_V1.0.zip!/AIHE_Core_Tools_V1.0/workbooks/individual/AIHE-E01_workbook_V1.0.xlsx,AIHE_Canon_V1.0/bundles/tools/AIHE_Core_Tools_V1.0.zip!/AIHE_Core_Tools_V1.0/workbooks/individual/AIHE-E01_workbook_V1.0.xlsx
digital-resource-companion/bundles/core_tools/AIHE_Core_Tools_V1.0.zip!/AIHE_Core_Tools_V1.0/workbooks/individual/AIHE-E02_workbook_V1.0.xlsx,AIHE_Canon_V1.0/bundles/tools/AIHE_Core_Tools_V1.0.zip!/AIHE_Core_Tools_V1.0/workbooks/individual/AIHE-E02_workbook_V1.0.xlsx
digital-resource-companion/bundles/core_tools/AIHE_Core_Tools_V1.0.zip!/AIHE_Core_Tools_V1.0/workbooks/individual/AIHE-E03_workbook_V1.0.xlsx,AIHE_Canon_V1.0/bundles/tools/AIHE_Core_Tools_V1.0.zip!/AIHE_Core_Tools_V1.0/workbooks/individual/AIHE-E03_workbook_V1.0.xlsx
digital-resource-companion/bundles/core_tools/AIHE_Core_Tools_V1.0.zip!/AIHE_Core_Tools_V1.0/workbooks/individual/AIHE-E04_workbook_V1.0.xlsx,AIHE_Canon_V1.0/bundles/tools/AIHE_Core_Tools_V1.0.zip!/AIHE_Core_Tools_V1.0/workbooks/individual/AIHE-E04_workbook_V1.0.xlsx
digital-resource-companion/bundles/core_tools/AIHE_Core_Tools_V1.0.zip!/AIHE_Core_Tools_V1.0/workbooks/individual/AIHE-E05_workbook_V1.0.xlsx,AIHE_Canon_V1.0/bundles/tools/AIHE_Core_Tools_V1.0.zip!/AIHE_Core_Tools_V1.0/workbooks/individual/AIHE-E05_workbook_V1.0.xlsx
digital-resource-companion/bundles/core_tools/AIHE_Core_Tools_V1.0.zip!/AIHE_Core_Tools_V1.0/worked_examples/AIHE-CASE06B_financial_recognition_and_budget_incidence/README.md,AIHE_Canon_V1.0/bundles/tools/AIHE_Core_Tools_V1.0.zip!/AIHE_Core_Tools_V1.0/cases/CASE06B_finance_budget/README.md
digital-resource-companion/bundles/core_tools/AIHE_Core_Tools_V1.0.zip!/AIHE_Core_Tools_V1.0/worked_examples/AIHE-CASE06B_financial_recognition_and_budget_incidence/data/case_inputs.csv,AIHE_Canon_V1.0/bundles/tools/AIHE_Core_Tools_V1.0.zip!/AIHE_Core_Tools_V1.0/cases/CASE06B_finance_budget/data/case_inputs.csv
digital-resource-companion/bundles/core_tools/AIHE_Core_Tools_V1.0.zip!/AIHE_Core_Tools_V1.0/worked_examples/AIHE-CASE06B_financial_recognition_and_budget_incidence/documentation/CASE_GUIDE.md,AIHE_Canon_V1.0/bundles/tools/AIHE_Core_Tools_V1.0.zip!/AIHE_Core_Tools_V1.0/cases/CASE06B_finance_budget/notes/CASE_GUIDE.md
digital-resource-companion/bundles/core_tools/AIHE_Core_Tools_V1.0.zip!/AIHE_Core_Tools_V1.0/worked_examples/AIHE-CASE06B_financial_recognition_and_budget_incidence/scenario/scenario.json,AIHE_Canon_V1.0/bundles/tools/AIHE_Core_Tools_V1.0.zip!/AIHE_Core_Tools_V1.0/cases/CASE06B_finance_budget/scn/scenario.json
digital-resource-companion/bundles/core_tools/AIHE_Core_Tools_V1.0.zip!/AIHE_Core_Tools_V1.0/worked_examples/AIHE-CASE06B_financial_recognition_and_budget_incidence/workbook/xlsx/AIHE-CASE06B_worked_example_and_template_V1.0.xlsx,AIHE_Canon_V1.0/bundles/tools/AIHE_Core_Tools_V1.0.zip!/AIHE_Core_Tools_V1.0/cases/CASE06B_finance_budget/wb/xlsx/AIHE-CASE06B_example_template_V1.0.xlsx
digital-resource-companion/bundles/core_tools/AIHE_Core_Tools_V1.0.zip!/AIHE_Core_Tools_V1.0/worked_examples/AIHE-CASE06B_financial_recognition_and_budget_incidence/worked_solution/worked_interpretation.md,AIHE_Canon_V1.0/bundles/tools/AIHE_Core_Tools_V1.0.zip!/AIHE_Core_Tools_V1.0/cases/CASE06B_finance_budget/solution/worked_interpretation.md
digital-resource-companion/bundles/core_tools/AIHE_Core_Tools_V1.0.zip!/AIHE_Core_Tools_V1.0/worked_examples/AIHE-CASE08B_evsi_and_expected_net_benefit_of_sampling_for_a_staged_pilot/README.md,AIHE_Canon_V1.0/bundles/tools/AIHE_Core_Tools_V1.0.zip!/AIHE_Core_Tools_V1.0/cases/CASE08B_evsi/README.md
digital-resource-companion/bundles/core_tools/AIHE_Core_Tools_V1.0.zip!/AIHE_Core_Tools_V1.0/worked_examples/AIHE-CASE08B_evsi_and_expected_net_benefit_of_sampling_for_a_staged_pilot/data/case_inputs.csv,AIHE_Canon_V1.0/bundles/tools/AIHE_Core_Tools_V1.0.zip!/AIHE_Core_Tools_V1.0/cases/CASE08B_evsi/data/case_inputs.csv
digital-resource-companion/bundles/core_tools/AIHE_Core_Tools_V1.0.zip!/AIHE_Core_Tools_V1.0/worked_examples/AIHE-CASE08B_evsi_and_expected_net_benefit_of_sampling_for_a_staged_pilot/documentation/CASE_GUIDE.md,AIHE_Canon_V1.0/bundles/tools/AIHE_Core_Tools_V1.0.zip!/AIHE_Core_Tools_V1.0/cases/CASE08B_evsi/notes/CASE_GUIDE.md
digital-resource-companion/bundles/core_tools/AIHE_Core_Tools_V1.0.zip!/AIHE_Core_Tools_V1.0/worked_examples/AIHE-CASE08B_evsi_and_expected_net_benefit_of_sampling_for_a_staged_pilot/scenario/scenario.json,AIHE_Canon_V1.0/bundles/tools/AIHE_Core_Tools_V1.0.zip!/AIHE_Core_Tools_V1.0/cases/CASE08B_evsi/scn/scenario.json
digital-resource-companion/bundles/core_tools/AIHE_Core_Tools_V1.0.zip!/AIHE_Core_Tools_V1.0/worked_examples/AIHE-CASE08B_evsi_and_expected_net_benefit_of_sampling_for_a_staged_pilot/workbook/xlsx/AIHE-CASE08B_worked_example_and_template_V1.0.xlsx,AIHE_Canon_V1.0/bundles/tools/AIHE_Core_Tools_V1.0.zip!/AIHE_Core_Tools_V1.0/cases/CASE08B_evsi/wb/xlsx/AIHE-CASE08B_example_template_V1.0.xlsx
digital-resource-companion/bundles/core_tools/AIHE_Core_Tools_V1.0.zip!/AIHE_Core_Tools_V1.0/worked_examples/AIHE-CASE08B_evsi_and_expected_net_benefit_of_sampling_for_a_staged_pilot/worked_solution/worked_interpretation.md,AIHE_Canon_V1.0/bundles/tools/AIHE_Core_Tools_V1.0.zip!/AIHE_Core_Tools_V1.0/cases/CASE08B_evsi/solution/worked_interpretation.md
digital-resource-companion/bundles/core_tools/AIHE_Core_Tools_V1.0.zip!/AIHE_Core_Tools_V1.0/worked_examples/AIHE-CASE09B_upstream_model_provider_change_during_a_vendor_contract/README.md,AIHE_Canon_V1.0/bundles/tools/AIHE_Core_Tools_V1.0.zip!/AIHE_Core_Tools_V1.0/cases/CASE09B_model_change/README.md
digital-resource-companion/bundles/core_tools/AIHE_Core_Tools_V1.0.zip!/AIHE_Core_Tools_V1.0/worked_examples/AIHE-CASE09B_upstream_model_provider_change_during_a_vendor_contract/data/case_inputs.csv,AIHE_Canon_V1.0/bundles/tools/AIHE_Core_Tools_V1.0.zip!/AIHE_Core_Tools_V1.0/cases/CASE09B_model_change/data/case_inputs.csv
digital-resource-companion/bundles/core_tools/AIHE_Core_Tools_V1.0.zip!/AIHE_Core_Tools_V1.0/worked_examples/AIHE-CASE09B_upstream_model_provider_change_during_a_vendor_contract/documentation/CASE_GUIDE.md,AIHE_Canon_V1.0/bundles/tools/AIHE_Core_Tools_V1.0.zip!/AIHE_Core_Tools_V1.0/cases/CASE09B_model_change/notes/CASE_GUIDE.md
digital-resource-companion/bundles/core_tools/AIHE_Core_Tools_V1.0.zip!/AIHE_Core_Tools_V1.0/worked_examples/AIHE-CASE09B_upstream_model_provider_change_during_a_vendor_contract/scenario/scenario.json,AIHE_Canon_V1.0/bundles/tools/AIHE_Core_Tools_V1.0.zip!/AIHE_Core_Tools_V1.0/cases/CASE09B_model_change/scn/scenario.json
digital-resource-companion/bundles/core_tools/AIHE_Core_Tools_V1.0.zip!/AIHE_Core_Tools_V1.0/worked_examples/AIHE-CASE09B_upstream_model_provider_change_during_a_vendor_contract/workbook/xlsx/AIHE-CASE09B_worked_example_and_template_V1.0.xlsx,AIHE_Canon_V1.0/bundles/tools/AIHE_Core_Tools_V1.0.zip!/AIHE_Core_Tools_V1.0/cases/CASE09B_model_change/wb/xlsx/AIHE-CASE09B_example_template_V1.0.xlsx
digital-resource-companion/bundles/core_tools/AIHE_Core_Tools_V1.0.zip!/AIHE_Core_Tools_V1.0/worked_examples/AIHE-CASE09B_upstream_model_provider_change_during_a_vendor_contract/worked_solution/worked_interpretation.md,AIHE_Canon_V1.0/bundles/tools/AIHE_Core_Tools_V1.0.zip!/AIHE_Core_Tools_V1.0/cases/CASE09B_model_change/solution/worked_interpretation.md
digital-resource-companion/bundles/core_tools/AIHE_Core_Tools_V1.0.zip!/AIHE_Core_Tools_V1.0/worked_examples/AIHE-CASE13B_rebound_and_burden_transfer/README.md,AIHE_Canon_V1.0/bundles/tools/AIHE_Core_Tools_V1.0.zip!/AIHE_Core_Tools_V1.0/cases/CASE13B_rebound/README.md
digital-resource-companion/bundles/core_tools/AIHE_Core_Tools_V1.0.zip!/AIHE_Core_Tools_V1.0/worked_examples/AIHE-CASE13B_rebound_and_burden_transfer/data/case_inputs.csv,AIHE_Canon_V1.0/bundles/tools/AIHE_Core_Tools_V1.0.zip!/AIHE_Core_Tools_V1.0/cases/CASE13B_rebound/data/case_inputs.csv
digital-resource-companion/bundles/core_tools/AIHE_Core_Tools_V1.0.zip!/AIHE_Core_Tools_V1.0/worked_examples/AIHE-CASE13B_rebound_and_burden_transfer/documentation/CASE_GUIDE.md,AIHE_Canon_V1.0/bundles/tools/AIHE_Core_Tools_V1.0.zip!/AIHE_Core_Tools_V1.0/cases/CASE13B_rebound/notes/CASE_GUIDE.md
digital-resource-companion/bundles/core_tools/AIHE_Core_Tools_V1.0.zip!/AIHE_Core_Tools_V1.0/worked_examples/AIHE-CASE13B_rebound_and_burden_transfer/scenario/scenario.json,AIHE_Canon_V1.0/bundles/tools/AIHE_Core_Tools_V1.0.zip!/AIHE_Core_Tools_V1.0/cases/CASE13B_rebound/scn/scenario.json
digital-resource-companion/bundles/core_tools/AIHE_Core_Tools_V1.0.zip!/AIHE_Core_Tools_V1.0/worked_examples/AIHE-CASE13B_rebound_and_burden_transfer/workbook/xlsx/AIHE-CASE13B_worked_example_and_template_V1.0.xlsx,AIHE_Canon_V1.0/bundles/tools/AIHE_Core_Tools_V1.0.zip!/AIHE_Core_Tools_V1.0/cases/CASE13B_rebound/wb/xlsx/AIHE-CASE13B_example_template_V1.0.xlsx
digital-resource-companion/bundles/core_tools/AIHE_Core_Tools_V1.0.zip!/AIHE_Core_Tools_V1.0/worked_examples/AIHE-CASE13B_rebound_and_burden_transfer/worked_solution/worked_interpretation.md,AIHE_Canon_V1.0/bundles/tools/AIHE_Core_Tools_V1.0.zip!/AIHE_Core_Tools_V1.0/cases/CASE13B_rebound/solution/worked_interpretation.md
digital-resource-companion/bundles/core_tools/AIHE_Core_Tools_V1.0.zip!/AIHE_Core_Tools_V1.0/worked_examples/AIHE-CASE15_ai_assisted_remote_diagnostic_pathway/README.md,AIHE_Canon_V1.0/bundles/tools/AIHE_Core_Tools_V1.0.zip!/AIHE_Core_Tools_V1.0/cases/CASE15_remote_diag/README.md
digital-resource-companion/bundles/core_tools/AIHE_Core_Tools_V1.0.zip!/AIHE_Core_Tools_V1.0/worked_examples/AIHE-CASE15_ai_assisted_remote_diagnostic_pathway/data/case_inputs.csv,AIHE_Canon_V1.0/bundles/tools/AIHE_Core_Tools_V1.0.zip!/AIHE_Core_Tools_V1.0/cases/CASE15_remote_diag/data/case_inputs.csv
digital-resource-companion/bundles/core_tools/AIHE_Core_Tools_V1.0.zip!/AIHE_Core_Tools_V1.0/worked_examples/AIHE-CASE15_ai_assisted_remote_diagnostic_pathway/documentation/CASE_GUIDE.md,AIHE_Canon_V1.0/bundles/tools/AIHE_Core_Tools_V1.0.zip!/AIHE_Core_Tools_V1.0/cases/CASE15_remote_diag/notes/CASE_GUIDE.md
digital-resource-companion/bundles/core_tools/AIHE_Core_Tools_V1.0.zip!/AIHE_Core_Tools_V1.0/worked_examples/AIHE-CASE15_ai_assisted_remote_diagnostic_pathway/scenario/scenario.json,AIHE_Canon_V1.0/bundles/tools/AIHE_Core_Tools_V1.0.zip!/AIHE_Core_Tools_V1.0/cases/CASE15_remote_diag/scn/scenario.json
digital-resource-companion/bundles/core_tools/AIHE_Core_Tools_V1.0.zip!/AIHE_Core_Tools_V1.0/worked_examples/AIHE-CASE15_ai_assisted_remote_diagnostic_pathway/workbook/xlsx/AIHE-CASE15_worked_example_and_template_V1.0.xlsx,AIHE_Canon_V1.0/bundles/tools/AIHE_Core_Tools_V1.0.zip!/AIHE_Core_Tools_V1.0/cases/CASE15_remote_diag/wb/xlsx/AIHE-CASE15_example_template_V1.0.xlsx
digital-resource-companion/bundles/core_tools/AIHE_Core_Tools_V1.0.zip!/AIHE_Core_Tools_V1.0/worked_examples/AIHE-CASE15_ai_assisted_remote_diagnostic_pathway/worked_solution/worked_interpretation.md,AIHE_Canon_V1.0/bundles/tools/AIHE_Core_Tools_V1.0.zip!/AIHE_Core_Tools_V1.0/cases/CASE15_remote_diag/solution/worked_interpretation.md
