incremental_cost,incremental_effect
361.03714648540915,0.03428181397587112
515.4856887309581,0.04997314678294969
160.63873631459882,0.02538615035068202
293.67290590027756,0.034166282075149934
287.4724423430677,0.02780155341721762
149.19050512021096,0.03481045986597053
258.9779110018242,0.02910131651235995
227.4717149204722,0.022425493958064563
306.5250369682471,0.0372314364329098
268.26759124937604,0.013928358071951207
316.8190206484878,0.03864941273535287
282.5195881143467,0.028653508432342198
160.14287177770032,0.05049229395148666
349.84641385590464,0.04727917798053376
422.2017885208894,0.03428999811516499
413.7341325255825,0.04813916653274933
133.25078028589726,0.041997074430795985
373.9746415333474,0.03971567930001939
322.6618662458992,0.025507698574709175
179.08480875044302,0.03948982101050556
221.38116993904055,0.022181458976599868
365.61431270330513,0.04862218196355822
166.84757239049102,0.0374699165374862
-55.68833985534462,0.016390134046331703
-108.32409225745863,0.06277608090448028
23.42216303741452,0.03689984010696711
342.93507353294626,0.042993687694749975
311.97690087779375,0.030539975881967586
290.6606447912681,0.03389020416349738
69.66911992267404,0.021089881960850522
387.9565368612315,0.01987441773951123
385.55882602880376,0.01476396144594902
377.8107702942291,0.04698688460433838
333.0636755142406,0.034118346441844576
420.3651552265975,0.03420318298644087
493.70940290072554,0.02484320458012985
-65.63544970903024,0.019025342263786892
93.20330597579289,0.033382910185704856
271.4180089109358,0.022538627811619742
69.83268424917514,0.025579044558349993
36.16057315164363,0.018719315511371973
241.97254169422408,0.035419579438447715
197.75757596425854,0.014690204357007249
342.9687825719118,0.028870158216425527
369.517903202075,0.03957260097055647
167.67731490830215,0.005722261540166841
502.73557017375714,0.01804469336657112
233.58366546936327,0.05391096335125487
303.5299030272739,0.03366201787999928
398.83563884843164,0.019493693394834265
524.0118940608429,0.03318672736206587
117.38966445924035,0.024062868518359627
54.49656783934506,0.029833780293308444
255.0977481799486,0.036202362642183995
181.76714005539827,0.042740561391152475
362.2735973706292,0.004297571734587481
233.93546227786078,0.022536400015196665
253.80480877730247,0.049794560482801946
404.3978525962689,0.04105884826636293
117.57854371252654,0.03376372001774516
93.40885778598161,0.022548568905355122
345.4113585046716,0.04355345039984794
149.15799672781208,0.04519922873918981
220.27945885873177,0.04888020820625121
289.49123660157704,0.0179277534115682
535.192487820307,0.02059948019745346
135.409509371215,0.011146439921708533
313.3309949858805,0.055807256374655015
131.44856777931153,0.04972442351180578
388.8187066200369,0.0025990982749095684
37.706669021923204,0.010459579358253666
237.27070446734945,0.03241198208496118
382.84549749416476,0.05012881238634545
33.092745817635915,0.0337536540221214
254.1286923477154,0.032324334179336736
403.4271217266586,0.029136326562231477
264.69064064564884,0.02007779143734614
131.10991873448398,0.011547307077543825
313.4786570260783,0.004087489198240275
180.4454092914807,0.03791617028448194
163.0190687085635,0.06350253012618037
118.42925261707089,0.0171323800552086
-122.8956288388029,0.014286761681758704
139.5766002197663,0.03739690908032848
373.16122241422323,0.04813824124171288
200.35687928834932,0.03613566900266816
344.60261927772774,0.04667106388856855
370.5313150467783,0.010441329318301943
50.48222288999358,0.02237196210648578
243.9281875147933,0.05273396833981732
90.89121115827791,0.035460923271938345
100.21206406283258,0.019442823238729014
144.5675973369277,0.04181299191731707
144.24088423612696,0.026218339342260012
774.6379400533142,0.043357311257084835
233.9172978528125,0.025408752635366034
141.0661923707808,0.031751784249805626
221.44619641666458,0.01203121220498405
454.3051574773198,0.037022905992564664
239.3520041913981,0.03150915132891388
226.72319014303912,0.03458234110558704
244.95080705107458,0.03180691187999062
214.14399017766445,0.04056572457025536
322.0564340561686,0.0402564270505349
160.9063290202995,0.030105023788366884
316.51564913566176,0.035234762926893995
129.04377792976464,0.015691065539148667
241.299611723475,0.03065627682409626
342.568231671083,0.02384278824009924
467.1605849192629,0.01970430503071531
465.2467226605494,0.025452302406919536
328.3980827931242,0.02458604181623383
197.94197615096223,0.027105348128944398
352.04778320882434,0.022747454958305623
408.41143384074905,0.02970933463119965
279.9676546482435,0.0496404501086809
35.21877078447977,0.04477269915904231
-41.09393599869935,0.011817784429307764
155.7822067618332,0.037817938526195194
183.329771908891,0.054374131333018584
-105.30253415036299,0.0370512573784424
158.55953212893087,0.015507945519398074
406.8502266811083,0.04032425441536782
260.5885766235223,0.014350058332710924
267.3633909719599,0.0344944598141867
118.97023213317254,0.027037798017563914
287.69041292892655,0.03055824202090453
225.78232454246967,0.015888947565487185
133.33682185329988,0.054486583805360686
136.01194429962504,0.011352686579856924
236.76880810550128,0.008882062587765329
506.08966104660294,0.041114091787499196
239.12912841383437,0.021708196947178827
542.2425915155267,0.018702500762083754
227.29254662192264,0.030086441648168014
153.4419869435742,0.046832450515235956
297.4959130500451,0.0361745968645154
269.2917827172373,0.024356975798236796
284.2707042497945,0.041839222294159505
393.978655614702,0.04538869651130564
43.17979184084945,0.027764826105175493
214.31144540465223,0.012791232692923472
-80.47483721295902,0.03736476477280675
225.8813791165092,0.030371356493339954
186.86393850123062,0.021461836436970864
210.34335314019285,0.018532597837758548
180.3752571118073,0.021058345171112235
124.62743399781988,0.02695997945627816
212.37554818197933,0.0646449203912342
137.40736074539785,0.03172962661390948
243.78560155199293,0.01759124017827938
98.20904035123107,0.0470589256703834
240.99028282845413,0.04977752984588211
265.71888807076664,0.009166171905366526
341.45336060748417,0.018635426750527748
288.43560321315766,0.03793281781925739
380.05630003227725,0.030720105836556766
222.09070690185905,0.020944349132963135
377.3046731796044,0.03267113147301994
127.86824970598094,0.021272896834384037
355.1948287531442,0.029676642563216518
209.40719459367165,0.023035614585623053
296.78068819985793,0.027857642282712692
402.0108232414563,0.029848083439969416
328.40669215586513,0.049793782363364375
322.42514085330066,0.0363544513496414
196.86736239319617,0.016052273664078735
424.85295628832625,0.026962764602363062
157.23962369031995,0.022006322413837535
341.8616179162064,-0.0032278136383053144
305.55744486082773,0.03442163196681905
187.74378829790146,0.034291599547239954
295.8982277579105,0.027895066898256354
133.4813244507505,0.026891797318899655
572.4260662680643,0.04624710948051107
400.8752643927038,0.04825657108388594
12.819424291033869,0.03599629659720561
123.42380156892733,0.05041394643063575
404.2974027595082,0.034995580852549724
216.53074120563468,0.01809566756504779
-31.653743996410128,0.019489256545016473
352.37448263066705,0.03449246730242898
105.64353632679928,0.021013032824083594
333.9394207845012,0.03706008856144674
449.586030048676,0.023399971165321963
367.35291871528744,0.026355780718425325
269.91729571039554,0.05213619608299795
122.969470730616,0.028632487952144244
281.45826457865695,0.040777969634041414
190.02400983006964,0.03980238990281586
56.663489137429536,0.015552905233251505
565.3996942384282,0.033796469106280154
238.87540817876868,0.03325938043629699
333.8353271230562,0.028318021827956574
171.7768622354241,0.0362618095955558
63.662962327245054,0.0019029966111029327
480.81218779227595,0.05031239478838627
164.85220461875042,0.038318738046201756
289.87682832635005,0.024887212514479392
222.02747690000618,0.01849049628998335
464.2226363611533,0.01957823204058819
233.68633426593817,0.037350038130682675
18.823690843106277,0.0314391083151648
183.84761878097163,0.04917796493784464
358.73175969693034,0.020016724424851723
325.31043187784434,0.02982665237700491
-33.25300817533298,0.02221945133078324
67.00412402275495,0.022039438372171184
181.20173466374632,0.037198752951124216
175.38664430077972,0.03795127595702019
346.4655211158181,0.048516341152087784
112.66107164112472,0.019906962256909824
179.19315816499167,0.016357397889578153
236.71395261990145,0.015935138805498412
149.42868148802881,0.06387692522217803
44.08239800029776,0.03602262452759296
376.40201191788003,0.036136638001488204
84.16214668685453,0.026819202217688708
231.90100258243694,0.009665224031588347
369.75886820882835,0.00961047216499877
-18.025674928998683,0.03216137279639086
148.54326326416768,0.026290692525461238
454.49313846859394,0.03471695630419314
339.1084399089838,0.019639435355717896
242.24246869660868,0.031203170274170477
275.2689685623185,0.021138782316590297
388.0214967831346,0.03184955095690946
78.85205664293747,0.008765619020460004
342.00547910518577,0.029256671224710457
272.22331867088093,0.02325304562234038
-19.990916881651515,0.03127199768400766
387.9536865969559,0.009443652762715578
274.1009821370929,0.04786263027915627
223.0126061102651,0.0021755650395951405
442.77207327564327,0.03393681341008281
100.53456336737997,0.0297520417136336
229.0989363598691,0.04246154956376711
74.12453467008231,0.019712228919152468
188.6735910385045,0.0178529010548824
400.7197715401817,0.038918035532231
449.2817213488622,0.03457749790192154
206.01213558073255,0.03965295772307443
411.0600862968139,0.036588864300088085
267.55994585757617,0.04785673414175732
353.9853131834617,0.018167411777294636
179.96904099130592,0.018946047497858318
431.20167644087974,0.043127038278146214
189.74590816549505,-0.007689333451597835
378.93788416878294,0.018511764977541076
159.79137362768515,0.046311003021104774
-38.13614114268614,0.03467303560267015
403.4416476286524,0.01855114465232162
383.3829959546622,0.03752134982965934
72.84103377441338,0.004969539330009463
164.70571223680298,0.03991165748626435
205.76427309714364,0.06782666661656814
175.0651605212687,0.02942204270277487
164.5269840483861,0.022444821917755143
403.89709342807004,0.03698752240392578
88.4923909952683,0.025136121770961473
120.39920873453352,0.023875437692336385
21.60523776310788,0.02961180994485705
175.19605884234804,0.0381282017238808
439.29092813584134,0.030272938446507556
-7.673837244178401,0.02712000695716276
53.6350544927418,0.037964366620031234
505.8820647499921,0.04168232200802867
402.3603264681518,0.035058223214258076
308.1841889816223,0.031006268842042255
259.92294684378965,0.033006650447466736
312.7638570395401,0.014778695360346428
391.3936234183676,0.04268840102279124
8.570877373985013,0.02965519664488876
132.07836717170707,0.04007348539306067
441.215315732765,0.01024091292022326
257.1758968660278,0.007641439374349426
288.14794831315413,0.01295248425281809
337.36512807170925,0.02221101070521547
177.200356992288,0.021384957548466556
410.6854526581104,0.032644990249618984
-165.4057560005851,0.030505467375580908
522.2896735675149,0.0345842369377682
-109.95361572909155,0.027378762405076702
70.70677415985949,0.040865454515837715
83.62752896235932,0.040327797989005064
210.42905117949962,0.02730445814054078
288.99688647636094,0.031928316241686835
190.21522389074056,0.01409646420389346
289.2641029745778,0.03002358771239724
234.89971839334726,0.026131668387816786
137.10366532314427,0.027314709211672023
302.56146029903823,0.016001385118152002
358.8358802514608,0.034123493440587224
233.31539959639957,0.005597802025173439
120.5975197581104,0.020000343193421054
376.2693532229633,0.04484864986491765
87.13085220000528,0.01946564193594868
299.78650237127744,0.016117669868040786
136.00823481875557,0.039267696672919794
311.43378823075636,0.047301130450164
121.39837332518474,0.026878823757725472
148.97812765912374,0.009069731904122316
286.79130407348066,0.033458743142688006
251.4592468523832,0.05433983096151526
206.5253929361802,0.033788818839595815
435.9189518565317,0.030165990937550412
359.6930730832652,0.059276644732240064
308.1880469830277,0.03216065964336288
79.78686461935857,0.035602378387332656
447.5834776065867,0.040115917709928825
150.55623885497278,0.02656633006671708
184.9986483998033,0.030406821693093285
443.95296680311196,0.025808201658406513
247.09973517496456,0.023005037361780303
174.5336230575736,0.040917312832211054
211.72121028092565,0.02508630420787024
59.20216805998993,0.02917853405617272
200.50663364036558,0.020305966954600678
280.4707302381073,0.04223349345329777
145.878032260033,0.026441858665981952
248.8458183580867,0.03234584306613586
381.76619059879476,0.029495412214658765
321.6189228855857,0.014479766306818105
228.6958154294304,0.02802004393059421
454.9328486704178,0.023202699261760246
262.1925321020212,-0.004143363663849944
224.2395268261892,0.0328332631500776
159.1542270256488,0.021769465715907956
449.18435811975064,0.04001509175514565
442.4969298428358,0.03889287995564497
344.59862021448095,0.019207611353765218
208.79280124204223,0.04278476197827854
271.9716051589825,0.02736698374858324
486.39217219531827,0.04290097338857377
239.79954971343264,0.02664552580557672
66.82698408732702,0.009048582504168689
320.6458889165056,0.030965848118905938
291.37671285730715,0.001623980393047078
201.09296958943202,0.029009336298635578
108.49287004607223,0.052382073688720776
276.3051050321948,0.03489968133735365
214.57161095317184,0.03155888572836292
269.3631848329042,0.0348353913134564
92.05707716553115,0.017895804451827108
-16.130003990284024,0.032585158073511505
207.5830068719028,0.002770448205928526
251.48768277571835,0.018440862325655828
169.58711074727253,0.040303222035868225
89.01672776882418,0.02595596941585234
260.443443162939,0.03532038943963517
543.7293435062971,0.028630264414757006
325.9892476857523,0.03715608275629027
314.03255269313087,0.03964900707622542
276.9968567060853,0.04049438359611948
-60.56699124663146,0.04449166622031125
117.40436443357618,0.0418764978419569
301.23140113268346,0.02151578467524061
368.4311034856393,0.033845142308370324
43.72382980982425,0.018694340770065737
184.38663731182885,0.014359248159118283
420.28871061905807,0.0423644617855574
346.14152506749815,0.022748127055554075
-26.56327166707905,0.027262098038893172
256.22713349430364,0.02735596747697732
191.85235238795985,0.020854561730281086
241.97565931150552,0.04278971852813394
294.88952303400714,0.0023540609934123366
341.68739360906676,0.040291488258555254
93.07446987882079,0.03229591530480785
50.16177434399037,0.01509636922982083
70.9589985609241,0.03018680130847014
155.36464034391457,-0.005153352191365673
125.05229426673017,0.031157400962621706
-17.164950278836955,0.028797839562239975
386.26284594298517,0.022222053996888272
193.2144847060339,0.03292167893537337
338.77925969578234,0.018470291155396217
37.75703424560771,0.02443947137579044
259.5923377512382,0.02379558251514558
54.2276659527096,0.040716994710864554
393.03012357898416,0.030930388695841946
379.09554328983546,0.05366021543982506
187.94123479735023,0.02587755010493091
297.24971145406164,0.03706363995276034
284.44422860402835,0.04874533119194194
379.66807255444746,0.017018931848206752
52.53237342885072,0.022410612701506905
51.2182216864191,0.037883217309832073
440.1328841281379,0.025213266432644044
243.09567748116757,0.02729585799368474
207.59710794089574,0.022188038501941548
261.89003883532575,0.04203472299306879
63.39151701867158,0.018227479891094543
282.476181719739,0.0289133186113266
438.97950015598326,0.043558286833581386
170.94147822294917,0.03516938804507524
265.4392362236878,0.04052433824020451
115.12194634585833,0.04202869870091174
273.81159619953036,0.03445120997240654
304.4299606938887,0.026868410049484617
112.59377472460363,0.028870908978640645
271.5168704155257,0.037433256163596565
156.8296995386685,0.019853026767675044
340.6778688636103,0.03961674688217564
176.35102897478896,0.026566490829044765
82.580193827861,0.026671503036942004
520.3910108329349,0.024033792826645622
456.4652786307914,0.04624631591713629
179.2702757789096,0.030498992142617126
574.4624156278107,0.01664524047982108
271.10388939915975,0.009150539525571488
118.14874461305129,0.027083315877487878
270.0357003007229,0.029505289294994668
383.0209098074379,0.019334036852178396
515.811390330333,0.03369609086392991
193.12379301328545,0.02644976454665527
289.55426476256406,0.019355122485698286
214.90400134002172,0.00046467744963990185
404.6225222988662,0.024176416519537846
321.1882484651068,0.033500624147983785
276.93682240078624,0.032190840496009676
75.5917371884982,0.0440365502583137
159.33489696849784,0.04364800485555387
7.850150175845272,0.03128139770908044
445.7623554403349,0.04444381237056311
389.2883265681604,0.053880321351767235
8.493627625760183,0.020746561494671252
403.9695432008941,0.02380922814683248
259.1113558803134,0.04531836641499397
422.9599368636482,0.042686851222218984
539.7519576179291,0.04812497827973013
258.6748571229773,0.032481339006675145
264.8576515216947,0.04129288260650039
198.01621698220734,0.04935768821164804
498.6751996191258,0.022459271226772385
438.44353980950007,0.04093877606714129
486.2609395409361,0.06187987022777489
237.1452421762365,0.044331654257044106
385.28626464131514,0.03406864040079416
162.60522647062174,0.02049618264205187
281.8865232177716,0.04888707068367208
72.70476283521322,0.03458944385349438
-25.9908823442467,0.0033661113820715495
209.22731479130988,0.024951122673521092
50.67703174126345,0.040605067784446836
86.27828645213089,0.02081350295529144
171.38079164765153,0.041805448250002146
68.37538394644548,0.016673780559872002
345.6533669463678,0.0341390192742683
54.71913187814653,0.034848449319322135
57.387438949782876,0.004359047726521504
288.0290140527917,0.036407319223153316
212.2582045819393,0.007075724522178882
95.87693118905187,0.03211554106042876
315.31168787056856,0.04505015665485537
492.09731379258403,0.02704622313129106
126.23470422362732,0.032869588007690506
281.45626537702043,0.02858000085941931
282.69605069899137,0.04070952514630937
292.60272566472094,0.038590802383850445
542.1903498532895,0.04834285162602279
-91.81771584985904,0.031533106430298594
262.1133848527832,0.023807495822000216
152.03246151101325,0.021026602850765682
364.6227444536595,0.0062159067120163836
216.034858761442,0.02611288051052903
283.03545113275146,0.030397338526393897
349.13648768476844,0.03349739480565708
401.18910383487395,0.030574847516951206
289.39842902619625,0.010238933092607046
419.67589806086715,0.025152091232451608
328.73884169563814,0.03408755179858813
306.699074376785,0.03012198907228172
307.2337032453197,5.897452856559043e-06
267.2754433105977,0.020230412245274873
272.37836515067016,0.021198790053575108
158.20526797934212,0.02827505184501544
150.84202979492665,0.03799572569503138
329.3298053507406,0.04069254508558242
217.977021940361,0.017036528585905944
266.236311071598,0.03132481280726475
72.21152242156109,0.023578672849297152
30.078970028402523,0.036306468648879986
545.9960791947819,0.021519350541931673
167.88329740027325,0.011677791304562188
183.33444264199252,0.0455465431166342
287.5425779758742,0.04718388282177005
64.6491621589685,0.026948461093303813
254.67032493114075,0.032210302880775254
187.71474863740806,0.010721143582530821
270.2883558700482,0.010408973983888598
298.31865153756087,0.028018164003834244
504.4401177574538,0.018280477107214848
305.73257971782095,0.05634739720451086
444.1431538199804,0.033973844303478246
375.09693651510406,0.027158795776687512
112.07542019240785,0.03191022833734738
190.3909960294715,0.03503234549484618
169.43005635129663,0.003318768386214716
195.95352846721016,0.028295648861490663
194.35683789874554,0.0392075576630665
191.80720705382893,0.03744289264359611
414.0041527836257,0.037421509136585554
265.2977196285605,0.029170510095041888
67.98113833871159,0.02186205219403728
343.3247764097565,0.01561541546691783
291.384153682021,0.043234952057911384
483.4905477036723,0.03598253015602735
604.586645087352,0.026369581034734416
188.7511293075062,0.022822915795982973
418.28495658432695,0.027794851013319015
111.52479558792442,0.04592026754726639
38.2905195904942,0.03537285052052763
199.5189006441169,0.041047171630945845
411.8920853212903,0.020582624738854607
69.18215955154739,0.03783422404097456
127.48849695499871,0.03105664488613349
365.49928390301193,0.01867040797624961
118.67343280889526,0.041158421668998836
406.86624113892816,0.023243084784436263
264.4050411423726,0.04056211390148841
297.6753806802832,0.020501956365370045
111.6213487367732,0.035307038846222064
347.1957903237293,0.023426928854573696
94.60334372393163,0.012805447043516278
291.0026174703804,0.03585786610206419
226.9859334800699,0.04073089705368896
489.54190465730255,0.03328874095251324
207.83732272507962,0.0334157763043662
169.23205796540304,0.015117572288594835
47.67970983583811,0.03278560997810073
171.51179317784482,0.022146798403307546
224.6949906425102,0.04545954705871473
252.12512811552216,0.03234508858233856
205.65974316954714,0.010054906712974113
274.1583553229662,0.038532716079090576
318.3963695507085,0.030379075991477884
254.58465400475407,0.011314123175093827
137.39691016994396,0.012487552608871952
190.82648821248546,0.02765417654940661
297.75733947084285,0.031406325779618216
144.48486306426207,0.038294444286292105
310.2477882636399,0.02882337921666693
370.3200723482485,0.014207411236970967
116.86848656178981,0.015270245854206254
352.94204831510444,0.035824879963710435
438.6767660180341,0.038121811357636856
368.1245125888806,0.018035880503289296
331.2934274931544,0.020948087489930118
216.95213490126065,0.046400181551307415
155.6319222603437,0.034302845697748705
336.143904022975,0.02824671621121606
237.06854439058833,0.028933514312894388
232.5562023280308,0.015280128765549817
6.481907200871177,0.01060579411474474
275.89513464217595,0.03966421467132314
360.2963859670125,0.04336441304688047
453.7926885238081,0.0232566753023552
585.7498829185472,0.04600454126201206
424.1471403964273,0.02341165469816998
150.31441909267176,0.032138072299095134
109.02846131721896,0.03517621119265519
133.53266482459213,0.02208892352077528
270.4948539678272,0.03830141776909374
153.29005482423554,0.03924173417331835
365.9194664009479,0.017745125538535217
434.4272207112856,0.026012338539778128
272.94809945341996,0.015392307184738371
284.5792912259375,0.03718685561177467
120.39642748754738,0.02061637597806562
179.35613908724514,0.013198132866272742
351.2767119594397,0.03181404182862708
349.27353873618466,0.02128506918846413
221.33602026868166,0.01711761093139523
243.40859935695278,0.027885806459372844
187.77318919920165,0.037390022130211836
240.3961702295486,0.023210996796351913
118.04726619931671,0.029859871751003037
382.4348816018949,0.03296492692076655
345.029538723178,0.00047671320835388983
393.55901234705937,0.02656028652216294
323.43970038605795,0.011903200860307692
308.3056440052819,0.035019951794584385
418.944664644382,0.034422799759323504
543.107873589341,0.038965590721731155
338.70483255038744,0.01444255583539981
104.31446871961333,0.03283236969402451
126.73769374694223,0.03127300945288316
211.1577125118475,0.024123619315903407
200.7374891297584,0.02754066946365355
349.2056596047593,0.02819812654892695
438.16756097823554,0.031265915080957725
198.5755255513739,0.029960152777266387
180.84681968641362,0.02458220271999063
255.50229170744188,0.029548281230425997
-8.860108622957625,0.010445904227846966
-21.2169744895495,0.017056647403037042
306.77865068743057,0.033160937277334566
179.2769822826959,0.02793195992398397
228.98923882451064,0.04530946742661513
-101.73470180307743,0.029493161940225988
162.72242083215198,0.026910230118924065
28.899685189209748,0.025031332694262207
188.66878249104582,0.016140371473074604
628.2471230118987,0.060773736350072105
111.01683189275076,0.03822827135500467
388.07196677337856,0.011873866923784417
291.7898740374905,0.031172558294795708
158.77801185558866,0.028219423320859176
81.24124721504629,0.031172794968526898
215.7469466243453,0.04247713707554805
351.0965527973588,0.03509223417071213
335.4603490212455,0.022451332002165987
49.02901953195712,0.039523571760867834
184.2009160508632,0.04380738264842024
206.30196817632674,0.04462005539708661
375.3146023635052,0.029213404068166058
204.9410885175116,0.016941515086114575
350.8408411622296,0.016081457900856987
163.8910910203066,0.02281433215692585
220.284845118046,0.03512957946586661
279.28167639387385,0.030020407546235292
238.3650735637998,0.034211835653449846
71.78470277861283,0.014220140663755619
244.84885147205233,0.01528072830486352
57.217498633427255,0.005486927767724428
234.2445371044809,0.024309516415791217
336.54996092921874,0.03884786378196519
184.00657812202041,0.017341110079429425
193.46070976968306,0.032009921742166964
360.2912416802999,0.013744009048820026
148.36606525096892,0.03617737799673498
186.2138762612645,0.022360378376703793
90.71725713579053,0.06750182224749769
235.98548417768768,0.03532679239446686
371.1738896187946,0.021389821290891387
16.168827917336102,0.05284517666098802
293.2525835805634,0.02209319427354779
386.8358031569439,0.023796067216954014
252.42874109773655,0.014556482721118535
358.3476252728949,0.04163228247349898
283.8333950639186,0.020329824894371636
423.9562303299266,0.04385622936494988
406.8626124281821,0.029353472777332877
122.75834083017364,0.03371875599066338
221.28324555406144,0.032177664088435885
393.45139304283316,0.02236671777196611
326.31920596172534,-0.0038355158476244336
319.5814453695442,0.028728810944979196
273.22897721246125,0.02785821039336966
233.24048621490692,0.03198209078677345
34.15047908662291,0.028085826247799234
142.55829025535257,0.0206621587381149
215.6143570797635,0.03206807712704771
292.37328589253383,0.00948527567408753
447.7199611856521,0.036977834557560665
267.28441397342795,0.026469393386735835
354.4127653498088,0.031581621451239016
179.76302239570703,0.050280300161017574
260.8408003171936,0.0273386458716049
220.4237761581032,0.042702436491052695
-63.993443953700535,0.03193997939894011
458.03092963850764,0.03237097664795396
415.3521364159026,0.02016089477379626
3.970222651861974,0.02218419244820808
355.9301283634374,0.047083210369193565
244.7372142260019,0.01606815203829441
246.81613377207597,0.0130199226728751
374.7977809932553,0.033426857518965215
610.4658868928606,0.0427336677916542
218.64295591004134,0.039214530228456064
308.4097303864489,0.03543934198504525
391.4728871917615,0.02060372583869578
238.84145143300606,0.029912168553584154
254.3641801342755,0.045803234296593304
291.17894063579996,0.03560972721197921
204.72000989498684,0.031056456759387677
195.0892348235091,0.008539674885105774
330.17756917165605,0.04387115408307152
293.6835082732978,0.03860704303285184
186.67643280160178,-0.007104419001838488
435.85103412945267,0.024279220651616286
347.874801915636,0.025711806640362163
313.10671934019973,0.020922876256316718
345.9702920400932,0.007837461143259169
-18.27013885136364,0.042765340866158796
130.74054593184965,0.027197683256637482
380.79083004387206,0.0602852149029543
385.34168317192353,0.048406297638086744
210.34382008047209,0.018370118054967806
367.98777115298867,0.026210576446652145
341.2418171557886,0.014069675182408495
194.4961507581803,0.01806061523985129
147.16336997591756,0.02622445433974803
234.0556394959081,0.03082984188275773
308.3012772383724,0.029249898365617637
229.8386710293148,0.056800326028356066
434.1326047826554,0.023671604850683543
308.5959607443376,0.015431327089044888
441.5347575889606,0.01360097146321532
264.59205954709137,0.02325780140601342
233.52430350641433,0.012225066023942573
382.328295311046,0.04186535177144686
152.6572988737512,0.009572234475051615
142.52283785521035,0.021398171956169856
413.67937457475716,0.03998755207809043
133.17246440936083,-0.0018433501887229822
138.71186407117676,0.02178518561237676
334.0367856148252,0.025711591222865923
111.82840016632849,0.04210375814697434
216.15546991647318,0.03763445063715713
-33.34479582757217,0.024848412789252834
407.0801111932915,0.0369259853552986
166.982387350012,0.02576935179994727
291.96585510844665,0.0546953890689977
300.89397128399975,0.01882268407153962
639.8515086769316,0.043487157512573524
86.37391359015064,0.012833214699538756
182.5908978104704,0.023950481673903033
254.34161315637536,0.021954624624707132
264.67774919583786,0.03934423756815761
333.94536169760397,0.021981184435077784
403.4385381586451,0.044256149515430686
378.81019722568044,0.03799171676919775
436.0551223105916,0.006126832185855302
340.5334871068586,0.03291733223798352
110.60721269940524,0.036612279067296874
217.0484885786695,-0.0009346921351603976
194.6784837266183,0.010788898336807125
359.2605048242561,0.0515624201177968
121.67417663893974,0.014611225137740748
309.6596101006751,0.03913646920418642
281.53152850042363,0.02692962773496714
417.48320108051576,0.03760594179758839
167.01866218234042,0.018610465930845435
543.5075837507197,0.054290143005124865
358.00756534980997,0.03548048795845086
379.17097978070757,0.02202385995166439
126.02865029793948,0.02385136064365317
151.69591239309307,0.037351152831977666
330.9079284636064,0.033745757807376306
150.93547242211002,0.04266953585353248
296.03463385243936,0.029979911974542944
389.5620812320727,0.04034063239993362
244.08106611586396,0.01347332422739882
306.7175855288108,0.028711232565596597
339.8773131264958,0.022002655326025064
485.5192446066227,0.03356577041123837
316.4280485135752,0.04108683070015716
271.5089056452581,0.039597254528165315
423.3579640433332,0.03611672807636363
155.26829220274948,0.03700246648584472
294.8418129288398,0.01957780988698415
23.300112926389176,0.02430132525229512
421.8825567787625,0.029269348116451648
209.19026993230236,0.02064961872476149
197.28129411799773,0.03955099586218208
260.24432555404996,0.04174395038497071
270.08387926197395,0.024400630637294543
32.72242635415097,0.034361807194580596
238.02150292698283,0.008327326177956014
445.5959865956804,0.012545613822997483
259.1915106104889,0.029485084182282746
195.65485730214476,0.04123743968011285
466.09367490755994,0.01659096724928192
381.1080535674238,0.03678825628423934
213.13405888780505,0.01695589594475516
351.4497444874685,0.03549480868674316
244.03158928097233,0.041622750386123696
366.89175592596416,0.029568965928166702
391.8625470448772,0.04510140916639343
110.69686769835687,0.03365728820180159
117.62136831290115,0.044300681262657335
50.16378266597411,0.04725727470091108
352.1027768933333,0.021729451374450363
72.43755988686883,0.022592400408106318
497.36786287493544,0.02772366898010886
108.59329377628919,0.022617196303588973
144.1675129555043,0.03219637840030779
438.11141707547335,0.0377188153634089
248.97845660322258,0.023466159021744003
450.0444029445208,0.05147805304628621
377.68251324798484,0.007489331729776318
133.9018130469726,0.023192380315370235
84.81366653782266,0.026603926966007416
252.47767134853825,0.03694254435377736
234.09787003875036,0.03109413755239037
99.16026019209625,0.017329326740141135
172.6529063421449,0.032383078674705926
474.4857099488225,0.045998883507758714
142.754686430171,0.04682067543864701
311.02401114147733,0.01776281122111146
-179.09426935978047,0.012427226968524822
360.9157592147303,0.037991999139321886
310.5633352509797,0.035659539158299405
435.4146324992445,0.012252021834107663
326.61934653981524,0.03896945904524947
254.61633593852295,0.04422678851909956
286.74573814388805,0.032703192605131985
376.97162300480875,0.014317697956844466
419.7015180031864,0.022761827166349995
-24.642189656941753,0.011225389416781379
373.313041377126,0.04781916503085963
343.13972285200657,0.03817044974831005
568.6733582975144,0.02257767539297203
178.5391713996546,0.008936701607700118
225.1328732312466,0.03007179354820728
328.92659693007334,0.027734655126556644
151.74772394635346,0.028083723944771002
112.8452243222979,0.03744990888536397
35.30079540116549,0.022173990201054445
226.88341957950453,0.01714997768432274
164.01290026889026,0.02040899127072649
164.43318271556558,0.025541681023448955
274.5958817278361,0.0329771077203538
354.4991221453282,0.023351967739981952
337.9249098409037,0.02463834222392606
164.1033241280726,0.02418980838489905
331.61354767200464,0.040651880738264076
155.014924014943,0.02676859922820683
-92.54213486994865,0.013030763328014505
27.21151630348126,0.030029269052043474
111.56131589548858,0.024472921074792486
88.91383286896945,0.016058965421618332
140.66374622122424,0.031482337925973776
126.16716984814205,0.02248644695823873
193.07961526594147,0.019803324258329487
302.24114990352444,0.027557635719622803
336.7831162344969,0.025125585476787192
423.07117644398375,0.030569572574990926
49.321809479273696,0.0608984107634515
368.99486428683895,0.0223939664700568
204.98097247447578,0.035198703361726424
432.3172302205189,0.0049022414050281515
215.30844395261244,0.04525202440325113
52.765197563695835,0.027246820561641887
56.887607499618355,0.025397792011966576
446.6364704155824,0.03083298010929944
106.57107221008332,0.029590541837502482
330.44579202726436,0.0315695703306032
204.1763959798915,0.03095308539309211
208.75909292856886,0.03385063060414768
101.68661515903932,0.029571692380026424
272.3071896489156,0.034451062606842914
168.31171314958885,0.008216509387802731
90.54066543723317,0.047984589891309326
247.3021670564365,0.037172994091675494
354.1743153717475,0.03924907436078864
369.7721598191474,0.03361598598540064
170.20446829830573,0.01958625646521136
405.6836885789122,0.027848349682386194
329.6327388209803,0.02712927604645569
404.56921826800937,0.04476898049147873
288.630351424386,0.035661837545521574
478.4206275180231,0.0259008714027381
27.570065790540923,0.016663637518044908
211.0534757260574,0.05420852005894348
251.1892099065324,0.04778673465668422
376.3589744144197,0.025869240617295716
259.40540272765713,0.023620506756595074
203.10893216098805,0.008242499063060633
399.58429649388074,0.04734627726487439
234.45175049782677,0.03547346854502341
15.885605390003093,0.0061705958082375854
669.2316680235692,0.05627097596017499
443.4071384535231,0.033284101327201075
479.7200854646584,0.0024413445926643428
263.3708893383779,0.035461054761388014
368.3638047006092,0.001133480073018462
210.32212518274338,0.051728428797616785
495.67617839290676,0.041916421108955756
214.90922565680646,0.007282334575993841
112.32214923829855,0.030105681548007992
273.39043959243367,0.04514886372330909
248.94248385451223,0.044874556940839895
-113.4723420321991,0.027631385127855367
191.00872355238508,0.02226424662649538
37.02084538190428,0.012555351975250335
322.9030505356002,0.030187806230984215
275.5841446035785,0.021865156048648242
127.19351789112254,0.024735536024621814
551.3184053560864,0.04763953569246537
7.7157146355120005,0.0202615866186713
59.90645021419445,0.021226348433077566
389.14718395666955,0.020850931620766462
20.78626866224306,0.04327832539128203
152.6665946970295,0.016745365744153126
138.05996220355703,0.015675234927680054
162.44826363064317,0.022401620358755002
329.7365643799207,0.024821935486920594
540.2307662263377,0.012902441143996801
271.01272792533564,0.017520500645922525
134.89930541166842,0.04245732254741336
468.3665084253496,0.014920810689505005
273.7983820798437,0.05337292179682175
360.5851776797631,0.03728001258959001
482.22081423766326,0.022099125860940795
183.9584524211187,0.02610297557798396
182.3302635294969,0.030392484081675983
254.63683255738104,0.029401624717189937
60.989105118473134,0.02652814580693105
132.77743368544157,0.025038823251497953
240.82799728694883,0.01682576082715024
547.7731940367801,0.028426791035255694
240.94481503617456,0.023805816841730706
179.06328057314857,0.019159418297424985
450.52649338543364,0.014609134223960592
164.16277309722386,0.018554709495874906
255.48300191125912,0.012722425238558238
378.8440893232025,0.030719305274034537
107.466956001482,0.014739576008814769
462.5611062347246,0.03175761618551208
238.55793839646572,0.023832588136477036
89.8075905213226,0.006647606098469611
376.1004947850131,0.03070255015128542
383.7460993207198,0.034759678216566524
260.5344998850809,0.02622353176492392
-76.26728478049307,0.013082501384920606
298.07448723773246,0.035465476160191994
366.6635409378057,0.03214851694944078
141.66098298779028,0.03021779128989567
157.31302423659557,0.023400192302908296
297.8521011263783,0.052481214047787064
194.82152441318192,0.039821528795664016
352.44976222672784,0.027796219670404264
97.87112400238865,0.028221520820975027
434.73056923806803,0.020795280254602967
270.0894173416052,0.047987478321530816
185.69340814442836,0.019246516659132316
262.64356201534196,0.03007766618047842
494.23873104483863,0.031914463618434315
308.782402376517,0.028146099516959962
384.95714034834384,0.035372217976203955
317.38124720491453,0.02088788942244479
-0.022639533119189537,0.02154549840973034
450.6114157240469,0.04626874521714318
61.70337842057083,0.015329686918247059
320.140123128829,0.027965202224500517
316.08657989940156,0.013582560741160907
411.15014140298615,0.05659605956026021
345.57034628536354,0.024041341306670457
152.14055589580045,0.022149809257792388
354.48976477559444,0.01800908912736872
186.35478820382545,0.030672733044776426
104.14030953621403,0.02212704903925946
78.74801695808998,0.028664414708374296
335.3025748619644,0.0355914774305613
212.3290088971422,0.03186477715525509
366.46965900032166,0.029387535541807605
288.2447080181196,0.03826227314362163
80.97943776562684,0.03678407341390779
156.09463787277645,0.040993327905219076
87.98401045676908,0.022414385368870894
423.58571387335996,0.03325412802192129
49.022014321919585,0.01166875051065738
394.36446371146724,0.03172288064085622
337.704104892273,0.0420537630702235
249.05717337406023,0.03912885288259765
218.03430768024097,0.03356558851732207
424.7206844852816,0.023749170743198073
534.8116812010268,0.023690114057515345
336.4597422563692,0.03434949627977496
420.8763442936146,0.052447329151084736
88.91530697688955,0.015044018944124837
517.0590325485318,0.013625568300983836
216.47601745010255,0.014094621056687223
300.160731293679,0.036512140509846594
204.601838919799,0.0373457913571688
439.55302728260256,0.03947054216913359
162.3811146178636,0.03937025142676457
143.3234289992596,0.01275640075890291
600.5345732820332,0.038105392294032786
35.11770577052815,0.017368029424491116
367.95214954381333,0.03286301920285573
106.97668970966865,0.036161765713282855
423.7981062596801,0.026382244595774124
336.9986513193656,0.03723828955288163
152.26980416531632,0.017606729110245634
371.2188364986914,0.034313656507544386
288.2317162078488,0.020717050165710228
320.85991877740594,0.03742672289614842
306.8114618928552,0.02866649200274544
365.8776270636309,0.037918842575476994
329.93307801695175,0.03352896063264141
233.4966210312235,0.02456337881226929
374.1602677602817,0.030068680467242596
300.23204246853913,0.04205671379825246
375.79409371434576,0.040006125572252534
87.82628766888638,0.03514911136909982
152.34411830060384,0.025219858574511526
192.56444836773045,0.03424360889413318
480.4126034850434,0.028710562301505847
423.5141401699146,0.009785678277936992
256.977443510017,0.034988838350383945
346.374374732276,0.03711143067420587
172.94965124608098,0.029931250090429226
321.57735289738434,0.03872746610010412
4.986047086765495,0.0024067191582088955
149.31597424999842,0.01489663580168232
132.67735621701235,0.04020982586304153
307.40519371469674,0.025565708828349135
253.04073172181717,0.031442908805996664
278.4225990960358,0.0438682667875811
469.6126083910609,0.026855775725636216
158.914808543739,0.025416367295277742
284.8233818215403,0.026863866276659636
116.82644743404146,0.036523692057480364
435.64987290666124,0.018882514542171103
308.0784595805928,0.02910845847279377
123.08185537034922,0.026978167471635967
64.97085579637698,0.04975045039680612
371.4962229347397,0.033599288587216794
105.40877074635105,0.030950955609625987
201.21540972571825,0.024008867480905555
326.45948753180386,0.03348869911074609
109.5871343309199,0.01582068816603656
268.7924745376339,0.05171574550219918
275.955764513555,0.03243871909955559
136.48707218016645,0.03547483804551005
270.27980458059426,0.027816809709839692
34.709186176675274,0.016178270700000507
437.7084944062749,0.04578088083378389
71.24871063101432,0.016441657874297647
124.22093077816156,0.03295355767805749
262.1037230698405,0.03179256659579779
-13.146106881385549,0.035875548441129904
162.12308973154347,0.035540439837229855
327.5044581784142,0.027742848684215577
264.1102537202245,0.02026836923740204
169.71612712315272,0.04314890960340717
257.02251201808406,0.02090888753643968
354.23452612289043,0.05081226036312534
325.7449698570148,0.01701631861342917
451.912043660843,0.027519439545323533
73.54237627962226,0.043105641500481066
160.8437531112415,0.020625293105154895
127.90524501357815,0.02669711243499241
157.65038045798303,0.05526984261721641
274.17806082492507,0.014791860604612551
-25.12679006792945,0.025257218541957553
266.8577386411688,0.011505809255333014
136.29131784330082,0.041839120749691816
204.5640550118888,0.04324580775039799
295.2097185992057,0.047490480499582474
130.62742168413445,0.05034317757061248
472.8209113177936,0.018977412407546246
114.08137902891411,0.033705648921091125
366.60578673128606,0.03365096151398652
107.425411090507,0.0427742750876865
199.5961014805943,0.03161306114448021
170.41399619732698,0.029585908434752277
-31.47414576721951,0.022485310463770537
233.87784008649976,0.028699447839840943
18.964174538962936,0.02186355434794339
112.62267770065651,0.028701535997243836
300.2077926489307,0.006985823029609688
245.58195254612343,0.050938167246448195
334.8437836433951,-0.0025798965286611478
196.8410925938909,0.016051247678512785
488.50965649690534,0.027683526811486496
428.46074421380604,0.04544683641612853
212.7887889893413,0.03746372819589094
332.0601679996467,0.03033471365136537
323.0560341422464,0.03442713231827109
560.43269750255,0.03368246200282272
104.86776519105598,0.04837152276717978
133.28815018784383,0.030226400166299332
488.6380063090087,0.0348615952662472
525.1391360368306,0.022852716429118524
279.9654634792637,0.027064941290523586
126.96965576339694,0.024992065668660596
427.7625523716691,0.026410332343902686
357.6515514558546,0.04412222063797946
457.5169196849319,0.026709302838504548
123.54432062551622,0.018041737892540405
198.2252790282604,0.029530135139409407
299.6100439546087,0.009626920385193121
247.5704218830033,0.02364988774045143
212.25431603385096,0.012078143517637481
178.30467648122487,0.03676392421385779
55.15584021749456,0.021625948362375004
349.0074822236603,0.04187874002657614
398.0029347119671,0.02160092240197367
294.53865141284575,0.017000162744177115
49.576860386395026,0.038732854016371276
555.2597204182856,0.008410530555503528
341.6383315037355,0.03705912842655812
154.89167813791585,0.0454803467297937
210.41062887729942,0.016779677938712954
191.49651344332096,0.015483730810180566
367.3924599742622,0.012418289506091466
376.57506077263315,0.024199602737401273
330.68252988165364,0.052033189770639386
236.53016412586626,0.03395192723806034
228.14762629007038,0.04850789085855021
383.2094612934545,0.040612729299309515
369.6973146315017,0.029893368875317655
180.69215439276658,0.01308912457835289
304.1181088901402,0.03076327647417183
179.36921731825524,0.026433561889161843
-144.80031998764485,0.04725215443863971
558.3159418198295,0.035362871283942346
172.44845757700617,0.03306111666322997
55.31978174260641,-0.006443211277337546
400.4402635275344,0.050233317277327924
79.90795214667776,0.05492853210130945
18.320283932716393,0.01179076421895902
105.11482861911989,0.02478232094643025
220.77481276932144,0.030289147022730153
315.33722196710187,0.024867003123724887
141.5020924765198,0.022147155837730657
219.8058511447784,0.03536779022745904
324.65891540065894,0.027574169229021492
88.85408104676722,0.007760158501983833
344.17252916376634,0.015330243105626872
219.61498715875774,0.06168849756007968
422.03246750488853,0.04676600296364104
51.14693412922364,0.0020787798795813273
437.9004281145375,0.03216487691928829
388.2570506158121,0.03507757818047539
58.72893154307275,0.03589928931284986
277.5489822184356,0.03708537214883489
200.74542262823263,0.014331048437593585
334.2882804878782,0.03663413838040518
259.58742569516096,0.033949152144022145
125.3883954355315,-0.00030306017928676335
42.56112518388926,0.004699583547809399
248.36874657194895,0.03179540730570748
270.48354202755525,0.0324905725069583
328.81202207879767,0.02233801344344042
264.77855680834114,0.03222266935076784
346.62730496631855,0.034997463395476575
371.6944606291818,0.02452739534762053
284.668458426323,0.035651635525711226
294.7493177653247,0.035109222569784444
25.726027431381226,0.021335260222690743
69.32446832037306,0.011849607115438168
161.09746626041323,0.02641997058895115
-43.49522081296584,0.020035551393625624
368.45321470033196,0.04385587560276256
194.39958857863672,0.03001396731650205
590.2586041487527,0.038871800742124214
267.45508985158926,0.031017243030995217
361.8472409535946,0.04667787883373994
255.08335798219628,0.02687473764460454
471.64335299370225,0.030188479527639377
406.9842064751897,0.04789856013726762
219.42342841304747,0.022063127987014996
279.90686034053607,0.0472201001167212
234.88785312230843,0.0292675328295527
-5.425124120389171,0.030728046215085635
127.89547009000869,0.023869288051399384
307.917006519549,0.04036500483078578
261.28741536166825,0.03401095638383088
263.71817339467844,0.029783971394061644
273.3177834992731,0.014303688846323243
72.08557469965405,0.020207295502742924
422.1824084963383,0.032773398678335355
346.5567178100549,0.04580710868754391
165.0014397840088,0.02154786589664065
378.5586013553245,0.03889031755077461
352.10909504022493,0.014662903451795705
487.2471407623612,0.04103618339508633
473.24038175634473,0.0184702650533234
158.29260513914093,0.03794848022474278
418.734066629975,0.0244966882787496
118.62022611390566,0.03037621769357642
319.9074583955287,0.031857535150219274
196.68554051990887,0.015818016684153995
397.44101520668653,0.0446728442569145
9.471474613513266,0.03722736093742824
281.2738675608073,0.021926077968146305
246.59224192738,0.042029255320353474
78.3255648077525,0.027292500522163036
198.3626825480526,0.01183633970852744
273.43245647994013,0.04725880694457925
274.0296239777683,0.035358373487291705
128.76626493291255,0.03777670040730144
240.62889249742443,0.02285597087011623
557.0173225043393,0.019827900955078394
297.60275715671446,0.038729081375793485
225.76029044118462,0.042876856838838094
424.79703281607857,0.010807101078136684
170.36316920264153,0.04970083351876815
226.77392545638352,0.022846692871699423
130.4942578937813,0.04477503879851464
423.96141252327584,0.02781702761159166
113.30148707854553,0.030809433347809747
365.42942433349606,0.027613012085385254
377.487929715785,0.014011722885356931
210.2754086014517,0.013819267983905856
270.96209371231635,0.018831289567825357
194.2816614756023,0.024636001513493
291.40196022485753,0.011824344122252854
223.41081854533684,0.023941946999221767
367.9819535484968,0.03587382450212005
130.82401552235262,0.047734202319605824
230.60377674067215,0.031862534567541054
388.11179608046007,0.023202806713076052
94.84913399276601,0.02215029404722911
3.83158947567091,0.011752539766703138
276.49036579510755,0.027734081349796207
347.3364130968316,0.027350482373840888
279.9166500156821,0.03213902547648063
264.9430315909468,0.04222552859955721
-95.15427821012207,0.034177768113052835
196.4095339925537,0.017454403316663755
327.6622325731097,0.01079260815541825
183.5705048795208,0.011537100370792603
155.6027721506356,0.01977428592174786
200.37980771957513,0.03549460568152874
513.9795908655211,0.02395931360059536
199.98889505226956,0.035027185559883406
138.19400334952462,0.024502229632320748
262.9851218343685,0.051340230895044345
222.1024727837949,0.03939737291712894
286.84945105533615,0.012622564023610904
184.69844187261407,0.03563232225586104
117.97505219280382,0.017633345194159135
348.92960385684387,0.005636501485638688
171.4903847626348,0.0386400021994551
344.0698690841367,0.02597985206122526
280.10868919939736,0.049255012979908336
123.02188429741392,0.0418931361543151
270.60621447762827,0.024989325575368995
95.85680527110219,0.0083475552115438
178.23835466789393,0.013658982941757752
140.09802903857425,0.03461032075993216
374.46420732929494,0.03418898440032788
408.81200991843104,0.019586794940512395
305.4100845990665,0.02165168889760118
112.02177576662999,0.05294823640559859
249.90524239046167,0.02990265300396777
146.21899984643028,0.02481412908727461
187.7769882897903,0.006796634918349975
348.3922208036175,0.012852098741309562
519.1079334310903,0.04459955200097186
293.9985597936679,0.04902483410483535
41.1082345774837,0.026403286049407927
310.24261495488844,0.021649627237173667
593.6784294225449,0.027908782897706978
290.46044868926253,0.022352013734917374
388.1787659293707,0.030553895092019757
304.1309450846379,0.03210527578218451
390.6462270809575,0.05389638304353002
176.88232477575667,0.02691956668802873
362.30394118357856,0.0197264741425658
142.5041951001511,0.02351604300412964
245.98142137144728,0.03459835753976869
328.9260502357889,0.03379523464068862
513.0795369861543,0.02170700165955543
523.2700000168797,0.028392027401454235
312.7182647131331,0.051319207835760564
363.30710305562434,0.03283718199928841
195.94885858119372,0.045462401862457064
190.9713505279982,0.03766184906884638
4.4135538377779255,0.006608195447672667
335.88052159613625,0.02619544013270632
264.5991425274166,0.0222308601040295
106.22667012327707,0.020346978797530127
346.66715846341003,0.03621989106362214
359.26265005597185,0.018480068763611888
438.365782192273,0.030291755236555917
114.57821228595955,0.03709262999793706
194.2218031540206,0.03007769253828195
334.86877109024203,0.02935955352037999
428.19218032576157,0.03353951124496199
117.53069698131739,0.00846720139140859
72.90914763731271,0.0015358820308049477
365.7066414352744,0.018101757221007507
357.8693992457211,0.02652707932352528
82.59146810361085,0.015269582104511664
387.06012168435757,0.022288818250145802
335.32342375738665,0.022798058057467513
444.7030165368482,0.0347747677291457
277.355190561297,0.04136311661718921
86.20766974749642,0.008675741210646307
38.7875527594243,0.032606083288002526
81.50200917810756,0.02600970225503428
168.10166738173803,0.034893022202667226
70.5510017403908,0.019752739302490566
342.44430025006704,0.027513645526624272
68.59728393247562,0.045116003518180584
413.2832924045371,0.03786586103795497
260.75313496805626,0.026838027820000186
180.64208502159283,0.05068274913619214
172.5729627992997,0.023188024425477627
342.2964867534521,0.03683522704468218
217.01040509188724,0.042745232296002834
57.0653453488616,0.030308315509469105
166.79838249267317,0.04862842069022162
69.68551467704054,0.01688223621901292
451.23945823962254,0.016308507659343177
496.81987872679747,0.03768623965695589
426.52734898701493,0.04025621928862561
366.19805895538883,0.04270219766255273
163.08822319201698,0.030610501059123028
188.61920759008558,0.013725914187556292
598.1632071283623,0.027601306930458022
192.6727265563597,0.013317552576717472
164.2211582614737,0.03550253024997984
239.29358765822667,0.032435246948545465
269.26553163529206,0.03140136955481514
434.50610985423054,0.044315807156365766
208.74939959416716,0.035269337865887776
362.19867347158134,0.013166748215301605
84.63451609489411,0.009744601038926545
304.0266639863668,0.02873637440027016
222.561432719201,0.03289317343772852
260.1126779295987,0.012496314365344981
296.13885110157076,0.028887659160748223
182.20138444801285,0.03132513376701822
98.42959356864603,0.0374023808024926
436.11993965509504,0.03256670046031376
195.4859700395818,0.022660654356951145
45.70675639132867,0.020229150963514936
438.1637642380907,0.010738423012950641
322.499115179739,0.024846710960834562
309.4595461010285,0.003961167188317575
254.50736333122887,0.04321391946216138
345.74050456963727,0.03796292500554841
341.5005423268409,0.02103599633847114
65.40444747592929,0.035944420468998664
128.7145519481798,0.05596261359327184
251.2531748233605,0.02972168323109405
230.777143345772,0.0467824999188413
117.74702209395107,0.017719706853595148
365.17803944426936,0.03592516628320709
179.06771435041858,0.03465912008852165
173.06020537585908,0.026747146849646963
163.66090662356862,0.03653777919061548
375.23217742582995,0.016688657509121463
216.83262303894477,0.024719389202803112
451.55055475174373,0.041779436843369065
190.95187428543898,0.045787951816859775
257.48373524296045,0.0309931448648078
452.1224359461529,0.04933483635271918
163.69106959819854,0.039490642137274774
285.2264143437861,0.029722937668106582
204.49050226921162,0.02037519819936375
359.52002912451445,0.05504442006137933
202.9199576561882,0.0211134518034357
450.56519115107005,0.018496244981424284
205.41950863639073,0.017923140682020524
403.3974209009218,0.029330399363374608
201.5083824379547,0.04445422446329311
366.9379062887995,0.023052036962411825
200.40939115614876,0.023418534562536644
134.88004985268873,0.022781909964135597
438.5859606682832,0.023767667688694347
470.0682872850791,0.02631572543934469
185.23812817475485,0.029561270081253525
269.0489629597563,0.014837856579046006
359.2278002068608,0.026564020083425646
218.25629802357557,0.059337299652056835
349.0608462598294,0.04219111115520713
414.80603808014365,0.01954129469709432
529.5784349001702,0.024003701184173526
107.55640819248345,0.027571115903669112
83.22076388854651,0.021583307984809737
104.8906868840883,0.021183061301849132
130.1077174997901,0.04748383266483846
286.33198181342755,0.014080623068371986
-2.8697586792545735,0.016054827151177255
333.56672453470276,0.027017165291733865
126.33413716670802,0.036216989590473134
162.63360034239685,0.025261897864260273
281.35459350242235,0.03979662051122406
20.859355391836345,0.011907128973009027
78.30319676958311,0.03895035546916506
160.59637573892377,0.02034384372941452
238.52857595655564,0.03429158740508141
341.4837743822502,0.04505456476148749
317.07657925291636,0.049033867005257414
460.3875284604487,0.016357050694205812
515.9495829071539,0.04182990561582156
377.33319757080005,0.021830342527694578
122.99591199297593,0.048916500751246844
356.37380809777153,0.04749460030106632
175.23838467506224,0.02879212364544878
418.8242316798889,0.015316960037288283
242.51562074478397,0.03136511301265901
348.3231062347458,0.019365749610093262
436.00923449149593,0.03648310567546871
156.89874005160584,0.03722472949847666
165.41262939796547,0.022335069865309067
27.27213317745688,0.015043847236808667
171.65429439038218,0.024100363459262832
407.92756385912503,0.02422990424139255
174.9205717435281,0.0418333049919653
206.04428817504868,-0.0054964705453706755
148.27892232395345,0.0033536684162451466
-18.77245827768172,0.029020816108692466
230.5326926449209,0.04158020599763997
290.758514587695,0.02737522743270221
304.55662703800755,0.03214037666457728
239.39454995116495,0.03248541681514923
717.244887026012,0.034794678650143906
474.7987653846617,0.06519492297879897
139.4386016777613,0.039559728712113114
184.51134877211902,0.03704179183382246
376.9529185865111,0.04091025520795634
130.76354394895213,0.030532451159924732
142.3561987849049,0.04117703060434408
248.5810890865281,0.016638038601686757
135.25159997296615,0.04665285165054226
417.7287462206431,0.0459942404242649
213.5340770542886,0.03685042495118391
131.2609640887257,0.01586796335475508
208.90173645383274,0.041626899073456236
50.015070166322744,0.037824307385471934
380.5309126853716,0.034132175405118974
284.48384228082136,0.03122552126765629
93.70429244692474,0.011437212838008321
176.34134512277868,0.03439105914207591
385.9288459733632,0.04518285812793171
331.90265269932104,0.031614021591957434
613.6663756184806,0.04803213101481692
289.29982470547907,0.026776765986274494
44.40483982130877,0.004349141938968015
127.46164322646061,0.041032855476115265
529.9077417087924,0.03676374058237379
303.41609387356294,0.018167069941260883
431.57483643394096,0.04100607848837393
84.77870117937141,0.01449502324981427
383.1470170365023,0.04158003787447993
-91.98431795592131,0.007013539259638369
455.98909107856485,0.019622068202707312
401.52723548569804,0.04597812134037228
395.4422641821241,0.05892224294749824
183.29189439598147,0.041553554032611184
159.2694299316139,0.01636564038262
449.13207669374407,0.04412725756444226
74.02857399540036,0.03309959260896075
247.92618167879934,0.031334214113450866
216.17121999892512,0.013239969521133179
239.24185552577225,0.030057397666878812
504.1794364492363,0.0005096194299990392
285.35676608664795,0.005604853911422809
587.3481259377509,0.013277887200973604
221.48031040239093,0.02914113118863682
237.97734223286326,0.05066596591105169
174.01533418556028,0.047981444345428934
221.7728550507142,0.04278872051735612
22.443016198116027,0.05148943100259022
281.06552668586136,0.015692478438475006
241.15763851362624,0.046559735401348744
21.125227751646804,0.028655512556005472
195.6626413003922,0.04887818020108512
224.1365246148073,0.0379831760285832
115.34383396690228,0.025564120897922656
373.2776318210373,0.06194746546517964
334.6196425668236,0.018011771724602683
287.23475219446215,0.03243206661261166
207.43361637728464,0.02545494738272212
177.2959605750337,0.05017406845877803
297.8821831149762,0.031149538938654457
47.276836895559654,0.01501413412767255
423.3880050830199,0.023673047407068385
266.2441805105048,0.041262658693503915
488.0848975937603,0.024764818675493436
412.28354603040464,0.012483012347128074
437.5669931901832,0.041635533479676363
235.35880937739992,0.03174728858695501
160.21973408780343,0.03424456374840929
187.568015879333,0.052757089231753915
152.24093183199383,-0.004946863916583118
166.92262919623232,0.040911966307738155
177.4619108115612,0.02163328351392552
400.55575810069337,0.032494416998160795
150.8133010886936,0.03949930186886873
519.4138157140274,0.03761840705065369
62.87648757002512,0.037130132939943654
-122.59299038082594,0.016562936613754024
427.28605259004314,0.0432306521934194
29.827784847812836,0.014649783667682072
243.08195322504906,0.0328661436115747
188.57379456556725,0.044792803179168075
-93.09435153233352,0.01851295133276052
295.33836460723455,0.01201689805985268
136.45979412547237,0.014604887283485028
231.55558390218513,0.035485849192614896
55.8962854352508,0.02686419180467059
320.95735311003943,0.023014427290407525
106.91677513444338,0.023901363937956624
241.84146690980978,0.03927833066224845
61.228046782316795,0.041822313451944454
454.9219223789925,0.01918796982641815
197.9853887816281,0.03641705999751933
210.0866922342349,0.045578967937815774
26.048742174077375,0.026188050683052008
223.83275672401047,0.04307450329199272
123.62688203244079,0.01600435689160489
438.3304067563927,0.010671967059321424
252.3045550691176,0.02270424582886284
349.52303098218175,0.012291015981700654
258.9914780159718,0.011442075100924872
421.0807468506189,0.027670221398733656
184.74978798642576,0.029393004093066853
152.88824743978032,0.027749828184179585
313.2806392731029,0.02662440499572075
381.92694010596676,0.031826969474457484
83.33759479676343,0.036584685175258466
149.63235537933687,0.03302695854076422
220.17798386520352,0.03057721568667952
406.5837828897079,0.018197278580256805
388.2603827797196,0.042780508293018285
343.0140228645492,0.038533839383090955
415.7279465764666,0.02853876001662338
392.0456005018325,0.03984190446484269
-26.160101852192213,0.011285156600244657
211.68679937743372,0.01931266379053621
151.99802667345963,0.048667384916722206
326.7948974183212,0.042860064536754554
268.2362882252054,0.021366011290768455
306.4254007474873,0.044668358211458425
190.09981685384255,0.02828280101714276
274.01032858930864,0.022856526827324062
156.80057692590694,0.05484535504074667
273.029632353617,0.01782933367824948
194.60256361994237,0.03583943701830366
94.89101762208605,0.013452665471548327
206.92650287794373,0.019247359149792503
52.10007371610794,0.0367103502316318
276.07270202412275,0.01568429416268422
-23.6894428689601,0.024779749157267418
119.26586032525515,0.005156392001996669
229.86587627032836,0.03925301829721979
558.4725791005999,0.037380720150892714
67.0160050041944,0.009882915745755231
267.57757999545424,0.02608167781117604
339.1057251032044,0.023628835748036967
377.5887237596285,0.02237510441387558
258.79777069293914,0.03105887852966452
440.24771146251453,0.02518462977343433
235.80343091700254,0.04423313997253651
78.26831828375632,0.02745622586336912
233.72853272308421,0.012744107638738917
239.3211050000035,0.007144582969411624
304.8148387513564,0.014957167174058943
358.1947237787298,0.033014660982349835
221.10548003060973,0.044672360713317275
219.37772641163107,0.02341265095295296
160.49253455325874,0.008750853047211533
13.803561455884676,0.001231986295183802
157.88903268419176,0.035199732550800014
333.7050572828408,0.025606442891143832
461.9542944774274,0.03387211120739127
175.6693804207065,0.022417761546705047
191.80690122777128,0.037258601841385124
359.95942646539163,0.04140841075227398
187.46701240612578,0.02990998554600535
143.77994686920465,0.03219794980870247
353.6236532879077,0.023514558017784813
220.3159922263358,0.04260785387438872
226.64602965135853,0.024871049077875886
246.0104073730474,0.015827063861310803
91.56379209088888,0.04456893744873626
18.635286797820214,0.037359502177403595
347.09430603653993,0.029474042507315987
308.3561187490314,0.035594965078853104
64.85333864787498,-0.0016780325597092402
196.02359667555447,0.03198086276536278
214.19517047913428,0.03712109906158018
374.85054833890945,0.042430849483074004
208.57777215155434,0.02676842318135424
250.58922840127693,0.02461762155083177
240.81171826374208,0.03648397488129135
432.02287719218543,0.02797376566453933
318.535263264189,0.03017537588974596
292.96265892038826,0.009457797546019608
188.9257429639778,0.042975860231374716
350.880461620224,0.03292406188543393
349.5981382737417,0.0333229395028201
283.21122651338504,0.043048608124422384
330.87407251136887,0.038315294717243806
353.4267229202659,0.024694955906351936
238.20526010915168,0.010321737994691157
376.5575602327485,0.04109910511992032
348.86574517801796,0.015103534581909262
453.28624808980385,0.03324879669057368
331.6311542426397,0.03129816789050823
643.6243421610386,0.025219522648180184
363.7098570340597,0.03989330538792639
133.13859076445354,0.03576954042276441
535.8835260240602,0.043107004085599955
89.43386445876772,0.017928462306741774
218.3940248093207,0.033993825744604966
315.06355615927225,0.031743361125572946
369.8993381001832,0.03277602618715353
275.3970370256544,0.032865471583021395
-7.107825985450518,0.01362322380925474
91.24554570209446,0.02854023484903015
254.10311528022356,0.004516890457893236
119.92576957858358,0.01412106943259098
387.58522830035196,0.028080008614201495
301.03603437117056,0.01993454756493493
52.28468398992004,0.034968402300312604
-82.3646939154196,0.016541920584040457
364.3798158179049,0.054460965871148896
430.612268935838,0.035405179136542925
294.762753171865,0.027337790486078692
449.6765063673532,0.024391318363075738
-23.082391578928082,0.028327773517990627
38.908675764639526,0.019789962818185337
230.63352604335634,0.03748171084476089
160.78548550213267,0.02666034362847853
239.79577979450335,0.04291059579035053
204.2001128273831,0.008466571938907517
334.3619955031748,0.018048128704627003
486.1971954553019,0.04270355845032147
99.00673836378354,0.018993832423985342
293.4008790737198,0.054142912038048996
270.97669871189953,0.029339745063149444
205.1088305726913,0.0449851731637807
178.32727167498015,0.04192168148909164
383.7104404017856,0.04208781083679101
260.15826822308884,0.020755295486629907
170.63977141185035,0.05928047437522898
217.34505564049306,0.042027023409513746
284.4401144869058,0.012262422909393268
170.92068111531484,0.017248620777252956
278.73339558848545,0.05387452466969801
499.4031351295997,0.03770258792552414
175.24846061481026,0.03309195515938292
329.1822769656002,0.033484547380690996
380.40475569357994,0.05030945018406317
224.36826824814236,0.045544845123025667
287.5272486893358,0.041053995192535664
150.12867470329317,0.01542732838013073
24.799665397672612,0.059464488332177615
97.3558632640127,0.01239461240863465
364.18256672568947,0.005356308281665664
359.88009756513736,0.052748151052603755
101.52805816653216,0.016965185265619857
423.44917502872636,0.024831117853677726
94.68436850411251,0.03415537956295792
37.13579421297803,0.01994125565202847
229.05399000974887,0.021585814443864114
273.9353282114599,0.026936355630722754
287.7722679549787,0.037792983036004146
312.4544094699269,0.02943045426495679
370.70822937126263,0.046194829954320005
4.597656304751354,0.05042054197793485
131.48236397025858,0.028440243096482014
375.6253308672301,0.01952202090843804
256.0220483384975,0.015772153218168078
138.37193930722447,0.031975248775906566
432.81259342525766,0.030216806421225335
125.82979605328713,0.04256712030016609
213.751044131534,0.03760752264783669
198.1163560018245,0.024567889080955342
221.7476633224866,0.03176184333934152
323.5326033854123,0.034539656477571734
244.96465321642722,0.035134561951065936
240.10809738215713,0.03045392332820229
493.82054319835976,0.06161992971077395
141.20539917193713,0.03446785773600149
-4.08068989700763,0.0392270584112627
174.68029657168574,0.03753673701718287
8.815078569517823,0.03075898423485156
428.8945712514883,0.015244874979990308
48.25752496965356,0.025831335507250974
165.9433424898537,0.028668882943293738
178.61478356452875,0.01985351085763238
175.62097608017808,0.002955892403804592
279.6282612142792,0.015100672991371298
241.1150087186053,0.03168879357195349
263.48490344093835,0.03259349711736752
488.1112617636189,0.02094298465052341
272.9883547604514,0.0353962845638522
207.47465347286294,0.00975550940506156
62.80657759792916,0.02673311941234643
19.1245611371196,0.03549506688637779
83.62886939743422,0.034537465298384404
309.86655447401796,0.028053828078363426
124.106493604403,0.024507731162527698
511.256964536255,0.03366306707528683
212.67152021147984,0.03514984907188007
148.92485241115747,0.05267498223570066
455.83890646596774,0.053860569979147385
146.58896071228136,0.028807969668323916
436.05048007854725,0.033487109177625776
163.4546928971348,0.028609853553359387
312.6609180481004,0.023885932926159946
358.99904203056786,0.039172621306159214
168.105609330199,0.0404564400200114
356.8511723586266,0.047355670118845936
-98.9349123125744,0.02681985280049862
88.1857073339769,0.01235589525591085
-84.40992747934075,0.03326525396731461
76.13405606004864,0.031357167580069095
470.24874421688935,0.03879647250154937
249.69027094630346,0.041046433313111544
365.9703343898804,-0.004341395757278682
259.0380276040284,0.026221444803777236
146.74906922003368,0.018554222057282327
302.3572551462041,0.02635270258465597
352.1081791732721,0.03804606681228496
288.3523075615,0.024721258126117564
344.96802123730305,0.027679674897475994
34.00309450370452,0.024478136958026125
341.1772402979941,0.032510660662717225
137.10679876511966,0.028745904863604944
190.76872722813425,0.036848145407775874
142.98135297440217,0.03140647870957713
442.4306199250109,0.031185606000902748
339.7457916077226,0.03990701300992749
69.31846362154815,0.02333793637863342
145.38965679864307,0.03318366481267589
280.9259709229752,0.04703065274759062
313.13196401890684,0.022789098203757546
370.63301702748026,0.044098027324287255
353.1909823818205,0.022431024775428333
99.67817557372214,0.0322735929508473
271.4644742072315,0.0202146896615956
217.06364491439726,0.017027181785301576
222.65320385236598,0.031385335990443256
259.89530785630006,0.0323775209386856
164.51223325146393,0.00759971673763845
395.89755429018646,0.040440761370120065
271.2049105526122,0.04030208808600416
13.371677946888184,0.0453109445675159
111.9218920135792,0.02946616499106515
84.20426446530328,0.020880514185421563
221.47430077315374,0.026709252095670398
313.8673082596068,0.022232937162226424
189.5031308974422,0.011261416532621204
518.4890146392655,0.045336768911970096
192.26155423841715,0.03906487329174485
265.5117846868691,0.03585637399596046
317.34314754207975,0.02481352611329024
404.6053604825054,0.05316561199427278
382.4293345491866,0.05028210128176524
417.3178074380784,0.021569659008707408
79.76319852707778,0.0347044131879937
192.00706763551997,0.018384809350794708
115.13380345009384,0.01818827101962682
207.2885156454144,0.021014585343791088
34.35832078335946,0.0319794828323107
62.68607557518317,0.025819141360013245
348.4415189041858,0.015206395820387094
214.28807715847802,0.04362387201548406
175.23136742729127,0.020706602201961865
311.96512634095217,0.025552749277029496
253.59760916805686,0.03828209652919679
230.2650060783878,0.03818237725565244
188.04893833917703,0.017263270803794292
236.55975365423598,0.01806297924469838
236.25415581042554,0.0350021677069421
357.7948524153925,0.01587084426406867
219.97595369110766,0.028266265815302744
87.4765762579569,0.020248164628627136
21.71983095008403,0.03487058167794737
459.14819491185256,0.024812386604288195
245.13657747354327,0.02859544254441653
372.84228606006764,0.010219344853769782
292.35265614136364,0.027950141015353085
169.4064796507006,0.03126935611116218
399.00101357564654,0.04111755831158131
331.94779098521957,0.04238080039537025
314.6197600975516,0.024406634197671404
250.49948569446363,0.03912476575183384
213.17939665926522,0.014258088476017297
114.36033268784155,0.020406856011417375
450.37529472093706,0.012567066751522245
68.30647634808756,0.04566313457606527
325.36866876798285,0.027566403284050002
257.1886233414256,0.015263512993604735
231.1919603999984,0.036289931858989
308.7940407664038,0.03359754434570116
307.6314315869942,0.042798777743584634
377.858384456421,0.02612138492525937
50.493798419069776,0.0296071349141558
-86.31600280010286,0.0344476541295157
87.37761849609629,0.03560503313194396
355.43672645277553,0.04245785096044184
388.40649245050435,0.012376829615446474
195.35516511916148,0.04112933751270468
76.72908751654933,0.032683979121759646
259.65878742639956,0.02851741826165907
175.6965755287241,0.04093846792316221
246.19114667548368,0.037494602515499006
87.94262615668606,0.042166853060362594
86.69106236315835,0.03782473400380999
7.505792098904664,0.016473798668767668
14.862791897071673,0.02789690340358114
465.6678327576566,0.03426683003339306
204.86194407010203,0.013788272425154534
245.83233489532208,0.004019728793688542
11.988642680612543,0.023866450343200868
250.65929060401197,0.04136457356752364
248.4397901273834,0.015063241604295967
520.2505444979383,0.04132582872294456
138.15429210501185,0.023420904569758108
530.4277748879185,0.037473961864198435
252.40579173073698,0.037342966981870736
361.09013805128103,0.0066068659668696884
326.85030333054647,0.04015116491284609
104.39296539220243,0.024002776765258183
328.77254392589816,0.009574526071331357
83.52895016498042,0.02247275499916134
350.41900583420545,0.020674566767802396
305.98558417544086,0.03562249313785057
303.6705200571084,0.04666825424155241
159.69747905463157,0.03317274532382589
69.12753947795349,0.013353436714873022
230.67754911823906,0.039109998722481304
135.76024243720195,0.02347671241346032
418.09888014471125,0.010127933974024568
180.9732785988067,0.02809599716115993
274.4790759382552,0.03240777986978132
257.0173971482945,0.024082252871526225
145.0997305057658,0.01270499830239771
406.93072426798165,0.01656135096971819
297.92792933790804,0.03800736751262429
356.80669237250487,0.03310251989728909
118.83044143955931,0.049273474994646765
130.46880872924834,0.02257919579141657
457.85393635233385,0.003144160952705293
330.50602351643823,0.03245032868183843
309.3715958638624,0.053929247104735664
428.2288150417369,0.02520651228846695
568.0299221234436,0.0478353012071738
333.35427715334885,0.009728446065097634
273.0150618377848,0.04754626740123104
-25.113351243845216,0.023501117881174545
162.76751778651902,0.02383467676570148
281.35659415995946,0.02421293260658485
31.378045638403222,0.018855815970337086
533.0411738348026,0.020261493400096347
336.35214978548873,0.033104749605902
329.5250543835293,0.033214318222929126
221.69176937682948,0.025169815601955366
157.14682064178032,0.01779443969656172
393.01245142043234,0.04282493310517646
242.22544996652863,-0.004334639735613183
313.3673241663647,0.0372810319613165
46.224540092967715,0.03531341255251858
205.78400710528086,0.04152042831062472
110.01817425410951,0.04168861625378835
408.91722594652094,0.03092919772930078
460.89449952468783,0.04515704954752914
344.5959725706491,0.019136894900358394
-0.3444259530340332,0.01390412158574995
307.6858550311422,0.03052807915135892
278.1483876945904,0.04350701791511777
168.58954475437676,0.016966363516879163
142.61876240738883,0.02500384818843812
332.4017621085583,0.03766703686109053
194.00644618787675,0.030533309278551007
372.33570457513713,0.032186062405549554
422.72104886690954,0.04073029006651921
295.2416401484287,0.029063114542857812
159.30469483507375,0.02603242830957227
189.5747777326472,0.0203239063147181
216.9737422159946,0.039970887483636974
511.50776231510383,0.027532697911254074
242.65613447262066,0.02736527107434388
191.99521582441457,0.04219269501430083
243.9825201110033,0.034760947866315096
199.67087758470998,0.040538765550113556
151.49732366740318,0.045953177642186704
103.18553580048263,0.020576831065549833
218.09521505453398,0.04059758632619247
235.60170689890202,-0.003186025675819125
5.017279159888147,0.03167292210030289
213.51200741698221,0.033035434241070596
366.89131410847057,0.03149165947665569
302.5781019788007,0.020669064200026475
233.4143805564963,0.03428469263687203
99.91383225548407,0.03119550278426986
271.45857200629604,0.036977858938950614
102.66125816652979,0.03961864751519998
282.0406447527035,0.03147717627563846
289.7704799389102,0.05579532097600011
111.82102065191282,0.042718310892881126
386.3291440623984,0.036213995200627624
53.35614891932303,0.012744950358004603
262.11987935120817,0.007612375074497125
-171.41870556123183,0.0275103518220758
318.6907190749804,0.04166870892740318
302.4503019207747,0.03860376303277315
311.61165231630207,0.04460341315141887
338.23673939937004,0.03319280265441473
388.0722027534033,0.034032164234367356
262.4443321544814,0.015593704336717753
-5.519434449067205,0.02467493179787935
247.53938819886582,0.04133556483069781
379.5923371408222,0.019144899586264183
338.3864048801103,0.04407906799764009
383.06870989356435,0.06279572143084568
212.22420457467211,0.03439208154848166
178.1015297162591,0.022081870522120947
249.09991891010557,0.023311557180723454
257.31858195127614,0.027799775862249403
45.223294208039846,0.030246293791699703
240.64224482625906,0.02849607754718871
347.3301765306133,0.02082242683065806
274.25915667850165,0.04543912615516431
175.98804588173059,0.022222638145398495
353.23153617408656,0.028179597503934038
101.95963179923669,0.04037034707105988
300.0134902733707,0.02382267340728286
178.0837397967894,0.020419345566431595
280.64633698881596,0.049597366659443684
334.56742798568126,0.0327731151092144
248.66342850298093,0.041002116711515976
212.26318809396523,0.013202600564281925
392.15202623521054,0.038666910078605066
255.0106263680173,0.024612071474714347
434.5231953803964,0.03568179077847501
310.939709473253,0.03917810337494174
203.3643116335162,0.01896824180251494
422.7221114367901,0.025825447548461666
197.8250777332515,0.03765325258309486
516.0750058813467,0.049540804686395185
212.62888326539556,0.025798434733879147
520.9868499237939,0.021403362620357656
88.44380143139156,0.028724097857521048
236.36086578356299,0.025845525087634217
318.5658846335769,0.026983630539811614
126.57855248503822,0.038505767714297395
161.34035489634442,0.026126740097860122
193.73378270404945,0.04767644604385407
127.26793066266717,0.0445643663873024
439.9653214725761,0.009535301059956817
135.19589275667528,0.027126458327958177
748.6291266283359,0.04568192282002645
91.88335572398125,0.03216425146751846
226.25834892174075,0.011980495156635598
94.69391063262324,0.05824763919042965
-116.89673140490669,0.026177825319708106
224.18505490245144,0.039385301086516236
406.4009015512265,0.026006436088862744
146.44239966324375,0.032460621114484056
319.62877766013185,0.030241088750045216
414.7061847880093,0.027920831128604655
87.06989375716944,0.020874959054301367
346.83738375268354,0.026609582049954193
412.3348602840849,0.04048272999871191
461.0985342627163,0.021979741902125843
210.03399573895743,0.006033397339664227
31.70816340183754,0.04345916649940689
238.25270808628244,0.04512682138975008
201.87349660154607,0.03747976408683639
81.14292481484856,0.054879064663099136
206.8073610398395,0.058639947860260784
81.83155274510324,0.048081676837002305
231.27070889250768,0.03549666626877608
-79.99730564088975,0.019565988744779557
406.27614744109565,0.06059832264121956
525.3488105588802,0.04600831090207761
335.72620726106504,0.029617705074834164
496.7026434981259,0.03139336460328577
436.0952385163089,0.03206224398697286
183.0714049373762,0.012148321607448217
107.70531603121756,0.039467891467472274
546.9728233138451,0.028091639793789668
357.3962206056452,0.07434061110781588
245.47885243291395,0.013308428321037562
221.65220468064118,0.014150644617173216
354.95341826196847,0.047488289719300365
247.74744337135243,0.03162691903653748
89.13884275018054,0.0522601037040943
197.88779857606795,0.016401574863867698
254.42092985548774,0.0341974268786674
266.70874469457397,0.03866410209882348
350.83096311615606,0.05409301842493361
173.06047337700346,0.009753595891558192
243.11012952076388,0.0391695917940208
183.07023521372417,0.048547505710245686
392.87988247193243,0.013301170301806178
122.09548150702616,0.023530402849424422
298.6536690332129,0.04133229149097273
386.0472834289178,0.01572204052179324
410.95219328967306,0.040966295890484915
269.2208759508873,0.021405463464610266
546.4817040634682,0.0423287919468571
402.204967807368,0.04003855073560992
309.2416199517182,0.03441489233809486
351.05279243317017,0.03550136829160675
549.5202335926317,0.02447424958373219
173.23186351462607,0.04722461169739872
180.83976413094587,0.020740228385344908
340.03231065024147,0.03235551421267351
421.5657809906857,0.044881640541514715
-40.13761553867323,0.02008886038980194
568.9523111579756,0.024605817451896446
278.2368506253387,0.02356544230899972
72.1858261627961,0.04006445595679724
367.2949643258558,0.04610725214771565
7.9865653706174555,0.006659083533785703
283.119950905816,0.0320225963269494
44.05259595273435,0.008513776478353233
295.1332747370939,0.02220181787046024
375.0863954342701,0.02921402021413646
141.81675476309118,0.036344777879855725
58.6020608531978,0.02152376592442094
228.42873471300553,0.03618733363298669
40.55411971999206,0.016425989028277535
246.6712178129214,0.018174532889779313
193.55088119426907,0.010554868762534819
418.9410971001149,0.032523584983274845
408.47077821953906,0.03588255688031058
369.51580179565394,0.0035871744014695853
352.93992702175694,0.044309110912160506
194.0164860085029,0.03602201646451308
643.8009781536,0.028752976362374807
165.94833925356198,0.025734550659712814
134.7608047643468,0.03450503033889312
328.7907836007916,0.042621611660274686
36.39723277036771,0.03645241623433966
157.49134665967918,0.014397313337277435
227.69023841924633,0.03303246078729012
389.5098182828792,0.027784944010447787
342.82344832576223,0.04579119041712491
393.70905895951,0.0343523794046684
256.51571607780187,0.03648152167058002
257.20493118390766,0.01939374718529576
215.48079914501238,0.052829868604770444
184.14552956724492,0.041649331320138094
476.3753713861206,0.05451043488764784
79.95899840975684,0.026496167832219253
150.31656865097,0.04942482830935833
258.55429631800223,0.016987045746079593
133.69550737242443,0.025631820600003186
177.58845795726586,0.025229958005209073
466.56138627850464,0.027082255018610748
175.15064023331956,0.01569406371038027
19.2389546038834,0.002712759816133819
376.00757427172925,0.034763475325406565
223.819579594478,0.03916782520196056
227.36178265702296,0.04906451873572407
317.6231777314807,0.03802130205552916
343.7390509110113,0.045063121996583355
278.16236907913895,0.026763127501703093
250.90486565892266,0.01914793282031041
302.90807091944197,0.01161329689360566
292.7303830585502,0.02970547314408322
158.95269321715054,0.0237995624339343
431.7018728699593,0.031823206295610605
334.52661694793505,0.02012399533334031
6.101974108020755,0.024012105482824064
-157.14062540217947,0.020462717047760995
399.17432364835383,0.02897308683347155
366.0534418134885,0.040498983245698984
321.06293437937313,0.031329458415543444
135.6961759675483,0.02746360525564502
220.44392722443655,0.02275652405160441
116.30466799062106,0.048525682622225466
276.30815577002284,0.019008525438385233
229.0886663892103,0.050754500417043935
273.60925312894545,0.04811675992696417
367.249058460139,0.029884728364199524
99.58962619955233,0.0317957388520471
307.19468240901097,0.05200489149577514
249.58399298070836,0.03194173801753769
279.6885543879462,0.02078245495829627
218.2262669635023,0.04532280161483861
262.07354602706636,0.045389827090639594
365.75958515371406,0.034401332988723686
152.71811299667695,0.0352783146739182
270.54147956036337,0.007700271062173799
266.3028570849399,0.041281984965602585
156.23172146034005,0.02791005133145335
54.32475700039427,0.015131871629952212
186.46166649064668,0.049341096349090896
23.631209433537236,0.050959378362624236
418.9563387596319,0.027755100608412797
223.11643222707096,0.03973057367366059
412.56584273839576,0.035992959898420475
362.29478851915593,0.030570874681975547
471.5013492774791,0.040725205884888434
515.0625252163343,0.038426910772987766
421.81980235549304,0.02297834675734169
162.71304737938857,0.03281348125732633
422.58893643611634,0.003872940980133195
220.4679801680131,0.032269414951288426
460.2092396557341,0.054164542959748575
125.21855159780522,0.010843773018280174
123.23633506281432,0.012354629766694762
28.38367056642568,0.047401020494086135
-0.8216463158230738,0.0118654200089807
297.5015918582037,0.01545954270419079
385.1787956305932,0.05638813114203486
228.88603378516225,0.026991031630401053
274.3817731793112,0.020455937130259977
325.69327152315765,0.037335005332742394
291.4368364136803,0.026090616922806995
274.94506582750773,0.03164259121949159
272.7595770244915,0.024458191685172045
309.34928789040356,0.03629508364418791
297.07358430094143,0.028197443016888247
344.0150915131925,0.030208563880901276
174.96270997557548,0.007455874888710291
222.0009966066905,0.03730548539758057
245.65985202074026,0.022612017824444705
114.64949574747851,0.03993771676533396
376.06650443836,0.037131545207750964
217.12246650613324,0.005213439455632355
202.38499115071886,0.012707430116524792
245.70611844110263,0.012298042585727514
176.62021714891523,0.05721541297678229
338.773233192157,0.019860797866744793
476.4712842709265,0.020600617780513777
103.86095495964508,0.02864456844818015
492.90506499484985,0.030189987230238895
304.7626153753951,0.03786068226295648
320.32623075259653,0.035590882105375546
265.2763006138435,0.00995956781608092
397.431776528396,0.04745548190054712
199.9639826883448,0.03156625053847358
253.07492571603038,0.010512073688024023
288.8281497701202,0.035590246017942334
146.70705952410233,0.04115273411528074
195.02557642124322,0.036436734427338635
327.2249058113389,0.04802935199586441
383.68932176611725,0.03593715448769602
283.4237488650154,0.04572185317473995
265.82187892241706,0.03929127474548011
345.2493000974224,0.0457880088594763
110.32126261500602,0.04724904938682687
284.7824371971951,0.04180554081765231
143.22297179998662,0.04300116552783936
138.67674264849506,0.03150053069812653
77.54513309275353,-0.003379908204153355
286.10046168745157,0.021076735087764177
78.85540115267659,0.026427260923681906
135.0175869991345,0.031154923043411803
85.68474045265833,0.038642425133130556
238.23157427622908,0.036870121318168525
237.27808062459948,0.025519019724714626
167.59555959031786,0.04848663067630349
116.7607131216844,0.019929039170184345
118.55206749574265,0.019755458770506912
659.4478068697267,0.024788823388744923
217.1510938024893,0.013144156508052427
214.25505447358142,0.04421495257501785
251.9901031428665,0.03599572039147999
280.8322343080392,0.0030463078007732305
207.13309624483608,0.021225533993821138
201.43252157676747,0.006765632776901748
217.07787778486994,0.03662267889659987
46.635752062180444,0.03076548467881008
426.08791568979785,0.03340083727765205
513.8106395055348,0.011612906730019825
205.87684484350342,0.03691852989561663
209.33447115548444,0.044550486579744086
126.60558817594413,0.036092500867629364
470.49282634632254,0.02532473104205857
216.73004455606457,0.013168222745442753
412.1985211159048,0.014664879439082151
336.00781951673133,0.03389937125343136
74.54562319986678,0.02894583490555966
291.01168336733895,0.01883587230921053
57.628778213565084,0.031252526677843714
140.17589376982826,0.016927681714854953
417.2178837487411,0.03583018053893284
226.29093048239264,0.04490327048797703
334.6375397681154,0.02886910755516219
315.32115047445063,0.04386549014603756
355.3090281547571,0.04125006669965607
249.7217864166884,0.03725352882967083
52.672008939170325,0.034171226180807895
-27.778483826300203,0.031219856180276402
498.57965843689215,0.03823930998804721
272.6412620397008,0.020543079846034
271.8278206615178,0.02031838104337846
184.0375275255721,0.03299929065053114
119.32613242976564,0.03625496539845662
154.08426231925014,0.01278674777410076
284.1557601499119,0.0076711358315536896
161.39714454289862,0.02919842032138505
207.42218913440792,0.028639777159521294
203.62454903039705,0.005480388953363294
200.93872171430073,0.050455768529317435
194.05880932265552,0.024183457757687064
61.03933842425104,0.03171370240024407
194.65209179798833,0.053083874119200146
181.921516874963,0.021663949975158116
365.9161450285334,0.044942919568151996
475.96245512533255,0.02706008267843291
343.0997884886913,0.0431307004775799
277.76812307315805,0.03261484698190867
511.3952277896356,0.027393439346530206
253.5601863042811,0.029546415899984173
249.7699312381831,0.03704138325460835
214.8718225064596,0.045417566292671505
323.3343967141046,0.029519402737819854
312.02371937009667,0.04935669590928929
71.86019899518018,0.011876016574163907
429.14634238940494,0.04309463674890532
105.62834590825716,0.0345305232226172
455.0677463202426,0.025876986159770885
341.0436675724488,0.028075623342491394
275.5993057726624,0.010990509612581151
345.02814435148014,0.02477805471505398
543.7765037073144,0.05373063000049451
15.10809408645622,0.016978869940046225
325.0674486202009,0.024906554622279753
357.280877257124,0.03791504475765044
402.48697731837626,0.04304261737953825
162.13496535965731,0.028716662769597553
-24.24512921409905,0.03650827724826879
301.4974128670977,0.028329385666739326
86.70847905097085,0.01869009616295808
397.4874352237589,0.041663740640554496
145.8867059880847,0.02000396149944673
-20.07702754164626,0.02186413246629665
102.67372255976187,0.034007971912765535
360.3549308072297,0.030346780212898973
591.7493914397548,0.04644434172227287
236.1084042203585,0.04157784215004728
362.91131401865545,0.029580084458958707
439.38411117440586,0.024010669719197242
137.59627414072088,0.03512591177125367
58.19606203956357,0.04045502116391626
222.95751586249946,1.4745215818040558e-05
43.1836982862539,0.030286357641969314
-199.02770717168835,0.04695546829797346
154.40285665953004,0.03210990406103132
285.3787662698795,0.018069391048429126
331.7554849264586,0.030905596371133767
394.9914375320279,0.028730183134785255
94.29169339559877,0.016496345706793637
276.12339860758647,0.027137346838225402
226.74220414222344,0.018833436076721277
307.7656278442926,0.003572998151994425
272.62351463218727,0.038544947433881184
152.08470555689973,0.0421194170586001
391.27912904572145,0.03548379200778914
231.7330014211536,0.027030128427231955
201.22557247601918,0.03053658566260549
375.1360715076586,0.05139630099949886
19.935137237912727,0.012925963905575936
165.7904124904456,0.021695389186792133
131.11735806842267,0.01970789686377814
407.92166737059017,0.038368683949203286
319.028174239892,0.03425006444156358
305.9165451316272,0.018164875871139956
604.8727409167502,0.04676883497761586
199.88735419364713,0.004243768103143062
398.76556243966263,0.029214759094445115
64.20391928618139,0.03618725011412255
135.38893837078575,0.033425797191683045
248.98369609041592,0.031694070956434325
188.640736432687,0.02230300093314204
535.960241031467,0.03823691934341495
275.06733569352133,0.012597049859635855
281.93847157757494,0.044063805092394055
374.83630481672554,0.027802157741119913
314.19240046455957,0.02060367443770688
347.57341459429284,0.02873038347147321
126.46458782442349,0.02976193213489782
130.247968051338,0.026011880662690744
237.47383450144915,0.011194031694916767
190.17849106999358,0.03974720295317774
239.20774408862323,0.042058700003738896
85.13074170517166,0.029759135967355355
183.95332762129863,0.05219303370814342
355.36354492980456,0.036131210223936304
-6.296754982134644,0.01964240906797493
-15.041457753477232,0.02855049394598158
336.1387777954962,0.03861277674500493
132.26386368118332,0.0237159666913936
211.6388547400585,0.026015313488946996
318.8413979666396,0.03622446770692688
105.51205976942151,0.019453019049898317
262.9239866814069,0.05470108479116179
160.41326736905427,0.012398920607919705
134.77310035363683,0.015581205284624164
451.5269675264908,0.03261223852932483
50.62193883962803,0.03919722940488716
43.666562404975195,0.03776110402843024
287.8033991337669,0.037314084527053676
-3.6250304353419267,0.051250789414988215
459.615656676605,0.0371695382614194
332.774251958822,0.04298180773491672
145.1359254897307,0.02954940489377256
338.07664924619405,0.03699946841352735
251.57442499733727,0.03256696264018938
260.8655341898484,0.03483120315338988
237.9755476657193,0.04031962312975407
625.9727745951154,0.032781280605151744
307.9929981635714,0.03536376782605192
122.15197529667913,0.0317006632708661
231.17656944074022,0.024761785173017612
138.68418970572833,0.05099571006014267
181.39672082608197,0.03261882421543777
180.7800224232439,0.023507291069395305
349.8631754822681,0.022219389039015568
217.22240162592968,0.03881970538256094
201.8478318183877,0.026268086384472044
156.21400598503746,0.025478332987786362
196.26510220417478,0.023486541849456595
193.77086995019891,0.018890835095103517
465.7697521439743,0.039407407604416245
47.535276340684476,0.0226296531928062
596.6901400701264,0.04816362415349931
223.99980409825855,0.05759253147882313
40.9617012936138,0.02166726784799853
248.7322377714257,0.036410543053010995
327.8262338137054,0.0501093911283911
151.2485973914424,0.02017729026916295
50.84760860328592,0.012995720634535413
158.89575566368723,0.01454024737230238
102.1617944291653,0.019221672710523052
317.6257417665081,0.03520274159340302
193.99655254407924,0.034227908179477545
225.9958370346593,0.018554668472100022
275.30298444182455,0.030800832590995537
200.268053191339,0.022844465635947497
140.30630339626669,0.023804368753608706
336.7824595486835,0.02013373075518468
382.9456039295284,0.019839466340289543
339.2741580650385,0.04858245065793207
244.8638669989396,0.05129152679939375
496.93883074706036,0.04283963778752275
153.59463235494695,0.008937443201974388
223.85326618662182,0.031948347212299215
193.19640338246123,0.02199882749440028
185.9672592017151,0.04144570492059403
390.46163420849086,0.027278813726375712
164.28026221341787,0.01820690935737855
127.08925323542195,0.028635941215914056
121.01122865444228,-0.007412097737772898
114.42751543898652,0.03421565707660987
154.5107854316419,0.020573913343451
14.494315894605535,0.018147706449166186
117.1431484116068,0.0274857712184408
514.2357189432685,0.04128755749318913
241.19385782620196,0.021103414405379876
270.31340332372866,0.06307116207351805
342.79044612358575,0.04321606456647051
270.73147415733524,0.032656695520632065
114.96912217662825,0.039550503975858964
190.55672781588862,0.01748633092200823
209.5554483006057,0.032236907056842075
333.0578905692241,0.018471513322932027
78.06811200699619,0.01411990918488391
153.09522922202444,0.01997879548211348
155.75743216672635,0.005657532292686535
126.14020242628746,0.02478650921447528
382.59820914237446,0.05532054424007658
253.24261363386597,0.03267203274501471
226.46665957111975,0.038863306846113874
323.6175981411328,0.050112712238501236
361.09893469439004,0.025073265011134167
220.30561728102805,0.0550089356453883
314.4901939622984,0.03570235951063386
309.6939657143893,0.021992292688045208
207.9336217284964,0.047249413248139624
431.8422186083397,0.03536340687093834
173.9537155656871,0.026591692589630643
291.2317371876443,0.02131415111126181
306.7895540721003,0.023976480117291078
116.56272904716752,0.021261675217723687
204.96100676351645,0.04448908912573359
387.0400071088431,0.021095956614445906
242.47020143313597,0.02354198183517861
111.57345211524142,0.03769270882772991
204.09882197660335,0.04374850105934117
288.5430115820193,0.031957881458390666
81.69799020068012,0.056764700250769726
303.4985665103442,0.02725361731141049
26.810432560130295,0.02836844891462762
446.0646302539804,0.038147624526650284
244.17835668435873,0.03228187647205248
112.59769193720504,0.022880958921399235
320.9585263514289,0.022978294222022803
71.8870139212504,0.03203994082702244
609.0353288679157,0.04650992987395865
183.703140848665,-0.0036952055697576786
14.269412055921094,0.04955673105454558
228.06316289828135,0.03798690491315293
299.0665133286584,0.025405346887657894
80.83206548747947,0.023137448467592
309.3906634558806,0.03675823088024332
443.59074186234614,0.02757101114195378
134.13535430667827,0.007426362691889815
268.5209890163984,0.02526587247651516
359.15458150951383,0.016557777943616615
383.8430861852421,0.023222007515251657
368.387710070666,0.028187383622818616
310.35160431999975,0.018262845252106415
207.05594710122463,0.0323023319228515
448.8449848663523,0.04450918879316601
279.7921762452728,0.03697880779335446
352.3814410803124,0.018605434573304755
247.63541128864668,0.018052846665461475
112.82768129991086,0.05324050376600388
146.47097812601544,0.0286905174862683
308.20107172173755,0.020817766577744184
280.3191799268855,0.02050549331032262
336.3031262335925,0.046513353625907944
301.2620970235407,0.03950681380624986
105.61184946195706,0.029854664467811768
197.16902050009446,0.031344340621183714
363.3938471422801,0.028675847777215182
156.115701161912,0.013234866060307542
319.4122276880734,0.035772617373541454
171.4004614375126,0.02952713723566342
296.6255469153275,0.03553345923806404
209.93302298399615,0.030116013461829332
243.54947343786768,0.033969071026740745
331.97105551559946,0.042974582641974596
70.56544154156339,0.025198181533597278
572.8657725152755,0.02014083126759058
149.62665728101555,0.0172635928445417
184.10887919074116,0.014406087819727855
170.79463334546466,0.030376224522526793
246.64771726794788,0.025258094002100683
194.20265881499017,0.01570362079117269
206.0776640763294,0.026557642619884605
22.625934168398175,0.0031579356753477193
223.51321202036988,0.02139768398524234
180.79890032620273,0.04018446107697139
444.82987806998005,0.04904896355047547
312.958127321201,0.02786618714696364
350.3364956754099,0.004220918602784465
322.6028156523018,0.015706605080123247
484.69141313049306,0.04632052856742194
98.74558286712059,0.03143805023013564
386.7616415248766,0.044962859805025124
238.86575215148872,0.026620208780195498
367.81569705473805,0.03268360699107525
284.46870202698597,0.026077769979405023
301.1481309634966,0.03807384843764083
175.4836286733054,0.044723541327449746
293.5695079298485,0.015882857974025624
229.94278437135617,0.010077939622301774
380.71830464788854,0.043737636910344976
26.758530170687266,0.032555741506769695
228.69884872121708,0.02572233120479306
236.44925764634516,0.03013189870919231
208.42288245460634,0.01988469920671114
224.2793754438524,0.012948787741504868
474.97021507483305,0.04599821495117247
-166.17998184566534,0.02674280450462126
244.8999982514757,0.045876970698007835
437.87038513179937,0.01367531869694958
150.38063466794213,0.0454378988877277
168.77169234782872,0.02653916496765328
2.476529677473593,0.020658410860533966
269.25774006982186,0.024826498615211308
417.90878817138014,0.02947336498892806
268.33074580549146,0.028799099009795576
171.24218815215767,0.02192092274551556
73.2054577688472,0.023978962217760833
398.7250344881934,0.018561263119109092
309.3521328417825,0.028224974649578256
194.1862164424592,0.03069573066680105
96.69671617688272,0.022370078219171394
157.54256831437903,0.029874689615711617
161.25790499020653,0.020281801742921955
128.24172291174622,0.01643920666596334
-57.59275071923338,0.0076552823546852215
315.49923820549776,0.029845223989261482
39.047450001628874,0.04778160969730662
389.1540763409888,0.046030980563116275
450.0063888721395,0.054099632692227166
317.48230278407095,0.03756587667153644
217.26681497004805,0.019492420287820444
240.37619283963926,0.03485566479479923
412.76826185961124,0.03681275521365283
269.6412064654575,0.021155593726808957
102.85023694480128,0.019793012119850947
478.9041662114412,0.041355889896562595
385.49387490814246,0.03296221469972374
384.0103935378538,0.04715036943315737
224.97702784749697,0.038106171313377984
333.1707803141483,0.01968374735427708
261.60990014168163,0.03743829964143992
161.79243870726384,0.047273167484537165
207.10850769479245,0.04831851980094111
403.6599687866879,0.027886119605530956
386.55357102116426,0.03371923575752031
380.44772320363234,0.037760431947714515
249.05884728435637,0.03302425599088108
207.00035021455022,0.025948133180942
100.29829300312102,0.05305930564453956
174.29500572665074,0.03133942917342432
170.43084675834763,0.022200867306992465
363.544158959004,0.024001281809196997
181.04391118434398,0.03315122332896919
27.49318257335318,0.010866532102373
170.29543270295204,0.04584844451001323
413.5867266408593,0.04268433439675255
166.95126099206834,0.02943733080215857
460.0236132610986,0.024497261160047103
132.58246503727904,0.04053298885320528
265.9632624677437,0.027774741949697843
66.40732151474839,0.030121132202339567
165.4952588125759,0.038003268060380076
500.11797245686444,0.07003959812029183
161.68205080686414,0.05209344069375289
343.65728096387835,0.012720637070564565
163.7087698387897,0.010314418620226376
335.97660745631356,0.030746394124033863
424.53021122240864,0.0336285048135839
248.44193119990953,0.02748620793256009
319.7052872770012,0.04696240975782623
239.87644158305116,0.03294592070692641
186.80634472280462,0.0210816514933701
281.2617199804274,0.057894230059967716
333.63327135868894,0.0503623458524769
491.5810724952874,0.035974009299602386
318.811083354876,0.034453028387741474
155.7142326063049,0.03571802000397144
353.407932436426,0.019195204347055177
169.51062211394782,0.043826038698206726
160.48464243680877,0.045905649432241714
340.87855375029994,0.020653093358385805
301.87278036236904,0.042522393472870214
293.4203022603814,0.017987492593251685
132.70247940524882,0.021960426678249864
346.3628633441551,0.01609437227992694
176.94411444227023,0.03053357193796613
116.07118209005833,0.024089154116228872
218.99272409159948,0.043845804901720735
376.71872325228475,0.05418776466000445
220.5950995281296,0.02797821928285346
170.33101477155657,0.032558462976626165
289.68844264494976,0.032754943141326244
137.2004433371829,0.0487158631053291
78.92168605799168,0.044355568432535984
130.36969134223318,0.030270877960104945
379.0005195976069,0.029762073726397924
331.5593756619869,0.040002318829697264
567.983023562988,0.030400457554498894
169.3051871389476,0.0338911756022864
190.4796793935163,0.034069937250888874
431.1956973347151,0.048974650750336086
122.62279654680387,0.043709074405958205
207.41977727935648,0.025960580224541892
120.9438970566575,0.021939730540341464
390.8537428737562,0.010230733789941018
361.77158252434447,0.029580961674789005
455.974915401737,0.012804053662455944
331.1394819900679,0.04304557227807321
291.8292263107632,0.03378296114222599
399.64980133394954,0.033666348055035336
174.6030894631901,0.013639488190920264
320.270864726538,0.026547582454583513
198.40898016505398,0.02219483306904419
487.5948292022143,0.026585917938681286
50.89302364438768,0.04305240623118223
328.7709488926438,0.021020057442475537
386.43711694106196,0.026971836842272296
225.74404306079086,0.03890670990307854
14.153433357966065,0.024697721475328824
4.58968501751022,0.03962381581639827
284.91927709111303,0.013830521580110795
260.7285830062462,0.04896619352028688
271.60181354298714,0.051232534124147966
399.1525809762893,0.05385083630254078
314.03279384022903,0.020233147804348192
318.10837034437486,0.024118296589098163
465.9605253902465,0.022528537362300854
572.5717094381216,0.04883713129221658
162.69124298411643,0.022332316245050613
355.52955899652346,0.04805083708250531
391.228419255193,0.042960651629882496
61.97605408569339,0.036506113848238056
244.98741419552198,0.038293604860788
265.1603439759426,0.0437025081101882
336.96933683446065,0.05359167379682202
131.65231453662233,0.027166373512171556
80.64593155465087,0.04083526311952318
289.73632958093833,0.01802216774694683
422.1471980405379,0.024382633858837443
278.6326116821171,0.028946739922762754
-79.24096210596218,0.026128901724093552
223.92456461014376,0.023444974163140068
41.88147490574289,0.01135014259522455
206.33114604567413,0.029160428001147664
257.1868529897619,0.03136331798527229
319.55911264905467,0.019028619561151913
96.17292302638185,0.044847944668506466
147.7594727557313,0.04433346916897464
216.20099909347903,0.003689119182086753
382.0474856762489,0.03826035640297922
566.151527426104,0.036481920474895485
194.14057345641203,0.033571323569575706
389.9332585693445,0.028365483360704626
287.881219344654,0.03400126845626795
278.11056384708996,0.010620332921932124
-87.0722760227809,0.030234658605805837
273.4635248261396,0.024776986893590598
136.27030086447547,0.03175490988023699
181.41298603571013,0.01223160445229909
529.6414871753418,0.05001943362285953
211.3673107842506,0.03355371496142845
79.42588484787689,0.023953159227712684
171.64555187876016,0.008472227102015884
254.77009451872888,0.029825264722006
104.11239772762252,0.023506802894384247
-46.60306954480404,-0.0033971824659412495
92.23888515805982,0.007842266772849486
103.72386728674664,0.03825259393642411
333.1463468744588,0.027260354242933684
277.56622368013467,0.04040799045070048
313.75816939235676,0.035602264754062064
228.47558982369858,0.03828437017632406
213.2296692850902,0.03572470610400846
136.3567319823602,0.03782283172699714
144.91285887671916,0.02754127732137269
251.7681910435839,0.022196918763099333
152.40350073650285,0.018586710831822714
270.92870026852177,0.03009311100096113
159.6322672762368,0.03555397388022005
141.0323173700807,0.03199462071858591
427.4436341092386,0.027538320118320053
214.96457339193873,0.034770853257207114
343.2547631495653,0.024993584175151348
253.5297520619348,0.01727093584245469
263.11716020427394,0.044179023398678546
409.09609798246277,0.017071022541541317
97.81944252879296,0.027146580693650387
20.4892412260337,0.012284375444197727
101.9988026067366,0.032240310980999415
403.2202822421016,0.037120656059998924
-61.64274180555793,0.037035934837709686
208.16728551044415,0.026358588644392833
418.4808014851525,0.017657924958473986
291.00357906376223,0.04199555767874962
260.7358859776258,0.05049304115174647
368.0623860004721,0.019970469391053805
228.14040939650104,0.029898030252284956
25.189846347134647,0.035868906669404184
230.14026454923518,0.021918103836696984
140.81328656681927,0.05816506488469103
221.4772965504722,0.016076707270983055
453.42947586954375,0.029701527646640653
206.12553866336114,0.0223531737068599
298.1820022244899,0.026229097520195015
56.50532058470543,0.01382703882516009
302.62182763804753,0.04457910950286886
25.401186260895713,0.021496263631205388
259.0897501653266,0.05340142291136428
54.6326456996166,0.01949483238853715
366.25822688816623,0.03451927430033794
357.7516015459582,0.028052046318504196
182.569882911212,0.01136730660243268
195.644116280171,0.036429253268690794
262.5725293604823,0.04154670559835226
319.1348974587851,0.029062894602497693
480.6539648843966,-0.0003964297081992772
385.75604134002475,0.03208954192766139
236.50854239411993,0.027414781526202317
277.98509860893614,0.030025095722031356
232.53776381170042,0.021746987164066256
459.39783527341484,0.04092101301818042
424.4659997392442,0.05053476174196783
387.61787600202587,0.028355023431078496
112.26008990211773,0.02345408746910136
406.79949657622507,0.030441478498567945
116.65300162053407,0.028721282140933654
267.7806390707452,0.029432503803051586
68.90278066508125,0.013300042315320094
203.95442066127,0.05812080221828482
242.02219509671437,0.04018388668878127
341.45542885685995,0.02551198628870446
232.197683922866,0.029388789164762997
377.3505360560534,0.04180586386176657
307.73294806371666,0.03983257768442173
254.69020996491443,0.046979741854831794
264.4143925082244,0.020849881091145276
84.00554207110238,0.012175712791394212
293.6334269600997,0.027699949994109456
97.97068115720893,0.034089551616640505
217.80614986316104,0.04931295662076404
226.72170728753437,0.014573411839302237
403.17262478067676,0.015566174423366618
250.3787502973598,0.029384780828086952
198.59121926274037,0.03228578360573032
221.99281469267547,0.04988882422253567
201.82319053020595,0.019698469850982923
314.2204748547158,0.025266788438441545
258.3323887711974,0.012991204468184327
98.5733501618015,0.013459863078891868
179.89157839613273,0.03951401794531719
150.83322949256075,0.031125993903629013
239.40833388613083,0.04948374608330813
139.68560076353413,0.013261108397499208
161.21284359992558,0.01630062563824841
133.1391398711155,0.038163968528973635
-116.54067666815843,0.027638202772351957
270.9290719760365,0.027468978469013854
157.64250565937783,0.035620361592639226
175.22238689714035,0.04420028423799957
168.4451191803764,0.012159497128836575
306.00159324087406,0.03285538706580558
176.03691064544003,0.015994651403939054
83.15995794609458,0.024165338613770636
111.21393903872152,0.03915207237117355
331.0303405323002,0.03978051538649982
75.01361918009852,0.030314491922400225
148.32596927266331,0.01570404961664795
405.7148521757239,0.03788552183113594
497.64692600822576,0.02660260871588159
254.03754806017005,0.0387951835928733
47.40418110383018,0.03985883298067286
419.84247993507523,0.028996766381757702
180.8518992074362,0.025080080848650585
180.81873286285617,0.017946045533671604
375.3661683767024,0.0640928146895677
304.15686348527606,0.030429138065191423
84.61627979079594,0.028663476171178995
48.77958457914838,0.05886301500200289
198.46978692667946,0.0665877095156831
295.21459764374964,0.003183157098975091
187.50725079593627,0.037199768830199896
413.4763841239231,0.017237139243974898
361.78213230715534,0.012536586283292659
239.58387179052926,0.022515678916662334
-2.0316918531202646,0.04078416000866103
272.9389798455546,0.02874902568019655
41.499695513362724,0.037694324336481594
448.8938754610665,0.03565808884115283
178.4708847975308,0.03251130573309315
106.66209791148671,0.023697511049002563
488.4401099278737,0.04649275606254333
385.0298651566402,0.027162965955197446
203.42906406637735,0.01360368971121689
263.24623689064583,0.018126916458710698
338.80223239042846,0.01957156237051428
413.1986214998851,0.04226120102254856
152.5319528754126,0.030358027354075653
329.11401115056003,0.01668335850307537
602.7082529142021,0.027666606100108983
297.3123017164972,0.03425364104613688
119.06458025786418,0.02764012437744676
239.8871649624237,0.02234061901596142
272.81714383978596,0.03645243001239588
381.59451252827773,0.030927420911924505
242.15911327411442,0.01862745384749631
406.5209377131316,0.048111264256077986
138.63355238434218,0.024427551262847635
256.3901877918276,0.03936170701991878
390.79662301837055,0.031361723829818985
132.2198045303289,0.01867451983787661
219.13216467758818,0.006474239296180347
240.47098880770983,0.02835367903272868
-15.876512193309338,0.029263487883710058
314.8741201856542,0.037174161719150625
218.6489269809902,0.018249970186996596
247.73797298085648,0.05304424153306131
188.3715033521857,0.011499068475285944
282.42013931451083,0.03513927870310571
261.36218121303585,0.04735686216674921
306.2131214360099,0.05043330607978769
333.075642702988,0.031424401944959816
80.42346826431017,0.009227762327871276
370.4008872210925,0.038663013056926175
37.36049441868076,0.019664502268308494
167.6073173431691,0.015551763274676146
170.87721819157525,0.047943048213847345
288.2267484497693,0.025272275583626096
65.21457836210854,0.03615158250814714
107.61785877450194,0.04241445723276205
260.571600608206,0.042235225180922084
-6.405143777611272,0.02261043196949415
121.95380618010802,0.023680668481815822
43.78258348115176,0.034331170200307355
426.5313838020587,0.034828837881964676
319.75255379801933,0.04102709683259122
270.03882420212784,0.029196875125921663
155.51756988621338,0.023584784387505445
626.8088590975523,0.02869152065489435
330.1232124149909,0.04910937215378921
475.1741790419609,0.05401834459447362
227.66281090932705,0.034742807227175605
271.4706151968103,0.028284516412059417
328.6103904412251,0.05496344233537134
346.0211040809853,0.036788981655150536
221.39570614139942,0.03014868906330629
109.95335702181248,0.03475037376625228
493.40917693289475,0.013489422940125579
320.4555262046286,0.047573044480379495
-17.269957961196894,0.022398381314513893
240.10446060315695,0.0166395348602388
202.1396120018377,0.03312084263822716
336.48279925194,0.029902983896572997
180.65533283491527,0.04952261345056504
-20.979134177579056,0.05742087502924548
335.20610519879546,0.004895042792572548
234.92401951191957,0.016414035634007958
176.97474647578514,0.025095546117225788
351.9246374932235,0.030804562868857823
104.57776593639716,0.032799872409105965
249.96576788196293,0.02026959727652447
405.944606291918,0.036536570338484314
305.28560324957243,0.019199147511743737
172.0327087957512,0.029073320476956564
288.2538360711667,0.04937244637786056
339.8944626529688,0.04277185426220869
228.32168810429226,0.0351752224149481
233.09083863194405,0.04152228066912293
33.03140039847864,0.011813742864808342
78.23966991625315,0.02472829555616189
197.07131722908292,0.033031332362713425
320.6487613472556,0.024415610374625377
220.2039455392168,0.022655033160949963
149.7583260183826,0.011135119235830486
272.77949904879404,0.04680780030644745
271.7687716365496,0.019352323707108054
258.92358238221595,0.01836698854147579
138.68828905016636,0.030100085731831604
282.3542498184811,0.03889855159057534
259.6528195258458,0.021911340671890628
294.73056378678865,0.021464528302334897
402.14747981367725,0.03926867449521515
341.6628711459686,0.02395440712068031
124.14409259775867,0.012583757192436259
364.7570960742233,0.024944794062376797
29.26577874803732,0.025060465844328764
225.7342418448087,0.03041455398582643
422.854134680741,0.036659776384275394
131.07695830389036,0.04865173313236462
277.3773862248719,0.03745689328304527
120.93653451176257,0.029280699181656586
-45.98527743972096,0.04947490050777694
43.45100174084172,0.012633803633541364
281.9654690693511,0.039854428809674665
234.31999144939377,0.009975570494945084
213.93654379965253,0.053861584601628223
15.423389715158436,0.03750715075330957
233.23346737868533,0.030295409206185543
203.29086965894354,0.024028701765414804
310.24074650423813,0.03338817397121858
-43.637119822330135,0.03360029351955828
207.68691075903942,0.04295827299172146
8.351880218508853,0.04141090650620813
387.7991153146614,0.05288210663052316
119.65410770856246,0.014122604721541452
289.64983762697284,0.005315076516382074
355.6113007156831,0.030922993113380867
202.00955143564846,0.025304043982537376
216.34713524318155,0.02396368877796376
185.4261036473972,0.029493359017731306
161.06108134765697,0.0404390367835616
141.0087486414672,0.026135249996419682
488.43418741800997,0.039361252156290535
445.49188292097017,0.04216258762579607
79.10398314489186,0.04009910109011315
72.36165011837059,0.04097641621160622
366.924300130488,0.016453841555657427
555.8549487658371,0.03543971536468624
182.1556571738922,0.033477569854339376
255.93889206441384,0.04196457948791538
205.14600168831385,0.010555031042527304
443.6517187041653,0.04738838930254269
175.4764868339651,0.011883809258983732
66.33753566129553,0.022856411028441083
80.42269324204472,0.0227654444900437
85.12069618615695,0.03730282653275908
310.9389882841046,0.02544715861322088
58.58112914477658,0.032006518424525635
401.14864288055287,0.0204653498941701
318.0208490257472,0.02892524745319622
420.2683197200482,0.05265450617902197
381.7847079571602,0.019351634100902786
509.20565398064826,0.03131499770470701
293.2836488085376,0.03926037383092962
317.9891811682212,0.030288820520518314
272.71816922090926,0.030207022474277697
306.1761621481124,0.022852027400176046
223.6623473248136,0.042845676846114136
-105.43552143872728,0.012574354540325516
377.99519158084564,0.030052422519922573
127.68793224504081,0.03135091584352066
336.27946823269815,0.04124069961346481
437.95232395698713,0.0279994880942398
366.1631518131518,0.01951370805646948
437.1888271355705,0.024493792205837476
349.2685430386859,0.012980187593457093
461.0451313782587,0.02333343594204564
184.64056629034826,0.014850366165539355
200.22479439622282,0.02921279941508543
186.31833945728962,0.009266633499871169
376.7310842832626,0.038633404537635314
-21.55832334068981,0.01860447565174838
494.288253205078,0.03643933415229571
55.777262092034704,0.029316038102091664
348.879390928843,0.02303875660231127
109.30751173089169,0.05776098065688186
52.630669327928814,0.03488167937796635
183.00207666045642,0.027899605767689614
231.8393522698619,0.028253655597436915
507.64484181975644,0.004587943442124511
184.07106662172725,0.026978696784583013
347.6491523789585,0.033187953841213993
226.78509695306687,0.01713916608896056
422.7528817137095,0.04087703642342313
393.06527064986386,0.03302061216316436
248.85749525247874,0.02576653807859351
292.63635737078727,0.02928363238735823
268.93082705387707,0.015702734068447258
285.33188480868597,0.03764959719091785
30.66246629867527,0.04364865715397421
597.1297825183606,0.04585273793593424
254.92822271531912,0.016720481472563643
285.96868984477663,0.0455006445156804
228.38397854187204,0.024175915532881044
363.1501183337645,0.028703058725218968
296.6634995451979,0.018490848398854762
486.63572171171086,0.020837256452921983
218.65327952453893,0.002041786652003663
397.80755638162907,0.05974676611803146
181.31691691388812,0.05125606918615337
111.18086603021194,0.040330617765083565
148.13575375138075,0.02178999249418568
221.03376303724258,0.0475305657006887
214.0699488345421,0.025669150403949355
263.04988678868324,0.04746794648465408
438.2232300454752,0.0547914484341859
291.45744802180576,0.027908245229742886
321.65589037286446,0.03256099440445839
240.60614949658827,0.03451884070255892
312.86124580068497,0.01684314016545608
348.03932769296375,0.018729487646294923
459.68550570573893,0.037598096165136694
190.73564724266853,0.006895906728329168
422.7147849681245,0.04413267439317106
176.8675700175915,0.04373424250566889
383.7362819371166,0.0029119856974277186
502.01261867237497,0.03657935562613092
445.0899404082196,0.04966733777447155
255.80539143044342,0.03468598433250278
166.94474583234754,0.04156076185947186
237.60339284219953,0.03409945447887995
522.3655656687995,0.019368064958828025
192.5611728960049,0.030524904116042473
310.6595179389534,0.021012793592466578
155.87788753887054,0.030979240776398995
309.392210128497,0.05478731685495572
297.1713829663664,0.021581787118866748
81.93851794038781,0.01602961800543587
354.47771882976224,0.03530750276764576
16.383377931397973,0.02117128029519122
547.9980596224898,0.047481696466448994
257.20573534373034,0.04138287290653831
182.36057628052035,0.04431899194727612
236.80972714396108,0.0077331428529128395
266.2018786167204,0.048600284676835796
3.254499876838679,0.040971618068391696
221.3009768668061,0.016132511402702294
33.25705604736825,0.014577865499930136
250.5922863031066,0.026773845453497584
180.33637034809155,0.03603788450660036
-151.6930636663222,0.04304614299317342
263.4921445035665,0.026511497087969765
421.59833381969315,0.04141190958921216
506.0944166293119,0.014693360391562318
268.17497381570723,0.03262995371367317
313.04308109053244,0.03857936825567513
313.40790769391856,0.04805452258006312
186.66575928418,0.0242835235048373
382.54776286146523,0.053299161896175715
317.6261528794498,0.011906571702407873
157.7050993785478,0.02159899809686592
-86.96054501925875,0.019272939931656997
444.27244956733807,0.013763166843162127
533.8777626640792,0.04245009596360347
-20.57242436770099,0.029571249511771543
290.9513818429942,0.017386700551227166
138.8083114529571,0.013259684602176622
333.2135885753003,0.027117294013681247
90.73760453052762,0.03723282370542422
44.502541401007164,0.055499035146054115
271.9032183835278,0.05459150980103562
21.99794382727265,0.03050646098627856
38.123525168875574,0.040383937363591374
1.5140387812677716,-0.0035083829390311766
379.3185228478065,0.016034408642100526
205.6048494536803,0.03280766388838047
428.1772277590379,0.02422414235129435
228.16386446310506,0.02788500683766176
248.77069234380716,0.025054524949442623
422.3045536158322,0.039636528328332005
440.5511156260842,0.04207256645400937
217.97940558376905,0.04088814764477765
122.34361317441572,0.010087711595811847
425.4899070494548,0.002850913011273059
462.22871297262566,0.019109356072029515
132.38491665028548,0.03459097636280007
506.3673941387203,0.04192352652865059
341.13453598800163,0.03313685177720798
247.8255702188314,0.02626833392595667
83.31924371593698,0.009717797902965113
171.33959863764596,0.045248735261305614
307.0832816274593,0.023043801585117242
390.2691184379837,0.034186787302056876
204.14376498577107,0.03279030467305392
568.9238037199668,0.05358622458697854
127.46705618015754,0.026016377143891073
175.54352592321544,0.012507221087818703
195.3373445447096,0.0201638835829138
199.46315597068622,0.016334801517637623
319.0903365665713,0.03668950694627486
332.2949107282368,0.03278702493783266
266.937308630195,0.04553205173271974
137.8658132912699,0.030654728210657074
-69.63795779016726,0.029983649783286718
336.1813638799765,0.051920941250417
305.8699954503962,0.026197801451107287
393.118567289118,0.02992697711154613
147.44915954029594,0.007055136522785423
269.2822859160316,0.010966230674802659
62.4231691927576,0.027654831591029348
57.48616007292239,0.025911894401715856
493.7094031629383,0.027282634972751896
-228.45709548042782,0.02390012767864495
99.66502700761657,0.01741680122467039
311.64353130213937,0.040960901748624046
65.53171517406614,0.040734035851026765
401.8000176750307,0.011507508144684871
464.8986112185455,0.023112856950705456
311.99483890277656,0.03615116645179998
519.9289140926642,0.015399657753992801
222.48831206685458,0.029176546774564837
312.12878055303725,0.05157746171080025
405.9659415780993,0.041861374696353676
240.6411658988691,0.02515936609665249
375.4842168815521,0.010141233110171403
443.8140110720881,0.02733596198449087
381.34428745080106,0.021425179167902448
280.20367447348076,0.04466196906800404
190.35338838023696,0.028772171124953276
402.27167885248105,0.02808955374902776
219.13969198790522,0.019752514116046845
196.2325518084735,0.028181185523751436
180.1072243329544,0.0636896183571402
223.91142063967246,0.03384450675197796
308.1925919072397,0.03977213122197205
361.41573242328747,0.03229826802067096
521.3206651152248,0.05385493998344958
106.13802054259875,0.0153028869487437
32.25747354111812,0.03007486288811
162.2618845024886,0.030630082733340197
286.7964113180779,0.04012045689084169
308.685021617285,0.01718530193365965
70.49083129945168,0.026324947765793676
129.39607461652434,0.027385368558545547
131.26288652951058,0.007475977735851
146.1858831913397,0.03359731380205871
373.6946272851908,0.03948580692058655
156.45216375469732,0.02962547673391146
135.4912209045494,0.01939077656436397
385.7623674536627,0.013921755660889101
177.62036087847636,0.031575952621880524
487.27007009131296,0.04085619925184346
123.87490943759137,0.05190034867758909
254.0619690627311,0.04884030920031307
468.7533043797242,0.04747335310270026
110.04176637912084,0.025495639844745392
135.55842946278386,0.003314743461363144
234.54779945647132,0.03488905834680927
235.77538846998593,0.039738523360957456
138.01109153296073,0.011536836323650799
184.30848712405833,0.020964753087005638
83.26119836020808,0.03151567716516605
106.68915845534744,0.05786358241840556
69.62240125099885,0.0019443777378257664
410.80252916044,0.0328040697413096
197.1700101493506,0.03148743041694313
251.74715575670044,0.04102580178280157
356.5468372946978,0.036979743515596276
302.2301825962241,0.044094383877986934
213.39075481765235,0.01735714229151712
393.36714794818187,0.05634334674675631
151.50651866703424,0.03853710704174963
313.82904149330255,0.026682860296238536
544.6572903659146,0.04349317250303682
246.82841519598992,0.04436835077107484
53.91271052235831,0.029297781867168207
185.8678725225447,0.04278384869300205
300.43509880305083,0.04160950892108478
511.9618934821111,0.04052999513450408
286.515906092358,0.032453102562865724
394.83292573066984,0.0219354571716126
337.4308656531037,0.03083465823522539
367.685912793116,0.013454541432728461
-33.92799775201024,0.03366110416873518
382.9897789964134,0.027202388880668324
265.20415335158833,0.03535534294900578
387.67263427697276,0.022908396587827597
146.73840574857903,0.06070750053194865
147.60300324970302,0.02910853016394392
437.0492172990554,0.039732120925485254
402.03139117603337,0.04370088711549394
275.03608883713326,0.02158565265389685
75.26498421478979,0.025619618876641527
340.6689651905052,0.03142354629259293
-69.86732691280224,0.0312901118320382
220.40429739601862,0.008413623727139767
10.298832776933267,0.010962548892958186
234.90467624062032,0.02694244593060285
252.8317580543022,0.030090474727646546
453.60238533035346,0.030528849993862326
391.96757485294046,0.016687128438768375
287.2116437712373,0.042600964870274496
210.96528120000562,0.020087914856678896
112.5543339052794,0.04908503034970349
446.87925615150823,0.015397097511605045
-0.18120391961556948,0.01925413730232757
127.40626065512483,0.019552023766702765
198.68114513139363,0.03734595101754934
444.4696258308802,0.04714817509268058
357.15980595359133,0.03136446277337489
310.7437039335876,0.035972293829842725
173.15044866569227,0.018682862811365324
81.08533274727043,0.024664523611099852
195.01656192856228,0.03725516675980039
299.8502892377913,0.030671763900682495
125.68682484304452,0.01162040148369774
286.88496553294976,0.0559449675802466
333.3200082532212,0.050616945647552036
72.14685032113923,0.042128181574505534
107.47853303413757,0.02708857638622175
203.81191365142388,0.04859109258078137
458.413580998312,0.04982455413614016
284.9172340445519,0.051695223059497426
6.9535051343926,0.03669543138737085
98.1469108978367,0.02077772569482645
137.3261668369649,0.034565470234167034
122.00457823559525,0.04773960949642324
250.95793498887167,0.02238932672469938
253.84537353704602,0.03348084193736425
300.96469539398805,0.03623882277918005
182.9431856435129,0.026791742312677558
51.804686012050155,0.01681574072661836
140.52820956759462,0.03348968898994957
299.286933609676,0.03739177282660181
554.7727015834238,0.03848607725437985
177.0123890036598,0.028212610209517142
252.36427855842425,0.01873811165673751
422.0585332277657,0.018244287649951448
285.15468243325734,0.010278131142728263
359.12343200085525,0.04219545389666751
306.2450977393355,0.01450220471775082
70.81301377509166,0.019691274334129396
394.58351179757403,0.020017096489856438
100.81001941617836,0.02815843518149462
266.1282247516585,0.03708083475128621
263.3396583426186,0.032399028676794485
374.70242260387175,0.03565889911778991
393.14125786301537,0.03263927804768051
486.7577850280136,0.035490586799170394
94.88690123214334,0.032871305294942345
258.7021374386285,0.029433860674654054
290.582158607098,0.0018027479875227272
123.26993992824366,0.03418359641359774
385.6276587854002,0.030715514728895946
83.56478452620209,0.013028794062880631
249.4181955995395,0.03696827654630046
357.3653511425988,0.03793832263521125
377.3319386358007,0.045374231234173286
306.5070169737832,0.02049741524889176
208.52485194632473,0.008087648456164925
277.74893191102575,0.02803032332912504
-27.553328606762534,0.033506642352543144
94.69474464163827,0.01890083758890687
410.90008853852777,0.013966570891415227
155.1730765398392,0.017089792401804263
435.04788525133335,0.044683544318744786
117.90065730102012,0.02289116936708783
303.34242551623004,0.02866605896881115
364.997272377759,0.020019287435152272
229.1580532429545,0.029492176613323227
375.40426174440734,0.04287833450440887
-34.31733277021789,0.014816239693022768
290.8688365649593,0.004239140169752933
107.21031001288014,0.01130269256460533
255.6260107795602,0.03675755020054381
143.02395559563362,0.014010314555514457
362.9419365772636,0.027663075654374113
484.93204865501497,0.0242831767002051
176.93646946344663,0.040366199832933734
437.5259799626713,0.020879197280117962
364.427589762994,0.04612810642112679
345.5285958369073,0.031879041852122675
100.30032775940128,0.0354744572029345
158.9098396870819,0.042715832899675094
499.2437121402578,0.036593306991816295
228.50668313187373,0.02154792980566128
113.47141583891894,0.042320443673916006
338.5127616694269,0.012876536578549081
647.0786100977725,0.058584780735714534
335.8501236220553,0.034163652064882304
249.10613461842206,0.04790076054362248
455.8066003367004,0.029450429697274235
371.388923829314,0.025468126350131695
410.3296793766734,0.019036925036605132
225.90829174686118,0.031010668226938348
424.4350949882953,0.02967640416268534
404.1263735350859,0.04014131692178749
142.85882728045522,0.04174941198943661
292.61850384159334,0.023139068558308853
254.83752878740486,0.023628525228403828
252.30400121123122,0.02360622587179126
419.12678784759964,0.03503810443434074
134.31345406503686,0.03623270031706351
419.0214630825115,0.0477771363199742
491.3768622106117,0.02497326062713198
236.30666954946972,0.030273370266090147
292.972829095383,0.02463629798276303
305.98282878475254,0.04275431985697818
98.96213195075129,0.029331974110777145
392.9375358846056,0.0392560298339058
49.184818047471055,0.03596505941416711
342.9988560232766,0.0267241121093466
58.78683917559982,0.031149000814767843
391.93496712564195,0.046911761087290255
320.96801628341484,0.0513192176489045
-94.98865447542295,0.04446820432568426
133.59431663399766,0.02964179468643904
440.2237375414866,0.02469771895122564
401.8226092225698,0.025835439160996353
197.95804787149382,0.02355352475333318
123.24444973985258,0.01928845451569907
178.17271143932913,0.04317799512355159
345.9522083244686,0.02976203115461119
386.08291956525443,0.02316678827919527
219.23609985602116,0.03213261277265869
133.12920127689497,0.019696791050617696
221.0000314044455,0.03761380759578131
266.0969610416615,0.033326726994107915
461.37296301552897,0.021412405535399186
88.23407969741112,0.007065387164862564
511.38815444037135,0.03470728675442869
467.99467598438633,0.05058055724463697
73.80206960333402,0.018913789185011583
235.4540769559605,0.018534166890267285
532.2919637461254,0.036617773114126125
466.7719874270117,0.03984435358414576
44.7354280647958,0.031145559864178298
46.45121988243042,0.026054339780405
136.9587620617348,0.03942386486525109
308.9038469796663,0.03745753566873838
231.1832815276975,0.011201780294388664
361.2291422639381,0.022859811532804582
387.2287111884582,0.02242948612237821
81.66422156329199,0.01976084092951197
181.87795834745867,0.04929718955694647
264.5171686369098,0.024270215907985122
203.96514800245916,0.008095710036716292
364.7556889232799,0.03304226482727378
559.120650740689,0.04881066177667012
172.4787486433828,0.04408820650085568
314.8006452639154,0.029999482599515057
119.04196086212582,0.050289250264042115
122.61321723454607,0.03451615214736912
8.185636730611492,0.037546664976795686
538.9082373162834,0.03764037936345738
228.66271564644165,0.037572043348741556
159.89673822566027,0.025843619013894672
227.48217326192994,0.01831936888400404
148.249042871896,0.029046065089985876
262.1680375620066,0.04617740744233349
169.8571804075679,0.03833308880789191
262.827524565272,0.025158626631541357
229.9550896671699,0.033317982420597005
234.29305659960414,0.03251309338340009
175.95639145124406,0.04244027995916689
396.2731947044785,0.021450574012077096
654.912903856635,0.03663712310410902
420.0705995185905,0.009442527587587783
272.4175655961848,0.01886710459290107
110.94032157091343,0.04321321445264521
159.95700937861147,0.023874303657880118
445.69036026025515,0.021786355179753934
386.42020172849675,0.02695139972376182
295.93298861158394,0.051297023094121624
133.95150788938065,0.05083653465247383
217.47376156602954,0.019157550317458028
339.6805420374014,0.030744302584856113
195.8336924002754,0.04293893456440156
331.5999213613678,0.026477787709533605
224.1565593844825,0.045407215461675844
311.45364206646553,0.03686612377404896
404.01642275472295,0.03681210685184764
181.966220838558,0.03596588014063308
65.22166935704092,0.0269448071403248
157.38095732080217,0.018223542215566747
416.00717685451446,0.031479892347213455
285.90874567777917,0.05064686328559495
152.37155280116332,0.04537749747471247
195.28333814045442,0.03925642062645136
288.85419694409126,0.03849751326123271
322.8936605935335,0.02505366557606036
578.7562784587724,0.038770272300113255
123.99770609822731,0.036356005835799725
212.8715701672936,0.02430191878110088
575.9342959260377,0.020359768655470935
268.2123655335547,0.03854381291929225
80.46971865552189,0.0413228627848383
341.979644965691,0.028711238826932148
429.54392436471414,0.010402151880968248
369.21072234861845,0.02211097590536025
375.68963260574185,0.041059904497633956
42.07027143053375,0.017763755850435485
13.243272176507958,0.006777256825546401
190.41505727997162,0.036175719478684726
445.4727900378973,0.04427472581998204
302.9487920216894,0.0338492655400985
90.1885207840609,0.035967148322273435
312.9728052294035,0.030170473731567407
6.0095876626406834,0.006353915568672611
117.04560774969016,0.03970588104823698
-14.645701168229266,0.0425401262548258
464.0708374167941,0.03991857226374719
198.0280538990012,0.03948738499995116
-7.129552528759007,0.0309862290937302
276.30778416414876,0.027934886231762907
96.4300424909355,0.015649312098525645
155.6625732638325,0.033220635735638354
501.6843242958562,0.03920117749904988
404.4644978631412,0.05577215596984861
378.8905993121689,0.043371590199943175
284.11833906619876,0.018055493682429556
187.35112990837607,0.013655476934222966
277.7792017246012,0.04726057342044185
297.04111495304414,0.05706011765713514
99.46465084972746,0.010107750806132722
-60.18276192398338,0.046376722193283995
524.2641165744415,0.030089264054243375
-9.706414693144438,0.025778787116762784
243.57085908841262,0.019237790218615634
242.8057673241921,0.03624334091701066
-20.41915302742325,0.018655648199063644
227.8670403203961,0.05031483376104573
167.1851688879454,0.014149557257867294
127.93961473828668,0.03348953619948768
486.0624963815809,0.05019645161870027
438.2235714050072,0.047234289258148855
211.60931117009176,0.03799339368646846
419.840036228701,0.02352298087805129
230.09823143434048,0.02267941468772507
402.48206464214974,0.026539730956180136
379.59991474725666,0.03315039767482365
363.0331169607863,-0.007370242791657988
-1.3965599143418501,0.027022764577516713
160.1946397138468,0.004064997395482068
415.11380950545777,0.03230981149085326
-69.52244503651912,0.030813381849328123
314.45880973089714,0.03298741837024428
461.91899308026154,0.019246437314130678
132.52742333009024,0.029183718165394956
221.33243249977696,0.04447700138897921
221.38918130341173,0.010409849168793825
13.485645200049476,0.03528441075366843
96.31189991803353,0.02115568035572004
180.39206325894492,0.04863104411436597
338.3587834979901,0.041535634350247444
40.57261798428769,0.0507429999658212
422.1083010097743,0.01891547153890324
365.7586648909603,0.031464913770212315
267.4892803842713,0.03193080901721704
179.66200310455895,0.019517139127960263
164.88019295944486,0.015383289875877611
277.1498738575585,0.012523525595921882
6.81047688298122,-0.005801823813786702
332.47343353392694,0.012444026654251556
168.19494129282828,0.03720390755583987
280.38721324811854,0.016813879845104032
466.8458995824273,0.02278495037733823
244.81032055382522,0.04532255296719833
180.24324369511322,0.043198883097588535
256.52275657114905,0.028725797474871043
190.9491179293147,0.032989527844458
345.85216320936297,0.03993006489546473
197.9361934346311,0.022288853710392097
162.95488607182176,0.022729524705027288
273.25601856035536,0.02507477744041843
240.2462414704079,0.04038028579718121
430.60564373516576,0.03780598501550616
280.6169546330239,0.022007882235725494
420.29881962860236,0.04045366529655908
296.39172466468904,0.03398461887190467
200.0544225532746,0.048082203678595045
35.16005107455837,0.0387047023989454
106.85653114328579,0.05524147542328377
182.50074220298444,0.03816207000006248
156.371307421553,0.022066488531559666
229.34319992597906,0.03245397899459983
209.83580657494684,0.032913022632089735
247.74348528729584,0.03967865127709992
399.5808851959941,0.03837084258701648
341.7834178432753,0.007407276277205256
447.80749205655434,0.03270006225969115
143.19333937487326,0.02341695934828219
256.1649119514287,0.03658889072837403
290.06896346356007,0.03835126213856342
40.26581498814275,0.041840240920709676
343.08846444029723,0.019416625943820702
-31.137936450349628,0.04152573466896396
34.66737366611514,0.032057548727241404
318.0314333016188,0.04052983051423798
385.2765340721593,0.029980432191302926
157.50743956416323,0.0327288116229773
348.30893596617136,0.03899732815568109
270.9895388303953,0.039986379603415056
272.2211932614846,0.03050576393333268
375.20928953918434,0.05492285245101766
15.71115270228404,0.01846636497772043
299.55414859532436,0.046421796713455206
393.828456986122,0.04522182493697597
117.98523924126886,0.024505285606386082
80.14351615390999,0.03354983885154544
211.581126313506,0.0344554992273117
200.14154832100468,0.01738369654650957
223.6635570601592,0.028696462411387475
270.02509380258317,0.03669612521042992
283.3705315592158,0.03365504040405452
150.6631305315745,0.02130571540574941
250.47159467662766,0.02028763170342116
272.3557328678122,0.04057450130260288
174.22265455414546,0.009310955492198014
367.56011481215285,0.03673292818544995
615.7218366742039,0.030131548339787335
399.53088810658096,0.031840662724529234
551.5658228025654,0.02961249591893609
265.0978930520327,0.009009675047086874
182.46800638155008,0.033141759801756314
153.51608594031447,0.01605928009230857
211.7688723717801,0.02812393841336115
139.00016152212936,0.03595090364452311
328.389134468843,0.03213953487908492
164.6743766389974,0.027058555771131598
142.34560933665804,0.032941091690099955
221.32838657016742,0.023138544200898167
364.191834218508,0.007909300644678225
524.4467058032228,0.017381287922007403
241.33844644079113,0.02079274157258868
297.96592031563847,0.03270336915744694
585.0269958493896,0.03146814193019462
-20.321879483523105,0.024828827972826952
369.8521688871656,0.025438983295900552
419.948495498608,0.0349568989321477
-34.298750329606435,0.0494727837792117
514.4683728342393,0.027231090204088388
148.2481943046169,0.022187871331156437
-30.763776501778125,0.014178222065784108
146.70273493402271,0.024735240228094684
362.0239830267467,0.0068812650165269405
233.1038033225515,0.039729038178784294
160.26984582244611,0.037864304035879814
227.47433383912025,0.032534441882746526
74.91800331380375,0.004448571469040371
101.20487537869465,0.028321127346685633
437.9317117750817,0.03558610514208114
513.6386859769561,0.04151745249967343
282.1637306513459,0.019567852788483997
18.774844954614224,0.003304366400648861
37.77300694619021,0.037952771155645826
426.12290803913413,0.02863240949489694
426.66029741977036,0.01832501123932769
-86.88593421483091,0.014667216288726614
237.134521013211,0.04058577643388072
300.0199088655664,0.022021953969156315
232.75889340297482,0.02919947480669114
393.7189610704591,0.0326092054291118
402.1679231594277,0.02705871748463071
226.39051921428222,0.042119092117823095
333.70185366848165,0.015270138091724826
268.43219122653795,0.03484047584992764
121.70416836003727,0.0275804998812412
401.3797980737873,0.018710102325643657
448.0787487103062,0.032012167807263424
407.74832016924995,0.02572760566611425
139.63973229352638,0.022390125426238895
250.20098728544926,0.03100895878646819
397.0869211551201,0.02442333218312708
175.30254113726306,0.01423780500443662
80.14958463034174,0.03388141786439913
155.5540184451369,0.02302116513376739
371.5788204669188,0.037455401672778305
-39.819091948466735,0.0356423897624523
349.43049708478696,0.008653892856294646
303.1151004710442,0.02409254232813202
417.54604340875403,0.023511633803269885
71.78232848249431,0.018404687968993437
225.73934906623657,0.04213040654251451
123.78674840689477,0.03715286598996622
401.78717078221734,0.037661884159571495
561.9410341860039,0.018226823555641022
168.67513050086424,0.03843175620057093
129.43654519836002,0.030178201019721365
159.87047948651042,0.023868423073007836
422.9684053920809,0.03451920073281598
68.99199322951418,0.04755162916922776
175.12047787015882,0.011910300605749134
232.93830435539417,0.027776222668213973
348.0448095677901,0.0329775718603764
367.690927390624,0.027732360987679297
129.90462756893288,0.013775613722142945
137.5308941085138,0.022127693320907922
219.4190059416949,0.05052832971942665
344.38161714644775,0.02849795325125543
130.8550333541545,0.03490651941139255
-86.77355312886914,0.03535569169178223
245.356496207746,0.01894000998754699
212.28167013658833,0.055340822003783915
196.84874520849192,0.014758881104850914
290.77909630432237,0.02290797568901828
212.65854604759483,0.026480191707983717
340.0760793660892,0.018482421125361664
289.36655577334597,0.03567478929087584
109.8260753816335,0.02209684502888437
91.76022016647744,0.0033122182668674643
22.877978621807273,0.00701849251151284
349.96990173937047,0.029049290874255305
337.8086612216513,0.05474081473876326
341.32485941919145,0.053998505225418
808.2802052691504,0.011029740152987813
241.55452228507903,0.015254326908298206
478.8721967053444,0.02754600656748222
336.15646169598915,0.021983044046612214
345.25997863944565,0.030568991270572526
180.1069422338864,0.03803098253899848
257.3053610324284,0.012641851137148781
386.87962450681044,0.024011564410450874
160.5393080650208,0.014795463572764537
123.7763024019363,0.010958168795166492
246.75925349597637,0.02494073159551406
164.575674968677,0.04040038642249587
280.8282317041407,0.02342647978551077
140.01382858245236,0.020006497459622935
216.3002883960228,0.03101502802249196
320.47720762288395,0.021862905155700607
142.74388266238105,0.03225074465387868
404.3664446831036,0.016337706129935757
105.21828575253707,0.051143277329422726
269.2593693534639,0.02794478776183787
137.32678699450196,0.02114628883718954
433.7228708235808,0.04052566231504181
280.65165995192586,0.045572797511045676
223.4679779187821,0.038647119321555075
342.7640554935242,0.037545950878364875
308.2673771108832,0.041777039286017933
47.06528422015157,0.025711312076716064
283.1793098145416,0.009065080689811232
-5.81504707678215,0.050741808386128955
73.12593279621748,0.012999398493770895
260.377252802008,0.019859709688175433
227.74438967768975,0.025311591037931357
286.8068195357873,0.0048562265458052985
257.9756977026416,0.040750930108620353
311.8445470854537,0.018279670071036126
382.39344395147,0.023959329385141045
328.8800432779419,0.02408976254591431
-50.08985003975499,0.018102883383962584
286.7243385650069,0.03975286904855031
228.2155095900001,0.018011911853360544
331.8719002521834,0.02978911555953649
202.59225248690046,0.014581719357040734
131.40004163219427,0.03944914126356256
353.1688696880584,0.029608111475493585
157.18367111989477,0.023543786346440086
576.2192460504266,0.02346390355162347
-117.99746566245392,0.014479329828845455
287.52968228790337,0.054096584117256014
328.9656358352528,0.023493624444273838
386.4192988786108,0.03771502343319148
385.1617545670506,0.042557470585338195
85.31864782419473,0.046531729896006575
72.21152876902798,0.024406049159128616
469.5759771548039,0.02163292409983745
-73.36598321751944,0.025705736693351404
158.89287746125348,0.011358615337997736
87.17450121406569,0.03080974304969102
357.6756456522494,0.043198662049746143
188.77461959905497,0.0032018375810918577
156.25362375462475,0.031612971655103454
421.02591050923905,0.0274573145172303
347.9950405735192,0.04688511514793772
154.75464305256884,0.028084700037675974
242.09184719555859,0.03518801623820388
154.3659602608157,0.043501134195586655
12.961408694824769,0.01713574221717301
329.39484244203726,0.03032942300505732
314.37018050990673,0.041764413270817646
342.3579926111657,0.02995006612690923
289.68448758980867,0.04066152286362973
61.20010536505552,0.019322208212132187
341.73906002397763,0.04462817588746488
115.89367406491647,0.03669901541708241
-11.582146928677219,0.03424752313308932
229.18491916539736,0.020922626182591997
265.1973678842004,0.04111066961930492
121.69345471339673,0.019137983985772364
409.71141365814736,0.00669793858870197
284.4557978600246,0.04075563062826933
154.89898791467135,0.028549367563457256
374.8223547582793,0.05392328878070781
244.04845327466782,0.029567672186187794
54.170286748900224,0.043689511923731626
209.19771612730253,0.015042914584300066
143.88027091958705,0.039615232991901755
277.4388714961316,0.05076950649213709
302.7411474723905,0.03750013828352394
341.78103668041115,0.025678676035367574
153.7800460419594,0.04853550040509201
490.03167363453633,0.05370393091940774
171.40605719830677,0.006987856783456429
345.88737678636267,0.04453950202925505
494.02418351023704,0.02408849637260886
95.2305314915979,0.05259998853812955
469.4426690696828,0.038187950301747556
76.37578058787653,0.025055113240640813
287.03633507978725,0.02413896653648975
197.11693531038995,0.0299065258395833
313.289910885376,0.020100866845008915
92.87271959490323,0.015352182687022875
253.69942742078157,0.025640122626626394
145.0417648000273,0.041559421519783625
239.38398215215224,0.03603992547773381
325.7862860986546,0.05212971626017816
343.79620765499,0.058911053540237505
452.89538049728174,0.02793603863492742
218.77262654511927,0.027122604734296216
606.7597710405745,0.04898576100975294
312.3960513620705,0.04598771132250947
318.7494607044049,0.03656107900849183
105.60120389249394,0.018111864725651558
111.02960335950812,0.030960401639878822
278.0950001877878,0.053097069196558655
-10.590073225416063,0.05302883713622646
227.59044792048633,0.01276139157700204
477.78069027655283,0.03652746293356386
332.93779391035747,0.035965492252447925
305.01075674073974,0.012026296507634801
237.05466879709394,0.045765843806926304
294.72945131889867,0.023496539947847672
430.94599035483174,0.03466569228323487
190.42492221210713,0.028295092475129735
184.76985830168476,0.04385595144375157
168.98040591556747,-0.0030722796353543635
75.81914536869468,0.029843491433866037
443.66660087370246,0.039195677289860224
365.467440761634,0.018374398613013418
202.8556804628097,0.0406381621999231
53.68591841790527,0.025665941132597164
206.88449610699848,0.02499004311679154
391.7011792386555,0.0007712644085909257
114.08548427410923,0.03198197583251821
171.98431306212046,0.028216853779981822
162.49669158650488,0.020968911569847183
67.77578813806741,0.041871157554262746
35.91373193743826,0.016189047598268808
159.56625793496056,0.023642856617506383
307.6745571569653,0.03265637103131753
278.67799108833975,0.01118444786221854
164.09188737794716,0.03654483157494004
234.0439406740448,0.03082818358596026
391.5083536932502,0.036982519260582734
-0.9240100428974642,0.013325033792990645
315.1229858269448,0.02283998611687215
342.32021961207556,0.03949569813287066
28.318760797348943,0.04563420974904288
437.02710861412277,0.032092819698362085
305.06380537134476,0.04455671569911035
38.94891932462539,0.021933891283322418
500.8727837594869,0.04024251674914763
255.20187569830603,0.04059332923396986
177.2987765568889,0.031081381310328983
346.0083832420443,0.018262482014980017
143.47386140257447,0.017855188911047017
244.32837007672458,0.024585876878504734
370.8767773568952,0.009053359516599913
147.09296764681534,0.04853770354586091
486.8718385952471,0.04850133019162781
589.64032130551,0.04589234870190782
310.60874070964314,0.032657142604178846
312.54785052641836,0.06163897556128842
275.89446144452245,0.006870394642056868
198.2415693977816,0.04790181242346453
394.91186042677305,0.04548621846218792
553.6308342576435,0.052204786159458366
407.6169935604162,0.04238308364976695
142.08733911649358,0.04256803732490869
50.616975052533036,0.03715556335211581
385.03520807523694,0.025365546792671688
338.68215023828327,0.03436944949142967
347.67486432450676,0.02630537848557947
153.13913769383396,0.04807971658252218
281.8390524623907,0.03226462786171636
245.80279101467718,0.03153058901447602
141.94643296432525,0.031003301537890698
159.86797978270053,0.029339572959938796
519.281933185769,0.03322820988058922
147.71681788115188,0.020279780946430383
116.223402587919,0.016001702052742157
287.26955057453847,0.028741220177046056
538.503647694176,0.023398182991501475
432.9425802196489,0.028539200636866806
197.1715470276409,0.005415128493154713
362.6663388308617,0.034962244537761235
102.14693048277996,0.04110227071330919
277.59589513159744,0.028506253422724375
139.46131235131548,0.03446928707304557
75.22789422492002,0.012590364287218835
186.57297890801584,0.03561214321160368
126.00002230629259,0.0009702949061941302
247.37645900872496,0.039917110542144224
119.17043680625065,0.038874242383711816
555.1632313356735,0.025288061045755733
171.46969039764863,0.021617361688725217
447.66846006971525,0.021888047875039673
285.43752970927216,0.03546449349718755
277.9177981335356,0.021146443034560584
137.7833065818815,0.015316607195949723
52.766702188120775,0.020781020193488563
139.47846217709963,0.02419480459088304
-114.06172149810459,0.039528737537541325
92.8720368785047,0.014372027293937998
263.48185620529136,0.028030508667635002
409.4117116241449,0.04357814187704852
20.133472882573045,0.018470677994091984
356.100604068457,0.04416291420795111
174.07624644326143,0.03419111162845138
237.58858201923212,0.01989277296515387
352.99274847409157,0.036595802463167494
219.7789098547427,0.018457627617190463
114.07969714819504,0.024527885809065557
78.33929473667763,0.034752693528743654
148.43824410621454,0.0337449886060779
174.72763491100915,0.02930561872694342
425.65539465571595,0.02590952882089958
172.4151299653011,0.03554353243613218
83.60577982889615,0.011289807994308777
229.03564013786337,0.034523855015062985
69.12327659329091,0.049175549493755646
459.3046941214865,0.03681624539890928
309.87414877610087,0.020245086944296047
223.5358081236203,0.04674722380523251
438.92335964188385,0.03149364638478337
161.7328597401387,0.015485461206444865
203.12182727187565,0.0160730576705486
250.83865794091756,0.02685285410731827
81.90130744796127,0.034979699585858774
333.7027365621482,0.027214530261108764
427.7827788937593,0.038524044317231915
591.3209614971333,0.04439038821460685
416.4197297063034,0.02058208916250743
238.62628636263636,0.02460628568489786
411.0673582426598,0.02774943423418254
63.694656357368814,0.020245107779670125
507.1789167260917,0.048687875375613685
432.0547982045614,0.023984439379954654
139.13143774766485,0.028971954140501736
213.63448367759761,0.0297498335812382
350.3249863584183,0.03750884703550508
269.7766085145549,0.009688180316484711
209.66458406310068,0.02412284647470554
176.57621453835227,0.028657334103682635
430.99667295116103,0.015124349730350773
177.3117981436219,0.01903563663151675
408.6580646272072,0.02837079233219812
193.42302492484774,0.034716618322200986
337.41956674024766,0.027422442124877672
-4.875919260961865,0.009282119063734398
400.4694732497517,0.03114489665570094
160.155146043475,0.022084701500393714
282.95080631454806,0.04506168966885932
211.07760941435916,0.03954989382378136
515.5085252730255,0.01983482755312376
169.11022177317443,0.05204553957859247
114.86054350004073,0.050597955176707045
282.83929218173853,0.042475484151868276
378.7524285179039,0.02346747101524664
238.3603817400081,0.04455253465946213
314.2710872966412,0.031204593981230024
99.58788355021551,0.012045009632476587
73.76528667357675,0.04016665905070474
233.43680011400093,0.053654837057616464
388.31979875739626,0.03286525006857013
118.11781653984798,0.032319526876644314
415.5518802485735,0.025378372293583674
450.96176917793576,0.04469974328542916
87.79131421995149,0.015314895564955501
165.6423412888438,0.0051304422058115785
447.2768286941764,0.030962640409463484
314.7030850241506,0.022735245664820367
249.1300260182778,0.013598110030912696
411.78427957736585,0.0406046504130845
465.19116963714794,0.06022214008613039
365.42541187888924,0.02625447853227126
267.2145273950489,0.03746587119159715
378.59043572097016,0.010341770780838571
338.6476073137665,0.042025813841187136
295.0145604767154,0.03060463627173163
213.34135481707554,0.030790022790749067
310.9746914901406,0.04495969326126199
372.06254715586726,0.03594495401948243
357.9260598972478,0.030580575947497704
8.345888038101236,0.03758197358573639
201.78600025609873,0.02675946942630653
15.775045128370607,0.03617672547548166
239.2158975963764,0.019317790740698858
396.31755215200155,0.036166269798770134
287.2834179127198,0.03560343721955292
344.7030395799206,0.025080893020789353
217.34301909168443,0.03826145837654201
339.33533403030697,0.031052439336186184
230.74454917614392,0.023768615444678187
227.78323003223775,0.05338401063696448
-73.79356721372392,0.002086274769253719
229.82298769556286,0.028114775041057315
71.05908190951226,0.028960809983137447
338.0337581787362,0.046423788184943325
152.10933198372092,0.01049052466224952
402.07303620099054,0.04195070906156446
254.50413357983285,0.017394713331397367
219.1455842927158,0.050034173690181705
235.52895421136137,0.030098229432636674
1.4972026201066058,0.026851048899885637
36.25206866900254,0.028118058865145786
260.7646090139749,0.021008014489012163
459.153597612136,0.033190912673604175
205.0297150392499,0.01740479049574635
322.45941457413215,0.028451014207641387
481.7292618274813,0.026362916393078608
520.0357647729672,0.028192848524972083
251.06298233395773,0.043494345529036756
512.2550805394962,0.02177596592180546
151.8050630576723,0.035227427191251666
296.7109655191265,0.052764642349879265
325.10618185632006,0.041376099960615594
123.61905753416403,0.00806089517766595
180.3463125554269,0.03369718535208462
422.1892807280602,0.05215714022256836
278.0037907069602,0.050986055479214434
450.29334499086065,0.024045606559306147
165.72259986410495,0.024244848614785045
79.08784591806588,0.02227270913539605
545.9388976198852,0.047417821752219265
286.80120499800273,0.030666661270951297
290.03457383635254,0.039433758862933974
149.74079536995254,-0.0056764442953520095
194.1236224149342,0.007971740309211928
231.47405320512954,0.02744808468646815
167.89039345433713,0.0061350982432308195
284.6268026280994,0.053063463493529375
-57.475181863086505,0.008892483436540744
338.91625331409944,0.014771157581077648
297.09935861018147,0.043255327333768176
116.54878115957015,0.01849484835848962
363.9990636323616,0.012266132184236007
359.29104504582915,0.03858704061239129
225.84651248302467,0.040807458165032055
135.89395516922437,0.04024819043920961
140.51886021354937,0.017633725992264496
161.95460615849004,0.014876087388597975
564.4416459754393,0.012331625077076424
282.4779808684357,0.0393822111398907
174.26864310582042,0.008310108984843991
300.0719594355225,0.03923567007740657
220.80575628202956,0.025596800284077296
358.91067373398494,0.02005665476373753
235.67628587465205,0.04656886043953681
-3.879667104592869,0.005441430008391205
213.2554100481177,0.05237813148516396
506.63026975012446,0.03454684605792184
18.846888018323483,0.04134634026663918
42.82449656397887,0.028974299381368328
220.741523817005,0.05091554326472897
206.45444201673115,0.04201266343393872
65.01604646931474,0.02264252956466909
157.41808221726978,0.04409432220047453
138.1055690404475,0.03473429842034348
96.39149126512552,0.04579430902433142
129.16769603488967,0.034512265674293434
317.4962652273726,0.033181468637225514
88.37463891217831,0.02804745411062378
225.5903393924401,0.03741591888825364
448.63500093208313,0.02363158040657303
216.23891802627213,0.04979496097870146
252.68865180839555,0.047521180682557514
175.0244993766665,0.03074909056737132
188.85065278153587,0.03132996949538218
239.3333798792327,0.029315245751525245
350.11490333115677,0.047195225925701266
275.60793681780547,0.02128423696377202
357.9193354218726,0.03604050441813069
201.33211961888696,0.027501213700541004
418.8785296045835,0.037939568568757444
379.26884448241697,0.03768266909155556
525.3916140304195,0.04662019328469518
177.16604630217574,0.02538505282200383
310.69467793865994,0.025377927812190455
155.69366830141038,0.027431882146932138
38.95922902009568,0.022833131919821646
126.86691298263936,0.04609011784731063
307.81498543303945,0.03795254942820537
381.6220091364154,0.007463638786764915
206.25506218521696,0.032107561739595954
175.66609882156123,0.016380118036737626
217.8267409085257,0.012599909981782318
321.5661591110912,0.04568484183190857
443.9230025616889,0.04128862173811801
426.2854901173828,0.03673115584471843
385.8605766010411,0.01800313780040997
493.70296983468904,0.03734518055354899
484.1477094447245,0.03500185235330475
277.70851913329864,0.006948207673193728
302.56001826886273,0.01842092230084826
197.5072821684663,0.031078894457634378
52.70409671502617,0.03109660631076886
236.49706088533804,0.03505802253822604
208.9326988887477,0.027022148534469277
172.2134201228865,0.0318485872669077
181.37308464360603,0.014842301636228293
260.1960711273283,0.04031760298124721
165.67585656830494,0.03702349130102859
154.4673142285851,0.03307061112314619
109.47574678475951,0.018246158601779007
147.60211418450876,0.031241550805705624
286.57860028046764,0.03290688212294817
214.78738281422082,0.015258756336794778
373.5240368339155,0.04254014154515883
360.6986179735157,0.04187700309780441
147.97189150303626,0.034729263229180476
226.42211576389286,0.046505599639978246
179.01899516458587,0.04360583555357157
114.45843063272883,0.02700078817704884
278.70733879575005,0.030005446107624578
171.82488884968038,0.017530755580291844
468.0147994268896,0.031829922887201545
443.1340931919101,0.02443771046734321
207.7758222488012,0.0338855315020634
43.223692798765086,0.014256486292426936
477.9813755831739,0.041390960464405054
437.8581552756085,0.03855050532687273
487.5340049499183,0.02144618736743283
154.0346876258864,0.011148209135037217
265.94278093619295,0.03437741109461492
430.54311085097396,0.03645298028890915
107.0819236139082,0.026256118337472333
277.8869734154711,0.043794877131687754
437.2358283574714,0.040284635087379776
255.05689412210646,0.036432235449250915
261.5128486607947,0.016969108303922904
188.20306689049593,0.033754300320251035
329.36586773007457,0.01232422392972473
218.7208451112322,0.033165783399223984
481.4450957822593,0.019349415144617584
572.5456981416091,0.037489045869659655
225.397897940121,0.023195144106988697
160.80135666038046,0.05310452796604843
333.0590235278081,0.019282086829562995
85.75590190645116,0.005100769771265678
564.4735083042322,0.044215779330791315
272.6238329931371,0.01485910505943207
325.0977758605114,0.030002899851807836
283.8471274183499,0.03517893824760419
325.1016916898676,0.009626649648867176
472.45079734488723,0.0452141730083673
344.4889375012465,0.023960531643271415
613.7320435529153,0.017574853988936448
243.73106331645621,0.022311128255764194
240.91987809385012,0.03454621669272133
322.3568447071535,0.06052984419744273
315.78024675947756,0.03872558043294022
202.99912750494948,0.050499699327092244
298.6566064595248,0.02332192454483676
333.01353030571,0.03570430246820356
168.40674130350092,0.01986335733677967
219.38761517669022,0.010372770127499126
35.19835478332976,0.04065686617829871
139.16052923634248,0.027104763725975034
339.1691693114617,0.03710988390277731
352.43789560349865,0.013655729108654653
180.94779547482574,0.031051372856401548
53.010862505091865,0.017931805401901146
121.77623148560093,0.02090493769841871
246.67166024035606,0.03515664835700265
232.4028145787365,0.020479050936223066
134.18277867592377,0.015396748020569909
64.22252126712294,0.00414369717914204
110.21834119757048,0.019857898148292353
317.0875399572953,0.00997738068828155
274.349201702122,0.032676261503821656
151.33207630694864,0.0413994939564887
271.81264866888074,0.03082841465606864
196.3730466655095,0.03298379423675146
57.30022834649432,0.03018784071878171
360.08696626230756,0.03845806433335811
498.9956077190569,0.018635923373279177
284.28409618051063,0.029463800576431488
68.55244539075298,0.028861432872391537
278.90001927557614,0.03938971806053087
165.47999871254035,0.03643491551390761
102.71103731128784,0.03727696489045702
248.64279161333062,0.023838180914595632
431.4459012947471,0.0411368986593449
230.00401393869646,0.04024592310221488
266.72924837913166,0.035487925781814894
229.38904412625834,0.01236281904283865
294.0954796442155,0.006094096417760261
240.94438905417758,0.06582707238983501
92.64583064303963,0.04452141278218214
282.98952915602626,0.021026706064162036
304.7049636953123,0.039523429571454716
398.06490815976406,0.06031355522151345
320.4239249166279,0.027762458936870855
77.7131020888458,0.03309558702048404
125.90944392715446,0.0024243906608277764
293.48678519018506,0.029464750646433963
245.46156495527785,0.05064025209409534
338.08482162606606,0.03450130269946526
7.0876258005664,0.001600391059253723
445.20542534515005,0.02809536181890127
376.2286068768761,0.01754616984041006
215.61786943614814,0.046884284109376895
426.77749696860957,0.045969019220891034
388.3940032209148,0.025265397079201123
105.07438317482504,0.036215163790254065
245.5739080339191,0.029673883137971244
260.5481396217743,0.015471255067878206
77.9031118458515,0.03456632428795711
507.435630191017,0.04556829411505631
438.78204395827186,0.040366442155328454
438.8255927688404,0.05645759483428696
76.812069081397,0.039691344616656424
155.74075518084464,0.013797516673925193
401.6981660454535,0.04807416852829941
178.35163133803732,0.034669097196856444
365.5654573947367,0.025447255885419722
300.00224768676935,0.03690367981725961
79.71615222528862,0.05211887346187284
248.4256446853045,0.03356064221710082
351.6565577419887,0.006640284194909009
158.16055581194323,0.00912155192907628
319.0896045609012,0.03189406251866991
174.91965245718404,0.02787549291236762
120.28431985207467,0.04075404412045437
330.4333489036246,0.0180250502959442
190.72140936377608,0.03185907689118035
219.59132504563934,0.036166005367035285
478.90981132433797,0.029005013509396146
18.414283305230896,0.02117681650836108
181.14955347300634,0.020807340957614027
99.48613672741587,0.02962476831091117
379.61455409689245,0.0513516846568344
611.8726741333642,0.023396244815411915
124.50743070320664,0.015441655225956542
430.59043326798735,0.015223502543258296
324.6291534311254,0.03175641345135402
441.53922357680887,0.03716331935750861
182.7527499734809,0.0366588536469427
407.20618756538244,0.036656917065728975
385.80330188529166,0.0304006117975381
222.93535394562366,0.05038650583838282
91.55897329389822,0.03672466735822748
39.490690942376006,0.016431281775997307
353.2147367428851,0.03205817420112912
99.74069440950689,0.035596906988523185
212.3902792260742,0.048050146198643326
177.399294793835,0.030877944781235987
299.26538271309903,0.04167607758615768
382.9003873382636,0.039591625351492625
146.06832057937365,0.03217309364440405
76.0341385808155,0.04939388810180402
373.7670285219615,0.039564090575925116
349.14805258387145,0.036219240936883064
295.62049840383565,0.024580860623652258
283.7150726063363,0.037938277462788134
222.21956837269485,0.02841629283967296
74.10914393477469,0.0420070272957295
221.01525382781514,0.012380041707519347
583.3890431418406,0.030844492128499955
154.41476981832776,0.016202050115484548
72.56076029652769,0.01740627694758596
51.6939887145964,0.04320150970032771
128.84926189124724,0.01965623105994844
19.274616663571237,0.025666778079640913
265.69968226198125,0.030958226720217783
441.58143494514445,0.04166610498465116
72.29565369953198,0.03906688866703417
285.2761602105896,0.02300654955542436
320.4183129408709,0.04934813223220317
93.28279693071448,0.026271222827019287
320.12517980177313,0.016414623769089007
289.3738309228716,0.024404502675673866
56.26922431600579,0.00841324702906334
248.31519785192654,0.04924805658467932
241.0094988206744,0.026369334533957213
489.5339977596565,0.04487350707872409
266.52848029713107,0.021764208705384713
124.01250581743679,0.027794517068055725
448.9858068992386,0.037954035607962094
111.48884104403004,0.020787952878794445
-10.58619439735304,0.013878855315499504
-42.8008606263474,0.02215380783750233
-52.65608145130716,0.028719594059111654
269.47584601750833,0.019586125912792803
309.9219007021546,0.013901426319781831
340.91334280925,0.046409926062625034
354.18122279886865,0.04697511883638482
268.0450086488091,0.032152607167760555
229.65509324659914,0.02111844862821361
101.86405497512354,0.023209290158985936
343.03243132228783,0.04763488291842673
316.05255298880206,0.01734359551220881
318.7828144849377,0.03918218895218691
304.3602295022073,0.03426931851023368
152.07569793206815,0.04060299630346498
27.586442032726836,0.04178079340375239
199.7374833766854,0.021233098051035168
260.0731629769604,0.01669534638770376
322.7697091475902,0.04113042771026408
218.41416454296854,0.023634116039013515
216.8601669255431,0.01875801980272699
109.51236586544442,0.02771240438623395
-12.534935722598902,0.013789530109165168
368.36296029341025,0.025964470456043356
220.9455040730737,0.030106907567750717
260.2264659882293,0.043718018025238885
162.9567710803405,0.013258860892679924
249.0729724646731,0.012009703752616258
5.752270079351291,0.018566575861629294
179.0247122999111,0.024702937731975412
309.77976746272697,0.010951450910269205
290.45566952578713,0.02835754239560216
198.07659967291877,0.044127446110956384
38.1864552132391,0.05807592410899562
506.12340443947085,0.05904535503278806
176.56691484361394,0.03667072084068763
276.361781522569,0.031009182779050536
152.9218512710045,0.034671388823147783
368.7422759845184,0.022903494511788303
368.5761672710282,0.025123179445470375
416.36550135116386,0.02192512505900213
88.0135567495129,0.037268059328313015
299.77511107505023,0.02159675592210415
455.3112213862454,0.031254390597033166
515.3193202704055,0.04077264313643954
243.7527718452268,0.019800417762325905
456.5076218042119,0.022892603169645552
107.57978033026842,0.03685282428676996
230.05895623912994,0.033851966654251955
208.22367416235454,0.03767478925231338
437.93215549054946,0.034118898877854215
283.85032731607646,0.035510735616586964
323.2518768438295,0.028020318884368917
215.94409545767087,0.03820871857344128
355.2214832381684,0.03744531086922967
272.7007099786577,0.020168586759723828
217.92263755345945,0.021974763512773523
394.3722589885368,0.05148618259640633
192.77283595792198,0.018182889645556158
131.85924784335003,0.03213554652364078
189.10340116594097,0.03125996900535864
416.06208256201546,0.015245513892259505
250.256276097853,0.013273650562473621
313.39782304718415,0.010112068720199253
318.22909586537344,0.031629768898657394
286.1362391815671,0.03623566510758355
240.07015371057133,0.03592543940578444
205.81147951367774,0.03671735569956784
307.05643602785807,0.03971730436949843
248.7608673910736,0.032694804031270085
248.6057625402338,0.026056112874845376
181.81374479935283,0.010649761442306276
401.4326700617255,0.012204279874073291
161.87895267493474,0.023797441978710705
188.48955635350703,0.0507122895389452
150.35927561662822,0.003404918671943327
396.43794335313976,0.04401409728677805
260.4291515488451,0.042312182714212575
-18.409421486057852,0.01755470504213608
-81.14924996754405,0.024302315194303623
256.53414396611026,0.03977537893911724
-254.0471578448262,0.02386310076450179
7.3749194605507,0.039482950167259126
227.99552093635594,0.035648851477941196
367.3656070882711,0.02824532788485422
435.4816901667232,0.04242275991396925
397.58111678659566,0.031528568836817684
468.807983713598,0.022419366279137674
484.43206974999714,0.03278010262974655
361.4423183759543,0.029208684539816593
80.09886367458981,0.04411961152874608
485.299936913651,0.01530948685975492
167.54730140291426,0.03230166056256648
182.76663981588996,0.036173867088429304
94.51450184226417,0.03303788752927263
184.09209852844697,0.028943043173915016
396.95078246501464,0.034337318455563176
166.64885702730794,0.014955802471977508
-10.605079212634905,0.0390460724023545
501.0466744721716,0.037071912503748715
307.9360094372763,0.04966448008530239
101.87056343231723,0.03991517071609517
218.0766758367836,0.03796930804237912
103.78534817740083,0.012235694430801015
231.4981807093532,0.028674238232178868
241.6935884434249,0.041203445835317515
312.08015080032277,0.015259717818002467
426.99118172298614,0.04116866843920637
424.29740630260994,0.02628958456072776
186.0864263286372,0.01870039811179018
520.3157070586219,0.03204498496885015
226.92943504873233,0.013723786298421529
174.9566697612173,0.014898288954503382
509.5336077155287,0.041072284414918864
223.21743913260275,0.031025334912351713
462.0071007573809,0.008273152156853338
291.8084862473451,0.023330711171503617
378.74439060964585,0.03054088100591974
148.13102410810814,0.015341239767260569
250.64472314338116,0.027203177068880872
-48.476485950684264,0.019935442212142888
393.9709771306405,0.03284079975160885
-129.15243325477178,0.012400050108329255
366.2421232847973,0.029134153856872413
414.7462106556195,0.040917928892931464
385.73267252789896,0.03333868626723035
283.5987956263462,0.041480781388063805
72.70490467397312,0.03198069042187779
362.0737968717227,0.033982108415074604
317.6331033847945,0.03354830453051054
306.23519314616595,0.029492628275321436
327.6727031809177,0.03309801577427981
-30.47287395624238,0.04539417570989199
280.9887162717924,0.033894863911170275
476.5326775285888,0.04190673754484141
113.17179228607645,0.01010830895622242
427.0779979682221,0.015706990995232047
271.55118013423265,0.019543398526926867
166.3524275890912,0.03337484556801283
450.7521486643404,0.021434869257253734
299.4190001254379,0.026871350727263814
123.97120123188125,0.035270998306297784
2.861262645240288,0.0008550608358057592
-126.91121896855861,0.03290724182488134
279.0045071347981,0.018871072382864548
143.9974904477314,0.0460458577142618
145.88287607736638,0.04118818117961037
244.64722850018822,0.025464704803491757
360.54864838225774,0.009617535878258917
273.1439324640119,0.04368932596694555
-33.23987889040512,0.02691548168034764
467.34985972273887,0.02937043418065045
185.77097359163082,0.04904194139192806
218.02848583747516,0.045198177459035864
149.1177227663547,0.03461269138742354
194.29719199241106,0.03339410473223228
279.56445806847535,0.030677155051308372
314.3316868278208,0.040305861359239276
447.4768670284386,0.022945400714453324
120.46690334380784,0.017720901421206598
187.06297783332812,0.024882997011818633
436.257986358872,0.032940866466724845
61.274386875034594,0.024807972064933927
137.2144823393844,0.03919812424542794
440.0337634595579,0.04260234405307349
322.99837618593585,0.04312780743633228
290.36175253821085,0.03897751658533004
-192.83204591474657,0.018506754270241094
405.49636692756087,0.033941850173147665
139.779757980684,0.047999888321803685
38.12745094902408,0.024791719078214064
300.53560476879017,0.015835670957737136
359.98377370006034,0.031405646281189394
91.43451275562316,0.04616152631797985
374.30239363619177,0.02436713533153823
226.32446393079212,0.034769986541802286
169.95826475884454,0.01219153434711365
412.1969286779215,0.04302983694978127
81.41191739211746,0.02042585673884576
235.44624556888436,0.03974623727536868
200.75947656329745,0.018039755287860743
212.6900100196575,0.016532078723690682
179.93893852936662,0.025555253047919946
351.94468955495284,0.0320052951604097
347.0414431492052,0.017771371648759107
166.42573616342366,0.020818482796791632
67.1050197167493,0.04092365052537271
132.09423176584815,0.012322317110319805
165.56700846674482,0.01844079214508931
107.8810562300298,0.01605917936171451
286.96343134067035,0.03861552967018086
321.4994289445907,0.026208619859752594
231.50940500215546,0.027822233292753965
215.1959828849761,0.032173364163374955
427.40724687416343,0.060621832501602045
88.17657525515054,0.034065950675221314
346.49687315088505,0.04294782385648249
312.9718262329933,0.03184114562538106
277.338070941365,0.03296589544088245
8.209681796275504,0.022335913006979877
60.59968836250309,0.03351163791041129
365.8157317048163,0.05901583602102477
141.9192496544593,0.011619949996718542
293.75667602781016,0.020544708969539402
363.4870769275037,0.02209157155782177
240.3109909431012,0.032076420856791965
145.9245582867038,0.029535245271857385
240.23344033673422,0.047474967957731554
339.2068131394276,0.03724674033411063
103.18866382861353,0.04074414719348133
351.79617951337445,0.026678636133473915
257.3364513280205,0.038527002116147326
95.829793210872,0.026749874330062266
42.944764562455646,0.03484335458673039
344.8491931396132,0.042309511821135945
487.9269824742139,0.031796590224515746
518.2336978432544,0.03520522583246734
99.59274236917454,0.03674474289749673
565.7539172911418,0.037935465915136836
156.97186197611103,0.03867057702860537
154.84342541264354,0.038571784378852725
440.0533245936353,0.03205300186103072
333.88073371614826,0.03059122489349317
211.88753639166967,0.019863524575195718
315.2607298213204,0.03783380465224565
323.2833373174593,0.026170506797111366
236.762420726371,0.04533394065797412
293.1830099764167,0.012471545326462951
376.96802886246155,0.03349821761894464
482.1309120877645,0.023318200397707392
366.59783089411155,0.05451576056461185
138.8652863498749,0.019333550995777153
376.08919076493623,0.01718488550423277
236.88359565306763,0.02923018376801534
447.56431412996506,0.03664904695061266
98.65914667522961,0.03421831880216229
245.94204617314577,0.04632943177471906
203.63399197822636,0.03265158368694016
144.8565662592152,0.012209890306051605
37.63747440359427,0.029382991580738697
258.3522280429523,0.03852669927139813
396.0919061820491,0.02206176307293311
190.790933933578,0.03541289188050206
433.0815482420005,0.03049376428371565
374.10544906035017,0.026887705661239446
391.7781559936731,0.04088551411739649
220.90372537742132,0.0176350023980784
192.158617858668,0.029177353966060766
257.11356295020795,0.013249527883123766
407.08043096803794,0.02884750586218956
378.82728309162417,0.02614799335833335
177.01854378754285,0.03728279714090904
271.42591725115693,0.025756687496514653
504.3903956110612,0.03204000845186292
318.7571396809154,0.025899617461954762
169.73937354010428,0.01326381750858564
158.45608428803496,0.016530474266584234
453.9497916021843,0.02157861684939087
406.57892484017907,0.030406653222077626
4.064823121022641,0.046051731669586565
296.76676914735964,0.027938977490003514
75.59629123221447,0.0389886254614734
369.1759810539254,0.037524013197735066
209.58033201873843,0.04237272862605048
-106.01685301085541,0.023691398103318703
150.05232066187529,0.02944484955328756
223.96424671011678,0.019933534891945617
294.5343541741899,0.03644536382859024
367.59999519651035,0.03591068768745932
210.95301333426477,0.027110701320864416
-33.5096619244589,0.03778529883209791
140.70729503988858,0.04135040237586324
232.27297473806175,0.025376776149385674
168.40871120240104,0.03277843205558873
143.3866030529362,0.030915945593064487
279.2639598370786,0.0250437617571647
411.49373994104775,0.018397264572141137
78.21708650592834,0.028345389478292623
212.32656416094807,0.021226257764026896
332.67839081858745,0.03673568760511759
226.0158368556394,0.04681517357397501
563.837110601141,0.03548637129587569
206.2593640634347,0.023171765571850602
165.24900900515513,0.024305135031417444
248.89381311947218,0.05064003506394367
405.50023323330936,0.037300549908558016
327.43497056887327,0.016135724255466947
194.09809739304703,0.001378572369884052
202.76654075697962,0.010964529095284385
272.8263744877406,0.02062700749774055
137.2100231172959,0.02922343390334667
207.2055982084268,0.011772974803589367
94.92586658467744,0.018712092723119165
77.14246321062052,0.015210177371906606
103.11780988039868,0.03764673050015061
101.29717803732206,0.01554197043097643
312.65431300634935,0.030568834456777567
163.81456381624636,0.05105435324663801
282.406795337066,0.029567255470054413
306.5617394932198,0.04412582466421776
345.8804213431348,0.022038762084496864
157.40970606550917,0.02483817288434627
-2.9512212786613645,0.02717434433343457
546.254681840358,0.0281815104472009
496.0880709372228,0.03052858455474574
307.182943714066,0.026986604224093224
477.6308486970963,0.03767827199493275
415.14271774809015,0.05516599840929391
61.185589270675905,0.009863772169845263
222.7119291703581,0.026365760305074183
149.7052735728494,0.028279649995317818
218.05609174730222,0.01635189158546597
453.8527693633112,0.010593753001627678
135.0479612552511,0.03248134006505652
187.82248238203258,0.026749299676523633
236.84711520000536,0.019197904798380662
190.10552116635355,0.016350024828665377
308.6086141583379,0.027582855501989193
328.61905891124167,0.019958140721748823
220.1141168335016,0.029785037260766763
263.7286626386925,0.030162027357222045
234.26754274063398,0.024704445489559405
522.3967142159959,0.03611020147533718
518.3564977257192,0.040411798907632676
227.91374749661063,0.01731882502080266
370.0439837354252,0.026662148795919605
140.3081440112086,0.039412990234662944
16.21706084842947,0.03499879488105468
384.4309838176664,0.020330568931763777
-12.315404415128398,0.042694596500745266
220.54588761943702,0.04741892381158842
418.0603761430292,0.05297878933366135
182.2936556943494,0.03418160715953424
298.6878268036506,0.011965866230454949
203.237280309432,0.053823513606243864
289.0736549256687,0.022730682277202954
294.5009052011268,0.031297375298382
393.8984265836622,0.039045236448082984
356.52248947264184,0.04603682015362329
456.35915910644246,0.04334652514268505
350.03061831654315,0.033166114395166466
210.14908679570277,0.028703141498684217
304.64042904684794,0.044492112391815816
372.2278994927747,0.04561630290929462
573.658498130306,0.036800146734356436
450.41748896747026,0.03180698111849305
447.8642326095878,0.019754726692517106
388.922028216346,0.024546655515139675
539.8249548131581,0.03604209019113997
304.90863334229243,0.025694660675541516
216.85167362443698,0.016558397692946692
237.48945943112423,0.03234363668741219
108.09478066431171,0.038203340024871586
291.7555177836408,0.03484918117905776
213.51839034559202,0.03122983793258602
526.4945455431234,0.021786359627314116
223.30665227959253,0.021616946770854063
337.15038004288806,0.022425247365393752
360.547082103639,0.032487119600256374
51.06729568163408,0.03415248795103239
99.89778223905569,0.01401870199677754
-14.615359036198186,0.03392073872107622
406.5613317176677,0.027801759656621558
120.2047217715677,0.021809970733532486
386.2884896271364,0.017119784512011845
270.88400238996525,0.043096126667654416
276.91333414946774,0.025829861604836885
91.90996888701875,0.02669857562602632
215.41196834825146,0.023811769180004414
510.1874945511427,0.03817182848616588
351.9794833207777,0.04649248135896604
417.2617878914514,0.01660671944692186
109.60757538102789,0.03534505629825593
329.56387534497514,0.022730311975914894
356.65324170602287,0.03922847522866776
194.66032097068927,0.04294228963691659
265.24044870141165,0.02668539698599403
368.9035273304945,0.023966362831762972
212.5949074534484,0.017080189227292254
402.31771538568364,0.034840435787397386
282.6965200853376,0.025902739676880386
328.7770705771071,0.02002777801775412
306.3685534129726,0.025855586429651523
106.700426150787,0.035698606527249384
358.94778155637977,0.02137183928356992
216.8141978137136,0.02842486923146523
74.62862922436943,0.01507648073293871
201.77156058089923,0.014386288100695253
160.62446799113275,0.03141285301537707
138.236699321493,0.028160342811331354
165.48827614845308,0.031059659794179184
246.7548536373323,0.04550937281135277
82.70882388290335,0.04375072762810779
161.40679036630718,0.026357842677764778
360.491721233559,0.028565036643946263
393.2344441677436,0.024034650941317327
234.75224331024916,0.028925596046265788
238.50043974101004,0.032819502325563805
52.28497415021579,0.02520802145729037
469.877312694517,0.03657081329221848
175.32929500723108,0.03660217201595935
-89.47343977219776,0.009473142073787178
359.9873499696332,0.03452331497275188
171.30821746750127,0.037103700204340576
37.60090393962676,0.01930710477880761
120.93925973452798,0.0299596266504132
33.62201076039082,0.020890595537139733
255.42568661387358,0.02640718898655162
329.0136263501147,0.047000548123843786
176.20094598750518,0.043686997444855116
48.30542309475416,0.026352457450374997
131.8278374106966,0.04204807929597693
126.32686296931637,0.046495309356499356
159.84010711404608,0.008392016669007886
61.17221783676601,0.0021303644250586715
126.37749614960245,0.044955955620020124
410.60460594901156,0.01728661538134786
178.06929961739132,0.03969547455332963
207.5617725495876,0.015547853356273853
4.157778330225341,0.03528777954240326
432.64519942912864,0.04409826471482106
597.2307872838246,0.0423198735146025
497.6989272016025,0.04091015149491483
185.28321723234018,0.045220164704975516
199.74816912373342,0.02560177841270874
411.010799159449,0.02165712390048978
96.8883585341107,0.031284151075595276
153.81904640859673,0.03342360612084486
389.415216009047,0.0350634869337551
301.01078320086236,0.008841419482395176
120.83336200790166,0.0230721332406613
284.06049784495775,0.038966152438583625
269.273717663804,0.029651305969256685
0.32690454444340844,0.03155918577885983
100.67112401174995,-0.003165757865856947
230.54579793292126,0.036717685032717044
284.53227065509617,0.047684076038271045
383.892178625875,0.03934220298084574
273.3548337357176,0.014720576423725498
241.90107806651298,0.026570722930431688
128.94105976604095,0.027821976884898167
88.69664796620611,0.017813429021682564
280.9403284904714,0.00654751192348545
135.6077275842998,0.006540084241980996
48.31024121537712,0.028108317397182815
352.3277746113886,0.03914622600293959
207.86939132742984,0.007876598122351346
135.25353761032645,0.05294969062701496
495.0716747564656,0.03626218681597232
50.756597243829304,0.024262179100463067
514.8792137646661,0.035047548905115834
123.20754321351173,0.01856231679048892
585.0974266496694,0.011939676019522921
440.2627134346999,0.043864250693692514
347.75072664101833,0.028078737916281245
185.73590411490233,0.004808686539336745
285.74033455897137,0.025616933031711735
243.3057116836093,0.028679567029091437
332.7557537529834,0.02465057453261314
249.8003814736648,0.021270210454683414
37.39404426047355,0.042107542306477244
170.25213613344528,0.02635015917835364
277.9444347377978,0.041256585887823854
230.81518483287613,0.020028297269209638
199.32224524455404,0.03439179049808759
194.4031972270875,0.017787382635608712
401.0773847840376,0.0245731815228989
387.84324828383245,0.01644315047981395
133.5983597826665,0.02445281533908997
288.4101658797805,0.02948512052564623
540.6910848907347,0.04051364525572522
283.9983135685717,0.017788564526414224
304.8105829064928,0.040756453220029396
276.94148698958793,0.046896005431089904
63.11174885407226,0.046201046860975176
178.88218302446847,0.03745550920704429
497.3505366937586,0.027991173722403298
111.76537735273962,0.03397650618306691
556.9595666724131,0.030821919778005146
326.9109360398744,0.034664281142249904
323.33592766187087,0.026591191192681943
247.68569879339697,0.028088909107192958
201.28341369200447,0.015392236128323787
233.8144697852763,0.0335756467088437
407.2347753436694,0.03076775638049769
92.04437456656024,0.03188986384878187
203.21518821354286,0.015990490127587388
49.976814537891784,0.015158808879116952
250.35985319324212,0.02260000018897107
283.37264749091526,0.04566012790800304
144.0009373416269,0.034863338004615184
152.80236387203922,0.047022303368259855
589.1185688812336,0.016054021951406768
263.62646560279677,0.010018358414300963
131.66678407028303,0.024275643073740194
220.62327861742023,0.032708101773173896
181.01253869592387,0.03711175769816999
387.0502416504038,0.02088754356388583
272.2773244335426,0.029980152854468447
328.2313267931569,0.01541670830190529
475.69384018578694,0.0337924511380905
-87.83620311009747,0.04076989314972833
255.37498923151028,0.07020023959244706
403.20082670700526,0.022997829908439446
327.8829755058978,0.03449287760720179
9.021135303501097,0.015463081547387316
208.71628999671975,0.054144568886687706
539.04329729717,0.03955130882857925
276.8810047579578,0.03775046302414711
494.1861628779942,0.049671041130210564
337.2653749920524,0.0380512465817578
221.42267149613977,0.023029679560100175
105.99372095252113,0.009027869498961835
546.0729911801362,0.02442735222384635
418.50898876258395,0.02191938902339783
165.61357531063027,0.025641041739422384
222.91496165323983,0.03242951970602667
124.30352635075505,0.03204830470856236
306.14829467309266,0.02030838763925629
429.73903532877466,0.03602399739197233
200.00560660659232,0.012323483725645259
416.37658929180384,0.04461999739015063
324.8413262201991,0.03360164812101123
370.8780764185757,0.02797595973275082
498.3797980977889,0.05145505360914698
624.9350514373168,0.046004166284408274
486.57110392212803,0.03171521554920737
182.4507013242432,0.013509123077344441
298.0933256061603,0.021481556932062128
234.2160364353338,0.02224922230745134
546.825590997171,0.04009124037208586
48.051618872643985,0.04815580386378944
36.28579126589361,0.028628913015989556
278.17815309337783,0.027097515208706475
101.81731647863938,0.020055017395877235
465.2706039207123,0.02078593037780598
224.54857833204667,0.03319454938909318
115.7998805885972,0.02136165454837069
276.2481651110342,0.0387728951105065
224.08140431264323,0.02895096320707883
312.1420696897181,0.039326288766205
575.3374975374219,0.03731455370610478
72.35085979143253,0.02392170967822589
182.77662939697143,0.023438205510683
147.13605762224765,0.02683566108886941
191.939675440315,0.02807689308792907
148.5564359526208,0.03852312774404533
288.3366784484605,0.01839153924744298
382.8602895517382,0.010970905889749773
344.2638505330964,0.031081172001196932
338.73487514839513,0.04689290316881907
328.71850683241894,0.03040246149205236
151.6001920187974,0.02642654972314636
144.80051437278104,0.04730102165836187
180.98230899726082,0.016315984605196503
159.8275885918428,0.023375071775108662
426.5854835790341,0.04662297391051187
230.45948674570144,0.019455783713703524
163.926963683258,0.02887392508186024
378.3299397847992,0.037424583459685565
294.2708383003752,0.02899039228474298
-20.97950138061566,0.029272491512104336
243.0603908608722,0.03144167531123039
259.59560915022143,0.033486911262566865
271.13898431742143,0.04001831918998578
67.73435441212987,0.024775254005270524
484.9384422931088,0.020212382067730825
246.20057711957023,0.03474563330301819
417.6150597015909,0.04218072285488558
379.58353298409247,0.003061813863567145
290.07879404694245,0.03411377518782854
417.93760643205053,0.014474435734954844
307.22621488144887,0.020488640126635836
137.73374172107418,0.034497226111606334
194.29120783567149,0.01265266812752162
427.87377824875983,0.019473727551733884
18.652619746831363,0.0319924731220712
302.1054173033475,0.02922718632150905
404.99733574861,0.029267096499675318
150.4283835869001,0.028798061095524616
331.7589254495276,0.04746160062140953
374.5988000064726,0.02208405339329684
401.9824551532978,0.05394610507881734
251.33594091026873,0.016095594076520482
254.6763586568197,0.030058320019751297
195.56183231428247,0.049745236653668735
64.91810648355496,0.008431231057412902
24.17105769696309,0.03151250475335251
41.06335674199104,0.040462177474188316
325.00303183363246,0.032504192896869656
72.3808586326534,0.024645927478686578
348.8968690607427,0.044424912244951265
320.0250987033988,0.03182053146485066
138.88501378898422,0.03862892851378383
297.7911153186244,0.026085268693251017
252.2446715253051,0.03182846725908173
341.48685974838287,0.01940291960843033
277.2783918352568,0.014412096286983906
272.7940438222362,0.013134439398633325
189.95031166661357,0.0139682894043897
61.19607112254633,0.029378381350739453
90.0080533245004,0.02916693908307108
324.01912027438624,0.039902589158984224
252.35415531848906,0.04830336278054284
478.5098944949453,0.03717454539320476
219.2146009273778,0.053056310923953715
326.488486870309,0.024708237812380577
203.4045569845334,0.0450540279632099
139.50008635676943,0.03746855366753331
461.07590519671135,0.032582280133882334
364.8753479882327,0.014931496413242857
126.48894904717606,0.02057723714894814
302.5315153105511,0.023264915455132228
60.69878552425109,0.0423801381072007
126.88666336866044,0.053299647993086584
39.49390331410558,0.04877387797092414
520.2382137448117,0.03832630316816903
585.0487642129787,0.038548825405366055
355.8002281085981,0.02872046455781118
180.22856127308626,0.0006081092632479225
236.55639909446157,0.03410299546106902
160.59500379532398,0.029887429068760143
400.995314517284,0.0520817223256648
256.09388318144875,0.03399814728504994
-46.26116924118111,0.007444264686354299
337.6670729170821,0.04131353548216682
230.89858261268756,0.027218209407821676
127.84736957259686,0.015823478539248696
288.68270663231976,0.029887344934146094
411.9554095880881,0.03504551643437617
244.51953081600732,0.003647818613152793
165.29096136378837,0.013740514261771596
215.19427605896385,0.028850527367480453
394.8570824080657,0.024453958515824156
450.8850762140297,0.03799208234588851
134.8159537413016,0.03691674307039768
317.8264081512344,0.011426986874493481
321.61455058688017,0.018747322685041305
116.1444127011745,0.023218073287727205
473.4296084927182,0.03695285250856071
428.8346150545451,0.028197822130068686
69.04740126061398,0.04434231852247511
274.2057554953616,0.015669982011505833
307.71308840331153,0.03208324255638062
148.84978339685307,0.017943520390866684
86.26983695309127,0.020443616571066886
312.0961713763371,0.0224960058614535
331.9193398708502,0.05362196011900665
102.5391471579699,0.02328643250548621
148.95701484690775,0.018772386394155984
502.7335932582149,0.03787653910977434
-126.61973211356894,0.022404866092081054
286.15120884088145,0.01257256595579426
440.59403697215066,0.03194665272169046
273.04719747257013,0.025360902164851103
301.7879076595523,0.028845341311381122
226.6050697161595,0.038924378495926254
125.34876149100927,0.03383960505027449
407.5241844479224,0.009688441444533031
77.60660687831927,0.034494485989251866
192.5598665011231,0.016276503069157552
134.74991908513724,0.02995232425625474
193.83348822763838,0.01982828767957605
338.69894053819417,0.028363443222322395
143.9782103441297,0.0466681564422574
327.83618953157696,0.03755765084344321
190.33822128126388,0.04952037041651485
318.37578658969,0.04554333426966668
261.783146918838,0.04142904202182391
243.21243229210276,0.04488885913813676
314.46938251240323,0.04762055372781991
359.67128631840836,0.04509225731928934
418.04682483544,0.043210139442745994
439.9356961774839,0.028791248756220383
87.76271108533743,0.030895959697608787
496.72572245911635,0.038354189188918766
35.84894247087334,0.03805513153189131
338.70763618536967,0.03272394634283824
35.776281826812635,0.043274193101361304
498.35130035464294,0.04600266036436819
526.6126409935473,0.013921809340249999
253.21042788462154,0.017970183094191884
89.74953604826271,0.02846461093593514
435.2576256225243,0.042076626561748084
510.16056568881675,0.04008400994944462
165.73062441068936,0.03313365779666928
-184.86712970353756,0.017971896193301074
444.2273898791102,0.04070577851504274
335.4375935892586,0.026370153610076066
477.85431529538744,0.026263595008332988
282.9935986077652,0.008760863421491075
113.63219451718041,0.013832929679856387
286.23897450845095,0.03331312070515748
187.9566724251985,0.054311583183693266
321.1989305130629,0.03498640989842118
188.4417779262733,0.03428165976285668
615.2907945387637,0.03436743292830755
278.07286800071165,0.020221631349033067
218.40714534439508,0.03685101594300081
226.43449830802786,0.03538755402624137
283.0370225376074,0.015751767631131
-28.1371644641128,0.015655185982195757
244.680900327921,0.03321074420046779
420.1689863026911,0.031706228411350665
196.87983162348456,0.03203915750909808
263.1532043020469,0.0369955326079013
462.03440960407806,0.040130894185482206
120.87060614998745,0.025705512353693696
410.7661683932589,0.017759553575936893
265.8494182679333,0.020586454639098417
87.76316521051885,0.01068287235969384
296.1481487160323,0.013969568187327964
156.13801693825425,0.04094349953771541
176.76610463680328,0.037294776298201104
173.82169421309868,0.028372944460499226
197.53499092944182,0.03149226280379259
238.53792247773106,0.026283519606366882
83.58240452157636,0.018713115191624066
185.37336085659928,0.05735964675475497
554.6829177296586,0.046577695258573706
392.7816070780598,0.04461432100616434
580.7053852839547,0.04115393195221626
417.9320263144564,0.027714107716935023
133.00811607433695,0.03706783690383272
120.01621312705021,0.03126715435347572
360.8406393707328,0.033468783941641225
286.9764302271475,0.04419236468238735
51.34867511883982,0.018224769788116123
132.35089867195194,0.028334479892997776
188.98877586796038,0.044171844676961614
75.72577399073126,0.01807966431681561
138.25497022156293,0.03934278884810306
202.6660165206195,0.03440168626610482
104.70792066673502,0.019497476925592953
51.85815150536334,0.026403907496141157
208.84204256431994,0.020093597022101048
216.62746092791411,0.030708679398492235
265.6525788722411,0.009803351277584083
141.4695711200526,0.01629352570117861
286.3957117224603,0.0349712306052509
314.4780983612387,0.021437798578854028
149.45339311692203,0.011939535898105154
242.69667984909114,0.02742857079269559
219.95696784030093,0.022148776382058824
333.2752131742239,0.041359690271355144
61.330992356667224,0.01866681535980973
164.33008412828644,0.03534572605672494
76.03394358737478,0.04925198264680129
227.81616077414748,0.03148410731884326
314.00624281271274,0.04062392338948047
179.0131904941971,0.027898286658050633
341.4970572349489,0.026148790182897362
514.4297732251334,0.003569753881514759
304.6572689083911,0.022642924421936318
187.59442538998928,0.03201426744107771
335.45168639265194,0.028782538921013026
323.4320118954962,0.044432508648602216
188.89551586566347,0.029971310870809887
103.43161064932934,0.04558105631056247
112.63907104301046,0.03168521137374134
211.27261843138348,0.02498099494625809
240.5403752634824,0.03057159425153044
303.12782745065346,0.03210875642713931
221.21193348935512,0.04075818268340568
249.16778890551254,0.04146657486012141
97.75572083830505,0.010226786627519302
207.25092956456865,0.023468103811342227
311.55433849554123,0.004427416522440702
56.265688494388314,0.03086697577662044
234.1210672190029,0.03572252490965693
155.973950548432,0.028762376522425748
406.67817406566553,0.027894312413358005
584.0834567881041,0.010026082085637895
309.31501939795635,0.04012642467010808
407.1501518409184,0.024690809827533872
228.23378815165293,0.04195976461421781
142.30947226431232,0.03526499710788134
253.8177729146281,0.02357086198361871
157.31204799287985,0.0598421500540718
340.727163871024,0.040005753049910844
199.49574180801855,0.0012441333774186776
314.8603934673566,0.017402730675009574
170.86774007847475,0.013613883558735492
164.12283023259073,0.024034105692819427
273.83909524671054,0.0491349947853786
-55.45492646927812,0.015572764926408732
436.28017886524975,0.03270351992573405
57.02659499054971,0.018992078222292843
164.00958772199925,0.02452856192452784
448.3972885906419,0.037009957165113065
471.17473209745776,0.020777685930260473
212.70398973397454,0.019643044376900648
213.60564105570236,0.029250710788215718
199.6130925805119,0.03063617799222306
-66.57557227721986,0.040690997476181434
206.84473261207881,0.0368617784585206
221.68372841595743,0.026535664552165574
212.41894770403508,0.034564888941400994
320.7095030840908,0.023436849757106408
175.1737848644632,0.02250459832530874
359.33502730799904,0.02034673771712822
204.2584201066823,0.024645860210543945
326.85864424257613,0.043551344404392914
588.4531817793605,0.013431795475380884
184.04594441226686,0.026799488808656156
228.88875708282166,0.039011640967998626
386.1230177823204,0.03290295950004605
225.68907390795397,0.017801403325233743
381.78523102899123,0.03161882853018495
137.40182278204023,0.039887448748281165
214.29900864940265,0.03285390290166984
276.4969025806311,0.016233788288275156
359.271677672666,0.013885235940052719
104.47748008118472,0.029312864176736324
427.0888628059274,0.04136970816412213
250.09855255515885,0.03289204482601998
64.91100064227439,0.040464561847414024
369.30763198571714,0.03873080971103354
94.47476679293297,0.046128438923044156
340.06531396766763,0.03564136258795426
450.2801474134841,0.039880893484014183
353.1153164420106,0.01942064740476903
160.11270177967026,0.014556856669471315
-33.067684550211766,0.032215339611277934
115.65677662272748,0.01663284336743623
260.85363813425596,0.06804167936575958
351.1816287222047,0.03897586386063153
61.0453935953401,0.04260877284526403
75.44206595125718,0.030062721736558513
282.44972569304747,0.01805223299978225
44.104895093511885,0.04336881075411127
316.5764314313985,0.022020072860259192
249.750276709787,0.03342927455313967
305.2755525928204,0.042515831388841976
332.865134478398,0.03568489218349771
345.81516809792356,0.026962217451754415
325.97228859999103,0.045344120104433935
460.56213512626624,0.04198387632155668
162.45821506707392,0.031454602532987035
222.63295510219172,0.03706719131528601
66.75548055177774,0.04821823240281174
564.1674049065784,0.022407110120858078
133.60972996075765,0.035256820549783435
204.83235257604713,0.03197424200697541
179.22372647915185,0.02003468176805608
140.9918636402797,0.03281123873184293
164.00680043622458,0.020862369476588427
86.82310120234715,0.04405071308620561
335.40950270822213,0.04708614185344133
232.19082702931792,0.037997618738371264
220.31180030573762,0.03481281070291658
316.59094062948844,0.029696654399507767
288.159980919666,0.04014548755537556
291.5829523064421,0.016697968758581375
362.78071079960074,0.0382931623117649
185.44568485199312,0.013820360544281176
257.0995397431853,0.0028931357605805827
151.83540573481065,0.05242061587928852
88.05909113123707,0.03835080803997043
249.06508324164255,0.011129263421442513
89.76807117287387,0.03443840860443046
303.40139872380195,-0.0037474615303706646
427.49947641662567,0.026834239558308107
239.2800901865155,0.023538958934832706
327.8880318759265,0.02780737002223399
143.5251720092993,0.03239537412361408
350.44940243579543,0.026309087971875963
264.3280640727772,0.03845792005952382
324.4163447873051,0.06554457535396468
331.0948914581053,0.017091135848029695
290.92990914475155,0.030524961463660186
115.66754297676462,0.032963583978817115
227.4030461411945,0.01780639134825774
355.1902841184208,0.03776508966733525
69.12015561894134,0.006887680087278861
321.8459951655226,0.034428199327627605
238.90968664250937,0.02203750953716414
235.5292535825473,0.010716617341640939
335.55540580350635,0.06006866408690638
534.840844628606,0.025417846405414286
172.26134324163252,0.04245601605361682
-56.784872619177236,0.04435497676611163
81.38446052120426,0.015425034576308113
-32.650746203352924,0.036007659754703825
378.4562649263984,0.023949488487802213
41.525530834704796,0.02587287600678397
199.02615520189988,0.011667194528969464
342.27983111196556,0.041138769995396625
272.4191512229864,0.008522638726052089
418.0577266719562,0.028695161660340807
372.26559580269065,0.024109955650241915
245.8762670870026,0.030608753838656955
49.23618743726689,0.04232485979938254
98.24473263025203,0.01854393325495736
191.60051510624777,0.022890698878273594
-3.1270157282577316,0.017289944919045855
271.29278894573895,0.03868949112321686
270.1945764941001,0.01547831363218105
338.1573599008261,0.05420361299632254
181.94288830377388,0.034572841689110574
109.05205986811285,0.0364244126247908
511.8815659103537,0.03774100532789431
463.7525653448604,0.04980618686824838
144.8703733851469,0.02312608004992693
269.44850665338765,0.01215924411600167
471.9732074200814,0.032168971424872086
64.49533092601882,0.00924442694557857
209.4369450263435,0.029985560867345953
214.94561193725977,0.03933012418369031
122.87249031767833,0.03295241330847223
246.6502721755563,0.03809470021529816
263.7230357850252,0.04139464826996887
190.38696765570265,0.012507440920367045
296.49482657810074,0.04801207952076605
241.02661762398975,0.032133677133082406
359.9570328636253,0.031988770909947686
184.4017746818423,0.027679453695382206
109.44568878074526,0.01993688910097996
159.57793758873697,0.034631691957794496
270.2232039458239,0.024274995130965298
275.7676988336234,0.03544819810600671
170.29331831446126,0.058272640205793105
243.72563595637877,0.043942482927641524
237.5925680643958,0.05122602091873871
175.68418291276322,0.024730614424084786
187.44359752815956,0.049183831813761236
292.7640015184308,0.032572934029816106
24.219127644270202,0.027396789016072818
428.66784050003446,0.024777958875422747
306.54071483572653,0.028772985045559203
143.6231339216826,0.023579071709846335
246.77225336278465,0.018051405990954394
277.61603436403686,0.03990080521206656
-16.25656246452661,0.0009417208585844952
431.1985393171562,0.040352892883383604
317.15041962986504,0.014402390520107469
355.94647158949033,0.04351704751160784
184.16211065164117,0.03096189549972501
203.3821555737374,0.054262446649458854
229.00398522232243,0.0305323253076213
218.59500367952776,0.0467420064966308
329.1832110148199,0.042462774329557335
134.54877041337699,0.027577614344626005
180.35266784373135,0.02267307768137368
101.76061859347834,0.028218958468830435
334.28361342210945,0.045883155389050786
227.0860060084517,0.026923748464743415
387.31688967459405,0.028721872431546905
139.67815984666646,0.024487844803381606
346.48781785420994,0.037670367731764194
268.4656570052664,0.05753103411984466
454.54937537931767,0.03856500791863134
13.586974259637685,0.024415057227301605
451.11959572651546,0.02972720021685372
392.213592705462,0.025308985313620046
207.7342722458918,0.019525771826351093
48.87028429374456,0.04065460314204035
110.55245347236652,0.024066004595273784
345.2187467863306,0.022390700305239708
298.10937862795066,0.03779260703133777
151.6033272134701,0.048691962281064
479.16667090844055,0.053475125699626466
49.58268443460716,0.022975122021716178
216.71007027503174,0.03967572096971769
182.53434737951173,0.03760719349978667
-5.250790574886253,0.026500597447915813
231.03627740745176,0.0016954045595678861
261.9018196101998,0.01965805380518789
597.8051700317876,0.05573663431024667
133.84782244216922,0.01353269350278568
318.07388621429345,0.0400017928451587
494.6209094533591,0.021082070983548064
235.3455526468936,0.026174349794436464
174.88161880983426,0.02264767309571273
-125.04414611220153,0.01573002170093092
417.7611587935389,0.04047167581170966
31.65453824608946,0.012602527977080117
313.0988385285767,0.03716893084778211
56.9971171914801,0.03110839830933126
138.32624892075876,0.009429123453834638
442.44619814625,0.024033662880149294
266.8008865516547,0.025761227269091278
193.2907175778505,0.02480875411251878
371.0385028263639,0.04039378040527203
30.079811725415198,0.03163308865542719
314.7774560305712,0.023846619441892584
256.90221059134905,0.03651130592068164
390.72095595493136,0.028687167071250762
218.2356270627185,0.0320444890675627
303.675756018518,0.03521672815186697
266.85107214790514,0.017317880840320585
172.47973247956128,0.037969794114432534
124.91766307793681,0.04058297700693724
184.02399432331052,0.024075032392678233
244.46613944551203,0.03265852674341944
260.05595991264255,0.03932529844309673
399.99646726575673,0.041476923742179414
235.5060752849873,0.02769029551530462
320.869918981978,0.014483656721195393
318.3018496696218,0.031609081041669984
117.52365534548221,0.022199894934947523
-22.878570153197018,0.02220946291808056
354.6402824695511,0.020884280018033476
420.76699022811806,0.03298522396571687
274.4380799350305,0.04015066059603495
217.99908385776786,0.032235683755079785
257.6308817179975,0.02607625687410894
16.05346562735548,0.03325319051363254
286.1450517920543,0.03438363605687832
380.8074069949473,0.04368619754706645
494.46778791340745,0.04174444714894843
278.7547127324581,0.0483139077107983
193.8377810162955,0.038491346860636426
422.7528536172673,0.025050210514467226
177.7901813296054,0.02506122986186371
249.1122566156889,0.058790807084223386
399.57063297301556,0.020718067779126943
331.98621250126257,0.02586788201496386
220.1720550809589,0.02318686046077817
243.8580485858554,0.021955224982431524
279.79054659832434,0.04228893014799934
299.51522343174736,0.02020435752133823
126.08162368517122,0.025329336640779725
208.1738313704785,0.028248572672276498
218.6649151332959,0.026311191951549455
253.9921948238249,0.03330441945350374
349.4359396251848,0.060516886427356906
365.78133416550816,0.040003294594325674
214.13873598402512,0.026928827447659266
276.20154313396046,0.041256654684480316
30.568818239633032,0.011418462398577332
-79.5373012990234,0.032963916228924486
365.51690284572214,0.04854893927122767
125.19552974763366,0.023241927374461
-88.75487940638357,0.025427006082351357
122.01709239923707,0.025076996788238756
366.2059663127491,0.044196553615643515
155.29965099116737,0.06175087720301766
17.063025572559212,0.0336968863003099
98.40275721733724,0.04526421646835496
167.97211417304732,0.03641301528600406
377.4807551601773,0.02814839287041161
312.5238150337124,0.039817472059313394
375.4808639992235,0.02387328760102649
109.83544942473367,0.048029237235170705
327.56852020937873,0.03055955471567293
163.61624649937573,0.030920490371943242
110.40067603151769,0.039589382351328084
421.4261054204351,0.01738377343786579
161.9999467044342,0.051352850613496565
188.356508055727,0.013102768312081521
368.38132153260506,0.033410608460951674
188.08630626671473,0.03238038163685423
75.26388623591808,0.03006347754471646
410.72548530035215,0.040576246588636025
541.6451854154533,0.01922229395378288
477.24852435064156,0.014811276639362235
-132.18079250098407,0.027400690635426897
490.7464789380715,0.046557269683387026
272.05383502909206,0.031780664443291834
74.7121469242073,0.017565106645690422
257.1668580979316,0.01894288951420129
266.79469225214524,0.03552557297676773
264.76091639006813,0.02854996666528977
271.23249263936117,0.022494473623108423
316.61410879918526,0.029076716895883876
319.0929961243861,0.026842856882991813
312.09739854244947,0.041133906849042876
161.9172667740283,0.020661934520530417
127.37229329263964,0.039748811785225754
237.24726444464312,0.03754959486422086
412.24775231908745,0.014159090142412841
263.629086633277,0.04048765541804879
53.65782227822103,0.0327660756464036
344.1945638724059,0.015771482273115856
168.06010938561934,0.027539268633878202
177.82058900341218,0.030756397100720832
313.6267468209369,0.008122528787808964
490.5668354907459,0.029832702874013347
392.42558143247123,0.028874086044962336
209.08869540275523,0.036150972738587285
477.9704872443863,0.02962014041540485
232.70342442238515,0.05094100217972898
298.2771329792556,0.00415874809969697
465.0324395871895,0.049055879566806626
446.004698337686,0.03595675541861513
314.33924853925896,0.019945066441796222
373.45337746713864,0.04169229446420928
413.45510063574966,0.05612393924737516
460.1297804360181,0.0385993203805136
184.8428679000445,0.022547681012932284
443.15703280414584,0.0470781240357736
244.82279840216367,0.017246635073347512
120.15251255803531,0.017416064231608352
227.68709375585962,0.016004119127792163
32.867487399897755,0.017486806576812366
-35.223295341741334,0.02438298210064871
339.69066827762094,0.012410099004529215
191.28844185744867,0.033142365626008835
156.32715409776384,0.03150455231493773
270.18818912960745,0.006027628800655958
289.0180307326847,0.03931462772038605
23.96572682240597,0.036359622051994604
173.05034290347868,0.027181860778505217
310.4082570636885,-0.003506808396600461
131.83965378527122,0.035700362144177204
214.97333622248703,0.025446853763593378
139.21124346172087,0.03190090253466362
337.8220037134559,0.026524489661153363
258.0215865197386,0.028537243749118774
521.2938229744128,0.03551013501979895
314.6717825084796,0.042064928006822336
-62.20850078915885,-0.002252895802846537
106.51533377100472,0.02203246029932586
359.6880292889903,0.021924959277871407
219.6026581806909,0.034770132958453326
-101.14052144491984,0.018347933320556724
382.7790641554554,0.009053578496592777
369.67311439070306,0.032994775372129075
563.7933455840953,0.020701522073456123
276.0828713432814,0.0168916175967804
107.1808516696041,0.026440178121892234
250.34218853148425,0.022515371460980975
369.16885588541743,0.048374920892433976
301.66673899717813,0.013040266425113453
285.8281681497916,0.03466125930931432
73.72621976455147,0.043060746190333454
117.65387850425961,0.034032793959764995
259.0562675160876,0.02100358770404851
13.635906640861549,0.024504757128151648
132.35536657104257,0.03998609074009107
435.62990585058805,0.038148926679812706
345.4590619269072,0.014565903791135657
369.2622622050203,0.033972456185729354
35.52191159249335,0.03198397367104637
147.33354722676788,0.026422122380926016
294.5306268534717,0.017603625859730913
399.2200459815241,0.026465701895526897
283.9897014763605,0.004591668298904058
372.6209566402672,0.01773001320191231
56.81608519811073,0.024285705924712707
93.1847826530861,0.029869767314059895
399.56264672036184,0.041825950817720704
583.3610008691774,0.03971572243031245
228.8041317147495,0.0436233774762237
58.493060097525074,0.00972004890363068
430.5211335661197,0.013486572795495772
319.7455270686381,0.023883850600510976
244.6621826167012,0.04181349022613497
302.8316452274718,0.0298278315312448
477.2924131397818,0.044468506502348154
238.87614012388553,0.029534341311683025
119.08857982564558,0.027633745556957866
121.72448859215936,0.02933774650446877
46.405132510781726,0.016020499621003513
155.00195035540975,0.017236186364954206
233.71679023082118,0.02316074193322987
261.45180286881293,0.02465363233300155
157.80325399646827,0.04366909236808218
71.70407330803039,0.04356000356751863
338.94173746181366,0.030918583955906485
474.6538882988516,0.028705766991917937
459.4594866807359,0.03362900616348842
224.09818773972717,0.025278617770412563
180.85509512498786,0.030866785109709208
313.0836927248763,0.007899259705338856
251.77935207297904,0.03545833457324138
347.3768648351858,0.04349791916814117
451.72073392304253,0.03897260047740545
203.21017947575507,0.015465849694071726
140.05588137204808,0.04301368858562771
-62.78429848336498,0.02423627461700918
233.55261249331673,0.013091339011051084
299.41815944989764,0.035886811538122204
193.4213558621872,-0.006914894360230753
530.5800298983839,0.063045331380047
106.36827680909559,0.030162162813290015
194.31906289799372,0.019129844905689863
184.0949709936699,0.011187255315916397
399.5932634721338,0.04103100233635157
316.6328410563315,0.04995581449417142
441.1094900477924,0.02680079440368446
429.2308794692966,0.04725908730563036
182.8177825520168,0.04602426704729087
484.1854257099985,0.03367262730723308
305.13061596825753,0.02459313333910501
112.35339864855652,0.020649367269196257
194.9107074099935,0.03837424588645115
68.529279633063,0.003530233681663289
329.5791349383807,0.024210339959150857
276.87158033210915,0.03422060657772371
286.17361472743005,0.042875425395355396
76.93583367128824,0.01514504926387043
230.34219942678266,0.04642113293417245
504.22157744859845,0.01324576621309891
418.26746001639594,0.03262402800883155
479.29037703908705,0.022681051737825562
163.52370986654415,0.024439605118902176
335.57671744929587,0.04344764139134093
471.91148236206567,0.02898064305885785
119.76495366130374,0.01886702178650789
71.5293288762845,0.003076944583795909
129.19598121315556,0.019438361198848203
212.1021820177603,0.04464327525960201
107.79040115804327,0.024046858606310097
225.85688442906834,0.029749408055484542
423.0502861518779,0.05062894878025398
564.4722544262644,0.03285683399686205
140.4568085303353,0.019692844907049666
223.92797819528505,0.024266748091726454
266.315690986344,0.03095420144084468
116.49513118300604,0.050784882860598596
435.5831483900684,0.03630911227682532
99.51038303459387,0.021170603619638344
72.81850534106309,-0.01483205205611366
87.65064788294123,0.02608625118448563
302.3114345664035,0.0294497933821493
81.27473803967902,0.022498654022118397
441.79889614585363,0.012743881900524591
358.78172159925646,0.026053558820765814
402.2801632846506,0.037427830379289574
351.44256943781727,0.03210868487770023
359.93931383969584,0.029470992600043263
306.2337982546359,0.031580996753347385
246.15270612562,0.04012089278656044
296.6028678915304,0.03571305033800091
257.1088922779615,0.037654307115539756
140.53505384766578,0.04861524374731124
255.93312891226898,0.037449400891526735
307.8049573996923,0.014400099108314239
257.53658595195947,0.03624107296771871
67.13473901049525,0.028898558569187837
225.63323985351016,0.018981814418596296
-1.7420392621865233,0.015511768248641995
253.2132413230217,0.039036355943068805
312.334907118391,0.037863305426381465
525.5441691074208,0.030206729680553143
152.9095314476603,-0.012816151538832088
523.3576038865804,0.036928498667234126
541.4775894212319,0.024545116749468115
98.4867636433172,0.0045366472088258294
112.50143516742557,0.028936043586206273
262.9172319066454,0.001908606544412897
168.8764085796659,0.010440592918727325
323.54280765537146,0.04828725347715693
429.57548899547726,0.022963082949220476
480.6532074126453,0.012457981379389672
281.89350419266356,0.0365777486625583
298.4030741162121,0.024267029506050433
256.8808985263345,0.041057743199948
401.11665389398524,0.04617784207667693
426.41969543788764,0.02345457809967143
109.10574103208592,0.028740090487391436
235.7157796258278,0.01203651467531629
179.7366697700299,0.042859673557266845
281.5206070298862,0.04238468904648341
272.20400165799174,0.011164468451349815
272.8077295525603,0.03521564531293222
180.33801296684365,0.029671723941536894
271.9716378066778,0.043241183444614584
132.7393829975954,0.017175651448375698
373.2880062764582,0.03783488968759297
461.4145424352496,0.027073768335315763
319.5974315690848,0.01920013974269415
23.256888545557445,0.029492685310002757
367.3589376038575,0.011636476938049832
389.0975967990174,0.03708791706391029
323.5115945593346,0.027860702527234736
275.7359295076515,0.012724947541908328
192.34279512059567,0.03569493748848738
155.02714843642144,0.018144807856440508
323.65173961843163,0.03636434092542278
184.15164785480582,0.027746697645152727
166.07323911263336,0.020003860532771905
356.3563880500198,0.02382105507366722
214.53244571311046,0.009449113439162792
466.64389338853977,0.033253917045867776
322.0597582765219,-0.011474671878152778
337.7236631570208,0.028067895634565163
155.50267420901645,0.025144672536031924
225.37468646309682,0.025859185723519165
214.55110203129175,0.028569624302512947
423.9393716633957,0.022503690441987686
330.76875065649836,0.010902539513132165
204.84179269320342,0.02919735207014852
413.5607314652811,0.03983841798110155
295.816277622597,0.04001572348577831
300.27562578032723,0.0477142777464286
368.07107812668914,0.03938270639861768
61.92159569391694,0.027611207197692226
368.77239052962295,0.03143775416966967
269.27327998372385,0.017456480716610084
101.87398715498688,0.01428704026422405
241.23044743910853,0.03878792466064972
139.14795974950673,0.033386192912216936
99.32836810643008,0.013213724076036212
418.0530460064006,0.03725180892952645
234.89242206375374,0.02886540890204317
346.6201833382124,0.02159842228381867
115.5494487581071,0.03271313589846741
9.50471041351463,0.01847036371989843
214.4516673180771,0.039363236949679636
239.56564822197993,0.019448598594806583
446.98087243969707,0.03826750720292875
305.515482899291,0.0221556739197922
206.96373555502777,0.02101477436364208
112.2496920821151,0.01906088803737169
253.19405132640549,0.034785471818634874
138.70185156478232,0.04822860017650095
400.8319264604654,0.013653517065107253
190.05421540973973,0.027129946359606485
331.4393530837749,0.020413865858995857
123.4060122747611,0.040655979926260626
96.8783761816452,0.030903771586870077
-1.6608732654949279,0.02318036896604663
49.8727524688089,0.011639875389638319
308.2747505925611,0.025988198601177855
553.9408850960542,0.05492692427620306
199.33032665018072,0.03155222790088802
220.89196068635388,0.033811809398401796
29.98826370591823,0.04455466578337573
289.18771600415647,0.03149630353250287
252.32484480203587,0.03603342082801801
260.15798015089723,0.03370622839766458
129.09745006406354,0.03974828217802824
196.93729142348542,0.026753903850067796
258.92435919696396,0.0307375103295694
165.57491253403063,0.030474396231715772
78.14743451187442,0.02615495977529641
368.83511209267556,0.0404636068474027
473.5893464147746,0.04220041095525638
264.3218461264513,0.02418020051273051
333.56609155888896,0.013052465332107872
507.19778341289856,0.02859351231279369
178.05400709443813,0.019220918892763162
126.17128585175647,0.01687025079784946
191.21272471224114,0.026599727438227232
352.86989703749776,0.016986960277732402
108.93278521328415,0.026032378853250118
508.62342878285364,0.027127672534160378
419.13199957615643,0.027036772928469455
76.85004022436257,0.03683531177072493
192.50461904749304,0.02515224181366458
140.4243559118916,0.03638650689047849
126.75721245421342,0.01444853904649455
201.71946082467952,0.042413813891207276
422.82768561970215,0.03301449894794058
319.5920492592952,0.024141284495312408
311.7709979424456,0.02294687242142533
348.0778252319344,0.031029036561569735
184.39084846129794,0.0236253792782819
246.2128910287477,0.007797220975751262
109.88299278405552,0.027274679017003915
339.08888961027753,-0.0016018962888008498
178.10101098986107,0.016582172912326804
114.21405380771765,0.016536555451433448
520.3450409081356,0.04285385690062782
238.75832056206843,0.001784524383497521
19.286161472811358,0.015538530533653703
630.3936591973753,0.058265573836294826
393.50766846908164,0.015095805991472474
266.85829111078027,0.03162126504365441
358.18612227293494,0.03863067059639176
240.07878936120326,0.05173489914966895
231.43637120158385,0.021226521755533932
147.86337126165728,0.030067608864563118
250.96384027545247,0.026690050652801136
61.153609026128294,0.03727491964117322
248.3767881919366,0.030285442561918154
387.2299374632884,0.0163607564873271
371.3673031606504,0.029261202789628286
340.999704002199,0.029823077338373014
46.90702957859912,-0.003190050537046289
383.29381508493157,0.02568634501253848
327.1972056892904,0.03264365857838852
220.86146747684026,0.031291288759187186
282.4079806868345,0.05207200862713264
411.471820657533,0.016847589507501978
149.13103865321852,0.027619043075357542
370.1394674824414,0.03302988071326637
257.1823565256857,0.017427136272746967
294.47466901505936,0.03636917813682673
323.6431269721826,0.05173274721957104
429.7355570249183,0.02065875833856901
113.81043922393323,0.0341390528154096
333.50100800914873,0.04177791488606093
376.9398656994994,0.0403277494188296
313.5849748103854,0.01844686908721494
505.06961157967123,0.03634647035087762
391.3463525823153,0.05862620061946486
148.15296065382017,0.024055408159905846
354.83678975507087,0.05186584254136854
80.05809927264576,0.033729569163637195
390.92101331796744,0.03717173338356448
484.6532239075756,0.026966037169017004
67.52801907951019,0.01742668624955397
435.88827999708326,0.02013263595736446
488.45254308173,0.02965693943605402
346.9913562275366,0.038039991672222065
104.705594707009,0.01204127667484867
180.12139851711993,0.057529124703308454
306.296099638226,0.0369697151985275
171.34212784897204,0.02334708671402507
454.0648312447436,0.02908485629387748
518.1332664638054,0.03677608889699999
353.61650211350064,0.03557441373846389
320.40813624112315,0.028489625440484084
261.2283684982506,0.01879532052858386
326.1957718574771,0.012393357658909518
217.55816335991415,0.04073406217010009
84.56695783639648,0.013221384894403023
276.199093944829,0.03918056032680513
278.3564886329309,0.03955658187073837
161.1862567348122,0.030426465235103745
295.5443016179648,0.03970746029706247
317.08914903799285,0.02214151008698114
248.4055703374377,0.030153953555224888
362.2120321702417,0.043086310031087295
528.8208435648451,0.04297451456773922
133.40196475798737,0.036611915457083734
119.7998983626357,0.0281403306714774
351.7493086355111,0.061746208115643554
12.49012173569281,0.026800031864793596
270.8151811873002,0.02916837178227262
241.2463479476983,0.056372667839174134
153.91804295022837,0.019204862317152252
309.5197888119824,0.030138126142101283
404.82748696861654,0.026091169122573137
215.63487367481935,0.022412119275051316
499.50444342204844,0.04978510721298274
314.57358463313125,0.040081519333250194
382.55700037577736,0.04051883346016957
270.364159101583,0.025259386718910183
194.78303747140833,0.018919306165438812
114.36766736715381,0.04638113374621167
323.75542175330486,0.02198986233868925
141.00513728649,0.04562031466861113
331.44657056172025,0.03927033713843906
104.67622815639842,0.016947069548503557
433.1580627272011,0.03902455953901337
52.340039530171936,0.014936767483762858
116.55981876580984,0.026838581309644033
167.46212124438034,0.04391629120620908
307.4684084727863,0.008603024049779057
349.9503101656295,0.0241142567106049
150.04348079931987,0.020192783649006216
393.1474160362435,0.026257602855654004
96.36997554472202,0.016370090813874166
184.3886925058719,0.01307620931499016
-110.78553949608641,0.000458379721142127
187.79165849721988,0.033473328128911024
382.2672388245929,0.024544268651422767
253.1530057272106,0.028367327424772562
333.09117883716726,0.028240205461403052
561.4676817192947,0.04456004993296516
220.52642219080164,0.04532592361941368
355.40496744249305,0.02402813449969948
274.7041370558502,0.02740090049448059
124.51884810915229,0.035027625311418266
300.1565531329182,0.028889822322407638
227.3881108013922,0.044590213678357964
258.5452157608223,0.027852191566138426
271.82461516754626,0.02885455085295869
16.819646072972347,0.035636221572964435
329.6418827717457,0.0066502201798474235
-82.52639189365368,0.015997319103852187
253.60047876160095,0.028375755755782245
158.56477811672147,0.03298826070391592
301.81415786580476,0.04684699247415517
371.35469501545094,0.0494123409552595
137.09169526304072,0.04595731715274854
46.99106579381831,0.03144912121840892
38.99960328122495,0.02086148159483371
57.62560172588843,0.023786930673086418
142.13038091391905,0.03978675786340167
172.45655851570433,0.053721064611547714
157.4024982916041,0.003538553577839689
482.0871257974993,0.024397407512910634
437.9312209204239,0.012545554634614566
258.97846549202734,0.031981979950478315
229.7866696563262,0.04346501720148603
246.34221922288958,0.0256912376573459
393.9327581112685,0.030595690905472872
283.7385869209107,0.029168748033990367
322.2473009261108,0.01857783388891021
161.4449910694809,0.02483638655594269
331.79965530204055,0.024057528920284836
524.8885179090387,0.02317158406349616
168.37628282244088,0.030468490614667547
143.4361618074658,0.046228988591599955
523.1633411082742,0.026904398640828157
273.36492582741215,0.03517814812011106
235.25746274064997,0.036137333573666906
321.1984844144399,0.02314467344318846
65.71306275614944,0.04431718916461266
71.93975583679352,0.051342285013623395
319.81631184634904,0.0437580534033475
266.466481365098,0.028250011734045385
-156.64118168020008,0.004352651150862662
226.06356962348346,0.03399398443722317
103.71394890062959,0.03995808158865928
396.09975205734486,0.03822011465059088
226.9641785362746,0.05304469272481743
129.51671756354764,0.036439090441394206
275.5812986113587,0.03821220696324928
351.69104595629295,0.03349263772475106
31.30908714687945,0.014499713585196649
410.11961370889617,0.023366949551786025
229.59169627897538,0.02244394640212435
172.2664680031029,0.03537435281537712
252.3606031010162,0.028745003233318703
357.3208773188817,0.035510926520059466
346.45611362824934,0.032370751639627514
256.95627175309426,0.018090772131953904
369.2544412287734,0.07504547222254447
58.08390863968543,0.03532696472911081
307.9231653868462,0.037118425802008755
127.47939106125297,0.03144106472605673
368.85292103815055,0.029640251607290953
174.41758149047183,0.021306409097757856
100.12627400809004,0.006943316088669254
448.3222359584147,0.04132110175991874
343.7710576566989,0.02644231797817066
515.7963920226941,0.0381928811975281
163.42588644938309,0.0546454475276226
490.42761398953974,0.026423508339922262
-27.329628510005534,0.027962694644757532
229.62606908029656,0.03749204951554214
301.9963516219057,0.03119031062907152
263.12892526065673,0.047023019224466875
269.55581735237314,0.034555043729940144
231.1486565885041,0.025581314979128147
354.91150716003176,0.03417791843767723
215.1783893806971,0.03418177345327649
85.21155284951806,0.024829157976839347
191.64690904214072,0.03266390541034035
361.83786777775475,0.05128774426782956
98.80463771084263,0.019402618900922666
244.5408259433232,0.014892383286884378
255.30385744056105,0.02794995111132567
137.27811481447122,0.012974997474618714
392.61700551609107,0.01959993336446088
418.53559980502257,0.02612591434942748
180.20947789967155,0.03898756585076348
349.1558083722796,0.033899801502507626
236.32510907336547,0.016571750721673953
87.77678804307166,0.012169866177607399
59.91642123798505,0.011891948579932799
152.74602938850097,0.017543486646056004
266.2262994479246,0.02826635160634099
310.11964958380355,0.039562627383418855
173.45870559835225,0.04616630250566016
353.8174821514915,0.008762238188863541
94.00888637142262,0.028162207448208156
249.53536959147445,0.04388084175832494
209.10731050762158,0.019201005056713988
134.26920351777233,0.04167203179189303
415.6018515277685,0.0324028870596025
389.5092519688263,0.049900976711603165
11.864605876623358,0.03741430982840811
180.1445576536156,0.03308048212138724
401.0782615351309,0.037289021203150405
79.22716457791344,0.036381951649028216
174.44141508647078,0.028616393460291562
416.82367865835585,0.03537672045142361
-153.9091292643509,0.01265955354002522
367.0580606259552,0.017977413339389195
279.0703147718466,0.04857161575788464
217.50380910865093,0.04722092656041121
262.62403665146604,0.02800569397635633
-20.012491065927748,0.043433275833382086
392.96568028209936,0.04392286672787567
323.5678476906508,0.018573077330313166
179.96514223301523,0.015537765315561058
177.2433761595421,0.04276749206503713
324.4274496038079,0.04276056454784967
385.52210319938195,0.036787539600485294
205.40567450257586,0.03329495115035997
253.5961600158127,0.03960636162507028
183.66746851088314,0.01934185155089095
125.48430955996896,0.04718032033050054
380.47119702006427,0.004908316112110435
136.25608661329684,0.042736808015020125
378.2755384013352,0.055580706231204306
329.709739082092,0.048715973612035585
82.20488755142887,0.04473029462726781
236.2012689813449,0.050826227563986665
316.0037532364728,0.043074520287779985
128.0311089236489,0.030333115182104627
187.1607142118103,0.024927817230665148
63.42734899739739,0.01707471645068831
200.02051062442206,0.0023173529177489445
86.78854804067456,0.025563902559159975
224.88550629401072,0.02746094485827094
207.5730899907737,0.028081532367253526
43.32315364140143,0.0401553211656244
357.82646269359634,0.007399349841651817
44.36483365836776,0.030159227691192635
311.3756938332088,0.03987813909362431
544.5155970321566,0.027754123121289533
148.76541864700454,0.0190664467041513
443.6586562341214,0.028141958389340832
255.62367586402218,0.029402548393781137
84.01546608393156,0.03457657853547115
288.530671779972,0.03642568419423217
192.55189120083492,0.046150165899131665
132.86927162573585,0.05629330162722075
163.846159147221,0.026978623092499807
266.31308975295053,0.01559694516540967
367.87444958237194,0.033896556313296404
105.32144886634632,0.020468684196240462
375.0699860780087,0.04013498099663103
370.7057878494928,0.05720469982197096
42.967635022088814,0.03291446298775165
259.65735865495884,0.031012565632688678
183.9340446171937,0.02478925178962545
309.30825758171153,0.018858216367844162
65.37298685262792,0.019767760388161953
243.9101913582246,0.053102269873849764
233.32161587907228,0.02016684711699427
169.98720045197615,0.016888493657451514
228.66205795187682,0.032134635311307364
346.6485111301625,0.03405932274781319
264.210728842172,0.03082700132496183
304.3680928865368,0.028232124343250016
373.1392368684723,0.06795334857329838
-142.45215020154035,0.02530253556909249
158.8987481190391,0.027451217878035443
407.52506444743017,0.028876936867689672
-195.82546644617548,0.026186821754884224
522.978061049606,0.03582339585590054
255.1364128984727,0.052547798637773147
221.47590450173442,0.019870404740759323
386.7887924299931,0.01825422685818185
197.62493032591223,0.010251734748485574
379.5394293959897,0.031199706675793203
58.55966716425979,0.031040283238678208
283.5425519097595,0.031214166608165696
118.04468471318722,0.033589639336762005
96.77775965155217,0.040389136652432246
265.5475423516448,0.02011521536184994
242.47703722746462,0.03758605673844979
268.2295620977923,0.016873064429480195
238.0468406093439,0.027727508755801798
245.202225492422,0.03256210054561421
78.32388004588458,0.014665793807991235
501.3298434438355,0.04371643659712383
225.4176585133285,0.020745563545281016
390.0156102422144,0.022087959958033115
80.75003926977621,0.023642972422974952
287.8140901412258,0.012219372689449268
287.7897705569232,0.03329507254985813
82.26413083617825,0.030843173171834607
396.34553250503245,0.010214356485857796
271.4249987953088,0.04154773248203129
405.4161241543183,0.034962187451063734
415.2339271000225,0.05853726946075946
336.91144291547937,0.016446186699441756
214.01629961328177,0.014159983638657642
430.7124209655336,0.0323274867875801
72.04345911838939,0.02226271801626762
329.0337390732874,0.00869365754300977
130.89867674517757,0.026419862123408928
353.6852200063621,0.046290842715727885
442.6486413259324,0.04896766985197269
379.11692326050184,0.04480020817610357
379.2223117991939,0.01983258051827551
183.71343161424278,0.028841856580519836
132.75166492503627,0.02081060283070854
292.5866358132485,0.034649826004988005
442.9645481177807,0.02649601458953944
337.88786451455434,0.029769645897381628
314.9740022593328,0.024570713842025603
241.53618718542222,0.006674239632947016
339.9449925437396,0.024737912570045147
226.35900467233134,0.021477038418404402
357.82821664898154,0.010560309926684521
235.25889167026924,0.01570553604018868
135.0694919320473,0.03313399067082879
447.4578841261397,0.028240411560419617
96.04656313660428,0.024072055686057883
151.86177705737362,0.02176007322621463
193.64505727086964,-0.0021276391484500723
171.7925847374092,0.006216280544498097
388.2929121786357,0.028212592702930448
117.03478450728286,0.017468215753097194
201.18079295072033,0.02439277343796789
-12.479164034854705,0.007996489338728992
-57.809466570140046,0.024396147133731484
192.63925603875694,0.03030296053808574
325.0678973544212,0.03031176769759886
317.2753788851722,0.04350518947683631
82.19766372174408,0.0216274077467486
166.57960110428797,0.03653156053404948
324.8866955566073,0.04822678691121243
209.8854363066318,0.021659171377275976
211.28148682184906,0.00905524855820844
337.8656846148104,0.05081394482432976
265.611658746381,0.031066971083702443
312.517556452095,0.019693416736182842
365.1695220431764,0.06083024269201008
310.3497468455943,0.02914561998977527
337.8032035423948,0.02209459655394566
314.60902365961357,0.04051191026040717
535.3979591512822,0.024431370600429367
90.33869360947392,0.015191850336976379
61.91152603217719,0.02252342374027948
510.6846421257927,0.03985889391932615
528.5758992799945,0.033505239702409303
199.34487237556294,0.032551274922755655
307.05678806789473,0.044060526536742015
360.64418651681535,0.04593176746264392
371.3591918331205,0.030926191920934758
369.7493608403972,0.01792826023149389
375.7589261638127,0.011555551382439563
275.01484570657703,0.010942288283146567
214.4085583559111,0.046355262061216485
281.61123725389183,0.04465690044202084
391.2100405744019,0.02935813019647445
318.47840762915234,0.03523377137621575
-17.282409043984842,0.022840352364384958
373.33488806574655,0.044107394979904985
-14.295531489326265,0.030630558298968737
85.529209774854,0.037696014005912624
157.4975379563209,0.007522871664919464
27.696938448972674,0.055689666618996006
368.7785710485637,0.024789878859917028
243.6685037400987,0.027642379279606534
231.40315315569632,0.03671365390723969
266.9699568553793,0.04295353774690082
381.20297158701936,0.040068089955937254
143.2614762704544,0.03445436074882606
163.57636387836305,0.033192205233202425
326.4922607690146,0.027530591032526287
433.2149193496431,0.05126011790222204
438.8078373807032,0.037392960241983506
346.9276677845243,0.038735586899413005
310.14955547509953,0.05894883390947877
166.56747628237693,0.035204602670419076
307.40401486989,0.023378061732156046
383.78462649186395,0.04088131572210309
387.32418307290624,0.03729013232629373
325.91114651384146,0.032933839431784594
389.5825963176153,0.03170925924223527
420.36845233116003,0.032268741901500544
323.5248616565583,0.020968728598710434
322.4613628563377,0.03563002818886819
456.22539228647804,0.026103945286257958
676.2364554623833,0.054002686815432285
104.13378405202957,0.034596594789058306
197.6261142981221,0.027201659848249467
80.89702132102872,0.023175673821104872
329.57520901902194,0.023799807319659444
91.7824942435617,0.029160173036231977
135.91078330477723,0.03430019880341057
-43.945057929395546,0.008856900746233319
356.3707789025883,0.024496260180481674
188.24023439659393,0.03192982726024158
240.27892630282133,0.031378478081457196
294.5398947068878,0.03602104351205263
188.57137253276483,0.04937630880827662
178.0881564917857,0.03566877576556901
349.04982676229076,0.03390079942084113
364.6764262552489,0.04046210121332272
29.243655968698135,0.03636497156799161
191.63282506765728,0.021446351053865553
278.63697893612385,0.038922639538226146
177.0840199426902,0.016467696774277153
345.43583645796264,0.0037419126917255068
195.00395570965048,0.03630528919207186
408.4316331401109,0.0356314916070592
365.5993774758035,0.022604851922365873
58.437142740299066,0.03548040156627798
419.42334437468696,0.025070246605793232
174.59667248140295,0.04293699959050125
313.3857115241592,0.03211180486877361
194.61065277185563,0.02302366182010971
367.84894104478,0.03117595169459201
401.6520550760532,0.05195064532570941
225.288649376265,0.01582548978937191
413.982848223887,0.036549713397380106
172.06132045980604,0.013665395982585253
302.4219540521387,0.033846365111849325
125.59069106621173,0.03978895351196625
257.6214221838542,0.0032608768153883708
311.53910420704636,0.03169932071693325
329.3346198589312,0.036509955542555664
275.0144739812566,0.014870552419299353
557.4213739957402,0.022113370703985648
373.3665668028919,0.036346546767898766
177.10634732844272,0.04026054763249437
392.21607658653045,0.04313802734594783
265.1275924429986,0.016584290216261212
148.21222299515586,0.038077863410960054
84.3909489368582,0.015749580761788513
426.86390267526576,0.0454409541629652
398.1797001123492,0.03187315240553006
19.37781667044996,0.020472672057240016
307.05890235933845,0.02855115798742641
182.65261387093642,0.04476700836243761
349.36824324398845,0.03033386126720421
172.01493854483087,0.0362273340719854
221.6308529418627,0.026347023589997885
133.19786925570696,0.029570234241530213
340.1284282955054,0.02677771041980597
371.37780431384533,0.014976434711316013
337.53246568689997,0.029146034515698315
168.40094707654674,0.015301349033154167
69.28141282488454,-0.005923313855135705
369.8764748440616,0.03170531866672868
101.86748447811905,0.013567735921251288
187.28399722422245,0.057440048174495315
214.46485586308305,0.02079037566884981
293.0926921317094,0.03479588040900473
429.3986987315594,0.024359837108056566
276.78143655667753,0.02144121060068157
192.2984325497616,0.03638087285998732
152.28982218121473,0.05024685512713273
183.9621044210184,0.028173813510139638
319.6079243357411,0.030316993729244554
323.410147811944,0.041819253451046146
-60.96803784724443,0.024168859546385337
91.87647114984281,0.031242496677298497
369.6826551610615,0.04504725334451745
228.62239340731088,0.027526099126469458
298.48563675433127,0.016370487179101275
225.8079786118145,0.03894422229917009
232.39141195708552,0.01590759222097666
427.8876826794019,0.06469416180886847
294.87884773975003,0.027671875594701915
98.52478813443378,0.03045892993027822
161.11130020545644,0.013069219720638913
191.1359082447758,0.043840195197065036
95.6780434184931,0.00948001629164208
120.48447173957678,0.029852701157744372
165.77516505727334,0.03295957776865021
173.38070592289625,0.04127070090850125
169.8566535292926,0.014640691049314975
78.38036404370314,0.031270833481654894
500.96284806680524,0.03987427766001537
45.46797517100691,0.02960333396833972
300.60331495497746,0.03301836540286053
251.0441595626933,0.028569175697071122
-29.772170873927166,0.02265120203652403
-83.88027503591559,0.012986741476542298
398.57973178407485,0.04665205450128259
329.3872292270545,0.05097909800745812
303.82052268692223,0.03120117687414612
282.32259327141963,0.052275283181587404
54.68198901284319,0.03127596436480753
288.9931751764371,0.001985932607186127
199.40944246993033,0.01996239993069688
224.09625419591052,0.04905219751693297
30.568528026099415,0.022419470156223358
179.9432315378694,0.02289949676024517
385.9535083667784,0.020703366395167268
119.04762483545122,0.021619365489287515
201.5580503524505,0.03605523193499751
80.99443489135831,0.04181289850431308
327.9400911499355,0.05066282503654652
448.13862329450876,0.028793389125341934
344.73949317385274,0.025864617470602855
310.69997877080954,0.036729862954337174
214.59474160993028,0.019256073277821535
-132.28148056077657,0.034292590401308685
94.17793194389864,0.019759651421531063
260.8294589348204,0.03193254534547701
262.85599743832427,0.041611293005707026
120.62396701561818,0.04206063591326352
286.10180724127156,0.04081535037755733
396.9011997792385,0.025313605454491787
330.893700090851,0.04954383410539083
108.15164385397654,0.02731282422315101
111.86458502496617,0.033603515960949
388.0800970400485,0.016692538226175526
295.38209585396964,0.017415234923358967
155.32894904287843,0.054379430836670524
283.9025415616173,0.025930866043772517
397.61517364290603,0.04490937914834242
423.4887394313857,0.02973230929348343
77.39731931564259,0.02841714220316145
400.5009661755435,0.03605890137777451
277.2185137929742,0.03435811731950894
294.6371075458103,0.024937140178209704
134.23442809972335,0.01926074647833656
202.36781804557924,0.022115906520995078
183.0776705159426,0.03573279761705969
252.88523816109162,0.0339174086586483
250.45896591194864,0.030043186496308792
345.77446598369283,0.03294435351782323
44.230937314685804,0.02564118692764363
449.060087137838,0.0478577228784156
447.580329560423,0.03767727487365354
506.6379919179036,0.03746568497799612
-126.38870083120355,0.030670483737068054
102.29872577492878,0.028455067163068812
210.30513747334624,0.028182875929367784
79.00697459549752,0.03875162702486659
215.36350948061937,0.02252732328114568
448.5007186378475,0.036145158186862
180.4807401183037,0.013202124770398414
227.6237069369085,0.018769212676531727
467.11661703357595,0.010894580672869806
258.9318322975681,0.042297092297661876
