resource_id,title,primary_chapter,formats,purpose,version,status,aligned_chapters,folder,primary_chapter_title,related_resources,tier,legacy_aliases,has_browser_form,browser_form_path,has_process_flow,process_flow_path,reader_level,primary_audience,estimated_time,required_inputs,expected_output,prerequisites,use_frequency,essential_or_optional,recommended_format,technical_skill_required,reader_pathway,default_visibility,release_date
AIHE-A01,Decision and Use-Case Specification,1,docx; xlsx; csv; json; md; mmd; svg; png,"Define the service problem, full intervention, realistic comparators, outcomes, value mechanism, decision rule, and review cycle.",V1.0,public,"1, 2, 3",chapters/01/core/AIHE-A01,AI as a Health-System Intervention,AIHE-W; AIHE-X,Core,AIHE-W; AIHE-X,yes,docs/forms/AIHE-A01/index.html,yes,docs/process/resources/AIHE-A01.html,Applied,Institutional decision-makers and multidisciplinary project teams,60–180 minutes,"Defined decision problem, realistic comparator, local evidence, named owners, and applicable institutional requirements","Versioned institutional decision record with conditions, monitoring, review date, and exit route",Book Chapter 1; governed working copy; accountable owner,At initiation and each material review,Essential when relevant to the decision,DOCX for narrative work; XLSX for registers and calculations,Low to moderate,Define a new proposal,default,2026-09-02
AIHE-A02,"Stakeholders, Decision Rights, and Participation",1,docx; xlsx; csv; json; md; mmd; svg; png,"Identify affected parties, decision rights, participation duties, evidence contributions, and escalation authority.",V1.0,public,"1, 3, 10, 12",chapters/01/core/AIHE-A02,AI as a Health-System Intervention,AIHE-EX01,Core,AIHE-EX01,yes,docs/forms/AIHE-A02/index.html,yes,docs/process/resources/AIHE-A02.html,Applied,Institutional decision-makers and multidisciplinary project teams,60–180 minutes,"Defined decision problem, realistic comparator, local evidence, named owners, and applicable institutional requirements","Versioned institutional decision record with conditions, monitoring, review date, and exit route",Book Chapter 1; governed working copy; accountable owner,At initiation and each material review,Essential when relevant to the decision,DOCX for narrative work; XLSX for registers and calculations,Low to moderate,Define a new proposal,default,2026-09-02
AIHE-RG07,Common AI Adoption Failures and Corrective Actions,1,docx; xlsx; csv; json; md,"Identify recurring technology-led, economic, workflow, evidence, governance, procurement, and lifecycle failures and record preventive controls.",V1.0,public,1-12,chapters/01/guides/AIHE-RG07,AI as a Health-System Intervention,,Reference guide,,yes,docs/forms/AIHE-RG07/index.html,yes,docs/process/resources/AIHE-RG07.html,Introductory to applied,"Readers selecting methods, standards, guidance, or appraisal tools",20–60 minutes,"Defined question, jurisdiction, study design, or implementation context",Documented selection and status of the relevant instrument,Book Chapter 1 or related decision pathway,Whenever guidance or standards are selected or updated,Recommended,"Browser form, DOCX, or spreadsheet",Low to moderate,Consult a reference guide,default,2026-09-02
AIHE-CASE00,Common Case-Analysis Method,1,md; docx; xlsx; csv; json,"Provide a consistent problem-first, evidence, economic, governance, and lifecycle method for analysing worked and local cases.",V1.0,public,1-15,worked_examples/00_case_method,AI as a Health-System Intervention,AIHE-A01; AIHE-B01; AIHE-C03; AIHE-D02; AIHE-E01,Case-analysis method,,no,,no,,Introductory,All readers using worked or local cases,20–40 minutes,A defined institutional question or selected worked case,Structured case-analysis plan,None,Before beginning a case,Recommended,Guide and editable template,Low,Explore a worked example,default,2026-09-02
AIHE-CASE01,Emergency-Department Triage Portfolio Decision,1,md; csv; json; xlsx,"Which intervention should the hospital test first when AI, staffing, and process redesign compete for the same limited resources?",V1.0,public,1,worked_examples/CASE01_triage,AI as a Health-System Intervention,AIHE-A01; AIHE-W; AIHE-X; AIHE-EX01; AIHE-K; AIHE-H,Worked case,,no,,no,,Introductory to applied,"Readers, students, and practitioners",45–120 minutes,No local data required; synthetic assumptions are supplied,Completed case interpretation and conditional recommendation,Book Chapter 1 or the case orientation,"Orientation, self-study, or method demonstration",Recommended,"Browser demonstration, workbook, scenario, and worked solution",Low,Explore a worked example,default,2026-09-02
AIHE-EX01,Project Intake and Stakeholder Register,1,docx; xlsx; csv; json; md; mmd; svg; png,"Capture the initiating problem, project scope, accountable owners, affected groups, and decision rights.",V1.0,optional,"1,9,12",chapters/01/core/AIHE-A02/supp/AIHE-EX01,AI as a Health-System Intervention,AIHE-A02,Supplemental specialist tool,,no,,yes,docs/process/resources/AIHE-EX01.html,Applied to advanced,Specialist project contributors and institutional reviewers,30–120 minutes,A defined decision and the evidence required by the specialist task,"Supporting analysis, register, checklist, or decision record",Aligned core resource or Book Chapter 1,As required by the decision,Optional or conditionally required,"DOCX, XLSX, or structured data",Moderate,Use a specialist resource,advanced,2026-09-02
AIHE-W,AI Use-Case Canvas,1,docx; xlsx; csv; json; md; mmd; svg; png,"Define the problem, population, intended users, intervention bundle, comparator, outcomes, and initial risks.",V1.0,optional,"1,9,12",chapters/01/core/AIHE-A01/supp/AIHE-W,AI as a Health-System Intervention,AIHE-A01,Supplemental specialist tool,,no,,yes,docs/process/resources/AIHE-W.html,Applied to advanced,Specialist project contributors and institutional reviewers,30–120 minutes,A defined decision and the evidence required by the specialist task,"Supporting analysis, register, checklist, or decision record",Aligned core resource or Book Chapter 1,As required by the decision,Optional or conditionally required,"DOCX, XLSX, or structured data",Moderate,Use a specialist resource,advanced,2026-09-02
AIHE-X,Decision Problem Template,1,docx; xlsx; csv; json; md; mmd; svg; png,"Specify population, intervention, comparator, outcomes, perspective, setting, time horizon, and decision rule.",V1.0,optional,"1,6,7,8,12",chapters/01/core/AIHE-A01/supp/AIHE-X,AI as a Health-System Intervention,AIHE-A01,Supplemental specialist tool,,no,,yes,docs/process/resources/AIHE-X.html,Applied to advanced,Specialist project contributors and institutional reviewers,30–120 minutes,A defined decision and the evidence required by the specialist task,"Supporting analysis, register, checklist, or decision record",Aligned core resource or Book Chapter 1,As required by the decision,Optional or conditionally required,"DOCX, XLSX, or structured data",Moderate,Use a specialist resource,advanced,2026-09-02
AIHE-A03,Institutional Readiness Assessment,2,docx; xlsx; csv; json; md; mmd; svg; png,"Assess strategic, data, infrastructure, workflow, workforce, quality, economic, governance, procurement, and sustainability readiness.",V1.0,public,"2, 4, 5, 9, 10, 12",chapters/02/core/AIHE-A03,Institutional Readiness and Digital Foundations,AIHE-A; AIHE-L,Core,AIHE-A; AIHE-L,yes,docs/forms/AIHE-A03/index.html,yes,docs/process/resources/AIHE-A03.html,Applied,Institutional decision-makers and multidisciplinary project teams,60–180 minutes,"Defined decision problem, realistic comparator, local evidence, named owners, and applicable institutional requirements","Versioned institutional decision record with conditions, monitoring, review date, and exit route",Book Chapter 2; governed working copy; accountable owner,At initiation and each material review,Essential when relevant to the decision,DOCX for narrative work; XLSX for registers and calculations,Low to moderate,Define a new proposal,default,2026-09-02
AIHE-A04,"Data Source, Provenance, and Fitness Record",2,docx; xlsx; csv; json; md; mmd; svg; png,"Document source and derived data assets, authority, definitions, transformations, quality, lineage, monitoring, and remediation.",V1.0,public,"2, 8, 11, 12",chapters/02/core/AIHE-A04,Institutional Readiness and Digital Foundations,AIHE-EX03; AIHE-Y; AIHE-U,Core,AIHE-EX03; AIHE-Y; AIHE-U,yes,docs/forms/AIHE-A04/index.html,yes,docs/process/resources/AIHE-A04.html,Applied,Institutional decision-makers and multidisciplinary project teams,60–180 minutes,"Defined decision problem, realistic comparator, local evidence, named owners, and applicable institutional requirements","Versioned institutional decision record with conditions, monitoring, review date, and exit route",Book Chapter 2; governed working copy; accountable owner,At initiation and each material review,Essential when relevant to the decision,DOCX for narrative work; XLSX for registers and calculations,Low to moderate,Define a new proposal,default,2026-09-02
AIHE-CASE02,Readmission-Model Readiness and Data-Fitness Assessment,2,md; csv; json; xlsx,"Is the organization ready to validate and pilot a readmission-risk model, and which capability gaps must be remediated first?",V1.0,public,2,worked_examples/CASE02_readiness,Institutional Readiness and Digital Foundations,AIHE-A03; AIHE-A; AIHE-L; AIHE-A04; AIHE-EX03; AIHE-Y; AIHE-U; AIHE-PY01; AIHE-PY03; AIHE-PY33,Worked case,,no,,no,,Introductory to applied,"Readers, students, and practitioners",45–120 minutes,No local data required; synthetic assumptions are supplied,Completed case interpretation and conditional recommendation,Book Chapter 2 or the case orientation,"Orientation, self-study, or method demonstration",Recommended,"Browser demonstration, workbook, scenario, and worked solution",Low,Explore a worked example,default,2026-09-02
AIHE-PY01,"Data quality, fitness-for-purpose, and mapping audit",2,py; ipynb; xlsx; csv; json; png; md,"Profiles missingness, duplicates, implausible values, subgroup coverage, and terminology-mapping completeness before AI validation or economic analysis.",V1.0,public,"2, 11",chapters/02/py/PY01_data_quality,Institutional Readiness and Digital Foundations,AIHE-A04; AIHE-B05; AIHE-CASE02,Python analytics,,no,,no,,Advanced,"Health economists, analysts, researchers, informatics teams, and technical reviewers",1–4 hours,"Defined model question, governed input data, and a supported Python environment","Reproducible analytical output with archived inputs, code, assumptions, and interpretation",Book Chapter 2; method knowledge; Python or Jupyter capability,When quantitative analysis is decision-relevant,Optional advanced analysis,"Python script, Jupyter notebook, and accompanying wb",High,Run an analysis,advanced,2026-09-02
AIHE-PY03,Missing-data sensitivity analysis,2,py; ipynb; xlsx; csv; json; png; md,"Shows how complete-case analysis, simple imputation, and best/worst-case assumptions can change estimated outcomes and costs.",V1.0,public,"2, 11",chapters/02/py/PY03_missing_data,Institutional Readiness and Digital Foundations,AIHE-A04; AIHE-B05; AIHE-CASE02,Python analytics,,no,,no,,Advanced,"Health economists, analysts, researchers, informatics teams, and technical reviewers",1–4 hours,"Defined model question, governed input data, and a supported Python environment","Reproducible analytical output with archived inputs, code, assumptions, and interpretation",Book Chapter 2; method knowledge; Python or Jupyter capability,When quantitative analysis is decision-relevant,Optional advanced analysis,"Python script, Jupyter notebook, and accompanying wb",High,Run an analysis,advanced,2026-09-02
AIHE-PY33,Patient or service segmentation using clustering,2,py; ipynb; xlsx; csv; json; png; md,"Uses standardized features and k-means clustering to identify groups with different utilization, risk, cost, or workflow patterns.",V1.0,public,"2, 11",chapters/02/py/PY33_clustering,Institutional Readiness and Digital Foundations,AIHE-A04; AIHE-CASE02,Python analytics,,no,,no,,Advanced,"Health economists, analysts, researchers, informatics teams, and technical reviewers",1–4 hours,"Defined model question, governed input data, and a supported Python environment","Reproducible analytical output with archived inputs, code, assumptions, and interpretation",Book Chapter 2; method knowledge; Python or Jupyter capability,When quantitative analysis is decision-relevant,Optional advanced analysis,"Python script, Jupyter notebook, and accompanying wb",High,Run an analysis,advanced,2026-09-02
AIHE-A,AI Readiness Assessment for Health Systems,2,docx; xlsx; csv; json; md; mmd; svg; png,"Assess strategic, data, infrastructure, workforce, governance, economic, ethical, security, and monitoring readiness at organizational and use-case levels.",V1.0,optional,"2,4,9,12",chapters/02/core/AIHE-A03/supp/AIHE-A,Institutional Readiness and Digital Foundations,AIHE-A03,Supplemental specialist tool,,no,,yes,docs/process/resources/AIHE-A.html,Applied to advanced,Specialist project contributors and institutional reviewers,30–120 minutes,A defined decision and the evidence required by the specialist task,"Supporting analysis, register, checklist, or decision record",Aligned core resource or Book Chapter 2,As required by the decision,Optional or conditionally required,"DOCX, XLSX, or structured data",Moderate,Use a specialist resource,advanced,2026-09-02
AIHE-EX03,Data Source Map and Access Record,2,docx; xlsx; csv; json; md; mmd; svg; png,"Document data sources, access authority, interoperability, quality, provenance, and reuse constraints.",V1.0,optional,"2,11,12",chapters/02/core/AIHE-A04/supp/AIHE-EX03,Institutional Readiness and Digital Foundations,AIHE-A04,Supplemental specialist tool,,no,,yes,docs/process/resources/AIHE-EX03.html,Applied to advanced,Specialist project contributors and institutional reviewers,30–120 minutes,A defined decision and the evidence required by the specialist task,"Supporting analysis, register, checklist, or decision record",Aligned core resource or Book Chapter 2,As required by the decision,Optional or conditionally required,"DOCX, XLSX, or structured data",Moderate,Use a specialist resource,advanced,2026-09-02
AIHE-L,Health-System AI Readiness Maturity Assessment,2,docx; xlsx; csv; json; md; mmd; svg; png,Rate health-system maturity by domain and identify the weakest critical capability and prerequisites before pilot or scale.,V1.0,optional,"2,4,12",chapters/02/core/AIHE-A03/supp/AIHE-L,Institutional Readiness and Digital Foundations,AIHE-A03,Supplemental specialist tool,,no,,yes,docs/process/resources/AIHE-L.html,Applied to advanced,Specialist project contributors and institutional reviewers,30–120 minutes,A defined decision and the evidence required by the specialist task,"Supporting analysis, register, checklist, or decision record",Aligned core resource or Book Chapter 2,As required by the decision,Optional or conditionally required,"DOCX, XLSX, or structured data",Moderate,Use a specialist resource,advanced,2026-09-02
AIHE-U,SHARE-AI Secondary-Use Governance Worksheet,2,docx; xlsx; csv; json; md; mmd; svg; png,"Authorize secondary data use through purpose, harmonization, access, risk, public value, and audit controls.",V1.0,optional,"2,10,11,12",chapters/02/core/AIHE-A04/supp/AIHE-U,Institutional Readiness and Digital Foundations,AIHE-A04,Supplemental specialist tool,,no,,yes,docs/process/resources/AIHE-U.html,Applied to advanced,Specialist project contributors and institutional reviewers,30–120 minutes,A defined decision and the evidence required by the specialist task,"Supporting analysis, register, checklist, or decision record",Aligned core resource or Book Chapter 2,As required by the decision,Optional or conditionally required,"DOCX, XLSX, or structured data",Moderate,Use a specialist resource,advanced,2026-09-02
AIHE-Y,Data Quality and Fitness-for-Purpose Assessment,2,docx; xlsx; csv; json; md; mmd; svg; png,"Assess completeness, plausibility, consistency, timeliness, representativeness, lineage, and actionability.",V1.0,optional,"2,11,12",chapters/02/core/AIHE-A04/supp/AIHE-Y,Institutional Readiness and Digital Foundations,AIHE-A04,Supplemental specialist tool,,no,,yes,docs/process/resources/AIHE-Y.html,Applied to advanced,Specialist project contributors and institutional reviewers,30–120 minutes,A defined decision and the evidence required by the specialist task,"Supporting analysis, register, checklist, or decision record",Aligned core resource or Book Chapter 2,As required by the decision,Optional or conditionally required,"DOCX, XLSX, or structured data",Moderate,Use a specialist resource,advanced,2026-09-02
AIHE-C04,Human Oversight and Accountability Matrix,3,docx; xlsx; csv; json; md; mmd; svg; png,"Assign accountability, responsibility, consultation, information, escalation, pause, update, restart, and retirement authority.",V1.0,public,"3, 10, 12",chapters/03/core/AIHE-C04,Human–AI Decision Systems and Managerial Action,AIHE-O,Core,AIHE-O,yes,docs/forms/AIHE-C04/index.html,yes,docs/process/resources/AIHE-C04.html,Applied,Institutional decision-makers and multidisciplinary project teams,60–180 minutes,"Defined decision problem, realistic comparator, local evidence, named owners, and applicable institutional requirements","Versioned institutional decision record with conditions, monitoring, review date, and exit route",Book Chapter 3; governed working copy; accountable owner,At initiation and each material review,Essential when relevant to the decision,DOCX for narrative work; XLSX for registers and calculations,Low to moderate,Define accountable human oversight,default,2026-09-02
AIHE-CASE03,Deterioration Alert Under Constrained Review Capacity,3,md; csv; json; xlsx,Which alert threshold produces an operationally safe balance between missed deterioration and review burden?,V1.0,public,3,worked_examples/CASE03_alert_capacity,Human–AI Decision Systems and Managerial Action,AIHE-EX05; AIHE-EX06; AIHE-C04; AIHE-O; AIHE-I; AIHE-PY06; AIHE-PY21; AIHE-PY34; AIHE-PY35,Worked case,,no,,no,,Introductory to applied,"Readers, students, and practitioners",45–120 minutes,No local data required; synthetic assumptions are supplied,Completed case interpretation and conditional recommendation,Book Chapter 3 or the case orientation,"Orientation, self-study, or method demonstration",Recommended,"Browser demonstration, workbook, scenario, and worked solution",Low,Explore a worked example,default,2026-09-02
AIHE-CASE03B,Hospital Command Dashboard and Patient Flow,3,md; csv; json; xlsx,Evaluate whether and under what conditions a command dashboard should be scaled as a permanent patient-flow management intervention.,V1.0,public,"3, 5, 8, 11, 12",worked_examples/CASE03B_dashboard_flow,Human–AI Decision Systems and Managerial Action,AIHE-C01; AIHE-C02; AIHE-C04; AIHE-B03; AIHE-I; AIHE-PY21; AIHE-PY23; AIHE-PY34; AIHE-PY35,Worked case,,no,,no,,Introductory to applied,"Readers, students, and practitioners",45–120 minutes,No local data required; synthetic assumptions are supplied,Completed case interpretation and conditional recommendation,Book Chapter 3 or the case orientation,"Orientation, self-study, or method demonstration",Recommended,"Browser demonstration, workbook, scenario, and worked solution",Low,Explore a worked example,default,2026-09-02
AIHE-PY06,Decision-curve analysis,3,py; ipynb; xlsx; csv; json; png; md,Compares prediction-model net benefit with treat-all and treat-none strategies across clinically relevant thresholds.,V1.0,public,"3, 7, 11",chapters/03/py/PY06_decision_curve,Human–AI Decision Systems and Managerial Action,AIHE-C04; AIHE-B05; AIHE-CASE03,Python analytics,,no,,no,,Advanced,"Health economists, analysts, researchers, informatics teams, and technical reviewers",1–4 hours,"Defined model question, governed input data, and a supported Python environment","Reproducible analytical output with archived inputs, code, assumptions, and interpretation",Book Chapter 3; method knowledge; Python or Jupyter capability,When quantitative analysis is decision-relevant,Optional advanced analysis,"Python script, Jupyter notebook, and accompanying wb",High,Run an analysis,advanced,2026-09-02
AIHE-PY21,Discrete-event simulation of hospital flow,3,py; ipynb; xlsx; csv; json; png; md,"Simulates arrivals, queues, service times, capacity, prioritization, and delays to assess how AI-enabled triage or scheduling affects operations.",V1.0,public,"3, 8",chapters/03/py/PY21_discrete_event,Human–AI Decision Systems and Managerial Action,AIHE-B05; AIHE-C04; AIHE-CASE03,Python analytics,,no,,no,,Advanced,"Health economists, analysts, researchers, informatics teams, and technical reviewers",1–4 hours,"Defined model question, governed input data, and a supported Python environment","Reproducible analytical output with archived inputs, code, assumptions, and interpretation",Book Chapter 3; method knowledge; Python or Jupyter capability,When quantitative analysis is decision-relevant,Optional advanced analysis,"Python script, Jupyter notebook, and accompanying wb",High,Run an analysis,advanced,2026-09-02
AIHE-PY34,"Time-series forecasting for demand, capacity, and budget planning",3,py; ipynb; xlsx; csv; json; png; md,Fits simple trend and exponential-smoothing forecasts to operational or financial time series and compares forecast accuracy.,V1.0,public,"3, 6, 8, 13",chapters/03/py/PY34_forecasting,Human–AI Decision Systems and Managerial Action,AIHE-C01; AIHE-B03; AIHE-CASE03,Python analytics,,no,,no,,Advanced,"Health economists, analysts, researchers, informatics teams, and technical reviewers",1–4 hours,"Defined model question, governed input data, and a supported Python environment","Reproducible analytical output with archived inputs, code, assumptions, and interpretation",Book Chapter 3; method knowledge; Python or Jupyter capability,When quantitative analysis is decision-relevant,Optional advanced analysis,"Python script, Jupyter notebook, and accompanying wb",High,Run an analysis,advanced,2026-09-02
AIHE-PY35,Constrained resource-allocation optimization,3,py; ipynb; xlsx; csv; json; png; md,"Selects an allocation across candidate AI or service options to maximize expected value subject to budget, workforce, capacity, and minimum-service constraints.",V1.0,public,"3, 8, 13",chapters/03/py/PY35_allocation,Human–AI Decision Systems and Managerial Action,AIHE-B05; AIHE-CASE03,Python analytics,,no,,no,,Advanced,"Health economists, analysts, researchers, informatics teams, and technical reviewers",1–4 hours,"Defined model question, governed input data, and a supported Python environment","Reproducible analytical output with archived inputs, code, assumptions, and interpretation",Book Chapter 3; method knowledge; Python or Jupyter capability,When quantitative analysis is decision-relevant,Optional advanced analysis,"Python script, Jupyter notebook, and accompanying wb",High,Run an analysis,advanced,2026-09-02
AIHE-O,HOAM Accountability Workbook,3,docx; xlsx; csv; json; md; mmd; svg; png,"Assign accountable and responsible owners, consultation, information, escalation, pause, update, restart, and retirement authority.",V1.0,optional,"3,10,12",chapters/03/core/AIHE-C04/supp/AIHE-O,Human–AI Decision Systems and Managerial Action,AIHE-C04,Supplemental specialist tool,,no,,yes,docs/process/resources/AIHE-O.html,Applied to advanced,Specialist project contributors and institutional reviewers,30–120 minutes,A defined decision and the evidence required by the specialist task,"Supporting analysis, register, checklist, or decision record",Aligned core resource or Book Chapter 3,As required by the decision,Optional or conditionally required,"DOCX, XLSX, or structured data",Moderate,Use a specialist resource,advanced,2026-09-02
AIHE-B03,Benefit Realization and Capacity Conversion,4,docx; xlsx; csv; json; md; mmd; svg; png,"Translate claimed benefits into measurable mechanisms, owners, baselines, conversion conditions, and realized results.",V1.0,public,"4, 6, 7, 12",chapters/04/core/AIHE-B03,"Productivity, Work Redesign, and Implementation",AIHE-Z; AIHE-EX07,Core,AIHE-Z; AIHE-EX07,yes,docs/forms/AIHE-B03/index.html,yes,docs/process/resources/AIHE-B03.html,Applied,Institutional decision-makers and multidisciplinary project teams,60–180 minutes,"Defined decision problem, realistic comparator, local evidence, named owners, and applicable institutional requirements","Versioned institutional decision record with conditions, monitoring, review date, and exit route",Book Chapter 4; governed working copy; accountable owner,At initiation and each material review,Essential when relevant to the decision,DOCX for narrative work; XLSX for registers and calculations,Low to moderate,Prepare an economic and affordability case,default,2026-09-02
AIHE-RG03,Implementation Framework Selection Guide,4,docx; xlsx; csv; json; md,"Select CFIR, NASSS-CAT, RE-AIM/PRISM, TAM/UTAUT, and mixed-method approaches according to the implementation question rather than name recognition.",V1.0,public,"4, 11, 12",chapters/04/guides/AIHE-RG03,"Productivity, Work Redesign, and Implementation",,Reference guide,,yes,docs/forms/AIHE-RG03/index.html,yes,docs/process/resources/AIHE-RG03.html,Introductory to applied,"Readers selecting methods, standards, guidance, or appraisal tools",20–60 minutes,"Defined question, jurisdiction, study design, or implementation context",Documented selection and status of the relevant instrument,Book Chapter 4 or related decision pathway,Whenever guidance or standards are selected or updated,Recommended,"Browser form, DOCX, or spreadsheet",Low to moderate,Consult a reference guide,default,2026-09-02
AIHE-CASE04,Ambient Documentation Assistant: Productivity and Workforce Redesign,4,md; csv; json; xlsx,"How much of the claimed notes time saving becomes usable capacity after review, correction, adoption, and implementation costs?",V1.0,public,4,worked_examples/CASE04_ambient_docs,"Productivity, Work Redesign, and Implementation",AIHE-B03; AIHE-Z; AIHE-EX07; AIHE-R; AIHE-EX10; AIHE-PY22; AIHE-PY23; AIHE-PY28,Worked case,,no,,no,,Introductory to applied,"Readers, students, and practitioners",45–120 minutes,No local data required; synthetic assumptions are supplied,Completed case interpretation and conditional recommendation,Book Chapter 4 or the case orientation,"Orientation, self-study, or method demonstration",Recommended,"Browser demonstration, workbook, scenario, and worked solution",Low,Explore a worked example,default,2026-09-02
AIHE-PY22,"System-dynamics model of adoption, capacity, and value",4,py; ipynb; xlsx; csv; json; png; md,"Explores feedback among training, trust, adoption, workforce capacity, workload, benefit realization, and support burden over time.",V1.0,public,"4, 8, 12",chapters/04/py/PY22_system_dynamics,"Productivity, Work Redesign, and Implementation",AIHE-B03; AIHE-D02; AIHE-CASE04,Python analytics,,no,,no,,Advanced,"Health economists, analysts, researchers, informatics teams, and technical reviewers",1–4 hours,"Defined model question, governed input data, and a supported Python environment","Reproducible analytical output with archived inputs, code, assumptions, and interpretation",Book Chapter 4; method knowledge; Python or Jupyter capability,When quantitative analysis is decision-relevant,Optional advanced analysis,"Python script, Jupyter notebook, and accompanying wb",High,Run an analysis,advanced,2026-09-02
AIHE-PY23,Agent-based simulation of clinician adoption,4,py; ipynb; xlsx; csv; json; png; md,"Models heterogeneous clinicians whose adoption changes through training, peer influence, perceived usefulness, workload, and adverse incidents.",V1.0,public,"4, 8, 12",chapters/04/py/PY23_agent_based,"Productivity, Work Redesign, and Implementation",AIHE-D02; AIHE-RG03; AIHE-CASE04,Python analytics,,no,,no,,Advanced,"Health economists, analysts, researchers, informatics teams, and technical reviewers",1–4 hours,"Defined model question, governed input data, and a supported Python environment","Reproducible analytical output with archived inputs, code, assumptions, and interpretation",Book Chapter 4; method knowledge; Python or Jupyter capability,When quantitative analysis is decision-relevant,Optional advanced analysis,"Python script, Jupyter notebook, and accompanying wb",High,Run an analysis,advanced,2026-09-02
AIHE-PY28,"Workflow time, capacity, productivity, and benefit realization",4,py; ipynb; xlsx; csv; json; png; md,"Translates gross task-time savings into net time, usable capacity, realized output, quality-adjusted productivity, and economic value.",V1.0,public,"4, 6",chapters/04/py/PY28_productivity,"Productivity, Work Redesign, and Implementation",AIHE-B03; AIHE-CASE04,Python analytics,,no,,no,,Advanced,"Health economists, analysts, researchers, informatics teams, and technical reviewers",1–4 hours,"Defined model question, governed input data, and a supported Python environment","Reproducible analytical output with archived inputs, code, assumptions, and interpretation",Book Chapter 4; method knowledge; Python or Jupyter capability,When quantitative analysis is decision-relevant,Optional advanced analysis,"Python script, Jupyter notebook, and accompanying wb",High,Run an analysis,advanced,2026-09-02
AIHE-EX07,Benefit Realization and Capacity Conversion Log,4,docx; xlsx; csv; json; md; mmd; svg; png,"Assign each benefit to a mechanism, measure, owner, baseline, timing, accounting treatment, and verification source.",V1.0,optional,"4,6,7",chapters/04/core/AIHE-B03/supp/AIHE-EX07,"Productivity, Work Redesign, and Implementation",AIHE-B03,Supplemental specialist tool,,no,,yes,docs/process/resources/AIHE-EX07.html,Applied to advanced,Specialist project contributors and institutional reviewers,30–120 minutes,A defined decision and the evidence required by the specialist task,"Supporting analysis, register, checklist, or decision record",Aligned core resource or Book Chapter 4,As required by the decision,Optional or conditionally required,"DOCX, XLSX, or structured data",Moderate,Use a specialist resource,advanced,2026-09-02
AIHE-Z,ROI and Workflow Value Worksheet,4,docx; xlsx; csv; json; md; mmd; svg; png,"Distinguish gross time saved, review burden, capacity released, capacity used, and realized value.",V1.0,optional,"4,6,7",chapters/04/core/AIHE-B03/supp/AIHE-Z,"Productivity, Work Redesign, and Implementation",AIHE-B03,Supplemental specialist tool,,no,,yes,docs/process/resources/AIHE-Z.html,Applied to advanced,Specialist project contributors and institutional reviewers,30–120 minutes,A defined decision and the evidence required by the specialist task,"Supporting analysis, register, checklist, or decision record",Aligned core resource or Book Chapter 4,As required by the decision,Optional or conditionally required,"DOCX, XLSX, or structured data",Moderate,Use a specialist resource,advanced,2026-09-02
AIHE-C01,AI Quality-Control and Accreditation Evidence Plan,5,docx; xlsx; csv; json; md; mmd; svg; png,"Integrate AI-enabled services into quality control, accreditation evidence, monitoring, thresholds, action, and closure.",V1.0,public,"5, 10, 11, 12",chapters/05/core/AIHE-C01,"Quality Management, Accreditation, and Organizational Learning",AIHE-I,Core,AIHE-I; AIHE-QC01,yes,docs/forms/AIHE-C01/index.html,yes,docs/process/resources/AIHE-C01.html,Applied,Institutional decision-makers and multidisciplinary project teams,60–180 minutes,"Defined decision problem, realistic comparator, local evidence, named owners, and applicable institutional requirements","Versioned institutional decision record with conditions, monitoring, review date, and exit route",Book Chapter 5; governed working copy; accountable owner,At initiation and each material review,Essential when relevant to the decision,DOCX for narrative work; XLSX for registers and calculations,Low to moderate,Implement and monitor safely,default,2026-09-02
AIHE-C02,Corrective and Preventive Action Record,5,docx; xlsx; csv; json; md; mmd; svg; png,"Document nonconformity, containment, causal analysis, corrective and preventive action, effectiveness, residual risk, and closure.",V1.0,public,"5, 10, 12",chapters/05/core/AIHE-C02,"Quality Management, Accreditation, and Organizational Learning",,Core,AIHE-QC02,yes,docs/forms/AIHE-C02/index.html,yes,docs/process/resources/AIHE-C02.html,Applied,Institutional decision-makers and multidisciplinary project teams,60–180 minutes,"Defined decision problem, realistic comparator, local evidence, named owners, and applicable institutional requirements","Versioned institutional decision record with conditions, monitoring, review date, and exit route",Book Chapter 5; governed working copy; accountable owner,At initiation and each material review,Essential when relevant to the decision,DOCX for narrative work; XLSX for registers and calculations,Low to moderate,"Review an update, incident, or renewal",default,2026-09-02
AIHE-CASE05,"AI Quality-Control, Accreditation, and Corrective Action",5,md; csv; json; xlsx,"When should a change in performance trigger investigation, restriction, and corrective action within the quality-management system?",V1.0,public,5,worked_examples/CASE05_quality_capa,"Quality Management, Accreditation, and Organizational Learning",AIHE-C01; AIHE-C02; AIHE-I; AIHE-S; AIHE-EX12; AIHE-PY02,Worked case,,no,,no,,Introductory to applied,"Readers, students, and practitioners",45–120 minutes,No local data required; synthetic assumptions are supplied,Completed case interpretation and conditional recommendation,Book Chapter 5 or the case orientation,"Orientation, self-study, or method demonstration",Recommended,"Browser demonstration, workbook, scenario, and worked solution",Low,Explore a worked example,default,2026-09-02
AIHE-PY02,Descriptive statistics and visual comparisons,5,py; ipynb; xlsx; csv; json; png; md,"Summarizes numerical and categorical variables, compares groups, and creates baseline visual diagnostics before modeling.",V1.0,public,"3, 5, 11",chapters/05/py/PY02_descriptive,"Quality Management, Accreditation, and Organizational Learning",AIHE-C01; AIHE-CASE05,Python analytics,,no,,no,,Advanced,"Health economists, analysts, researchers, informatics teams, and technical reviewers",1–4 hours,"Defined model question, governed input data, and a supported Python environment","Reproducible analytical output with archived inputs, code, assumptions, and interpretation",Book Chapter 5; method knowledge; Python or Jupyter capability,When quantitative analysis is decision-relevant,Optional advanced analysis,"Python script, Jupyter notebook, and accompanying wb",High,Run an analysis,advanced,2026-09-02
AIHE-I,Health-System AI Indicator Library,5,docx; xlsx; csv; json; md; mmd; svg; png,"Select outcome, process, balancing, equity, workforce, economic, governance, environmental, and lifecycle indicators with definitions, owners, sources, thresholds, and actions.",V1.0,optional,"3,4,5,10,12,13,15",chapters/05/core/AIHE-C01/supp/AIHE-I,"Quality Management, Accreditation, and Organizational Learning",AIHE-C01,Supplemental specialist tool,,no,,yes,docs/process/resources/AIHE-I.html,Applied to advanced,Specialist project contributors and institutional reviewers,30–120 minutes,A defined decision and the evidence required by the specialist task,"Supporting analysis, register, checklist, or decision record",Aligned core resource or Book Chapter 5,As required by the decision,Optional or conditionally required,"DOCX, XLSX, or structured data",Moderate,Use a specialist resource,advanced,2026-09-02
AIHE-B01,Economic Evaluation Specification,6,docx; xlsx; csv; json; md; mmd; svg; png,"Define the economic decision, perspective, comparator, horizon, outcomes, costs, methods, uncertainty, safeguards, and validation.",V1.0,public,"6, 7, 8",chapters/06/core/AIHE-B01,"Lifecycle Cost, Pricing, and Benefit Realization",AIHE-B,Core,AIHE-B,yes,docs/forms/AIHE-B01/index.html,yes,docs/process/resources/AIHE-B01.html,Applied,Institutional decision-makers and multidisciplinary project teams,60–180 minutes,"Defined decision problem, realistic comparator, local evidence, named owners, and applicable institutional requirements","Versioned institutional decision record with conditions, monitoring, review date, and exit route",Book Chapter 6; governed working copy; accountable owner,At initiation and each material review,Essential when relevant to the decision,DOCX for narrative work; XLSX for registers and calculations,Low to moderate,Prepare an economic and affordability case,default,2026-09-02
AIHE-B02,Lifecycle Cost and Pricing Record,6,docx; xlsx; csv; json; md; mmd; svg; png,"Record acquisition through exit costs, resource use, pricing exposure, opportunity cost, residual value, and evidence.",V1.0,public,"6, 9, 12, 14, 15",chapters/06/core/AIHE-B02,"Lifecycle Cost, Pricing, and Benefit Realization",AIHE-M; AIHE-EX17,Core,AIHE-M; AIHE-EX17,yes,docs/forms/AIHE-B02/index.html,yes,docs/process/resources/AIHE-B02.html,Applied,Institutional decision-makers and multidisciplinary project teams,60–180 minutes,"Defined decision problem, realistic comparator, local evidence, named owners, and applicable institutional requirements","Versioned institutional decision record with conditions, monitoring, review date, and exit route",Book Chapter 6; governed working copy; accountable owner,At initiation and each material review,Essential when relevant to the decision,DOCX for narrative work; XLSX for registers and calculations,Low to moderate,Prepare an economic and affordability case,default,2026-09-02
AIHE-CASE06,"Five-Year Lifecycle Cost, Pricing, ROI, and Benefit Realization",6,md; csv; json; xlsx,"Does the proposed AI service create value after all lifecycle costs, pricing exposure, and benefit-conversion conditions are included?",V1.0,public,6,worked_examples/CASE06_cost_roi,"Lifecycle Cost, Pricing, and Benefit Realization",AIHE-B01; AIHE-B02; AIHE-B; AIHE-M; AIHE-EX17; AIHE-B03; AIHE-PY10; AIHE-PY11,Worked case,,no,,no,,Introductory to applied,"Readers, students, and practitioners",45–120 minutes,No local data required; synthetic assumptions are supplied,Completed case interpretation and conditional recommendation,Book Chapter 6 or the case orientation,"Orientation, self-study, or method demonstration",Recommended,"Browser demonstration, workbook, scenario, and worked solution",Low,Explore a worked example,default,2026-09-02
AIHE-PY10,Total Cost of AI Ownership (TCAIO) lifecycle costing,6,py; ipynb; xlsx; csv; json; png; md,"Calculates one-time and recurring AI costs, discounted present value, cost per use, and optimistic/base/conservative scenarios across the full lifecycle.",V1.0,public,"6, 9, 14, 15",chapters/06/py/PY10_cost_budget,"Lifecycle Cost, Pricing, and Benefit Realization",AIHE-B02; AIHE-CASE06,Python analytics,,no,,no,,Advanced,"Health economists, analysts, researchers, informatics teams, and technical reviewers",1–4 hours,"Defined model question, governed input data, and a supported Python environment","Reproducible analytical output with archived inputs, code, assumptions, and interpretation",Book Chapter 6; method knowledge; Python or Jupyter capability,When quantitative analysis is decision-relevant,Optional advanced analysis,"Python script, Jupyter notebook, and accompanying wb",High,Run an analysis,advanced,2026-09-02
AIHE-PY11,"ROI, net benefit, and benefit-realization analysis",6,py; ipynb; xlsx; csv; json; png; md,"Calculates gross and risk-adjusted benefits, total cost, net benefit, ROI, payback period, and the effect of realization probability and attribution assumptions.",V1.0,public,"4, 6, 7",chapters/06/py/PY11_finance_value,"Lifecycle Cost, Pricing, and Benefit Realization",AIHE-B03; AIHE-CASE06,Python analytics,,no,,no,,Advanced,"Health economists, analysts, researchers, informatics teams, and technical reviewers",1–4 hours,"Defined model question, governed input data, and a supported Python environment","Reproducible analytical output with archived inputs, code, assumptions, and interpretation",Book Chapter 6; method knowledge; Python or Jupyter capability,When quantitative analysis is decision-relevant,Optional advanced analysis,"Python script, Jupyter notebook, and accompanying wb",High,Run an analysis,advanced,2026-09-02
AIHE-B,Economic Evaluation Specification,6,docx; xlsx; csv; json; md; mmd; svg; png,"Specify the decision, perspective, comparator, costs, outcomes, horizon, uncertainty, distribution, and reporting plan.",V1.0,optional,"6,7,8,15",chapters/06/core/AIHE-B01/supp/AIHE-B,"Lifecycle Cost, Pricing, and Benefit Realization",AIHE-B01,Supplemental specialist tool,,no,,yes,docs/process/resources/AIHE-B.html,Applied to advanced,Specialist project contributors and institutional reviewers,30–120 minutes,A defined decision and the evidence required by the specialist task,"Supporting analysis, register, checklist, or decision record",Aligned core resource or Book Chapter 6,As required by the decision,Optional or conditionally required,"DOCX, XLSX, or structured data",Moderate,Use a specialist resource,advanced,2026-09-02
AIHE-EX17,AI Pricing and Contract Scenario Record,6,docx; xlsx; csv; json; md; mmd; svg; png,"Model base and variable fees in clinically legible units, cap exposure, price support explicitly, and link renewal to realized value.",V1.0,optional,"6,9,12",chapters/06/core/AIHE-B02/supp/AIHE-EX17,"Lifecycle Cost, Pricing, and Benefit Realization",AIHE-B02,Supplemental specialist tool,,no,,yes,docs/process/resources/AIHE-EX17.html,Applied to advanced,Specialist project contributors and institutional reviewers,30–120 minutes,A defined decision and the evidence required by the specialist task,"Supporting analysis, register, checklist, or decision record",Aligned core resource or Book Chapter 6,As required by the decision,Optional or conditionally required,"DOCX, XLSX, or structured data",Moderate,Use a specialist resource,advanced,2026-09-02
AIHE-M,TCAIO Costing Workbook,6,docx; xlsx; csv; json; md; mmd; svg; png,"Estimate incremental lifecycle costs from acquisition through operation, monitoring, material change, and exit.",V1.0,optional,"6,9,14,15",chapters/06/core/AIHE-B02/supp/AIHE-M,"Lifecycle Cost, Pricing, and Benefit Realization",AIHE-B02,Supplemental specialist tool,,no,,yes,docs/process/resources/AIHE-M.html,Applied to advanced,Specialist project contributors and institutional reviewers,30–120 minutes,A defined decision and the evidence required by the specialist task,"Supporting analysis, register, checklist, or decision record",Aligned core resource or Book Chapter 6,As required by the decision,Optional or conditionally required,"DOCX, XLSX, or structured data",Moderate,Use a specialist resource,advanced,2026-09-02
AIHE-B04,"Cost-Effectiveness, Budget Impact, and HTA Record",7,docx; xlsx; csv; json; md; mmd; svg; png,"Summarize cost-effectiveness, affordability, distribution, HTA, reimbursement, adoption conditions, uncertainty, and recommendation.",V1.0,public,"7, 8, 9, 11",chapters/07/core/AIHE-B04,"Economic Evaluation, Affordability, and Health Technology Assessment",AIHE-AA; AIHE-EX18,Core,AIHE-AA; AIHE-EX18,yes,docs/forms/AIHE-B04/index.html,yes,docs/process/resources/AIHE-B04.html,Applied,Institutional decision-makers and multidisciplinary project teams,60–180 minutes,"Defined decision problem, realistic comparator, local evidence, named owners, and applicable institutional requirements","Versioned institutional decision record with conditions, monitoring, review date, and exit route",Book Chapter 7; governed working copy; accountable owner,At initiation and each material review,Essential when relevant to the decision,DOCX for narrative work; XLSX for registers and calculations,Low to moderate,Prepare an economic and affordability case,default,2026-09-02
AIHE-CASE07,"Remote Monitoring: Cost-Effectiveness, Budget Impact, and HTA",7,md; csv; json; xlsx,Can an intervention be cost-effective yet remain unaffordable or unsuitable for local adoption?,V1.0,public,7,worked_examples/CASE07_remote_monitor,"Economic Evaluation, Affordability, and Health Technology Assessment",AIHE-B04; AIHE-AA; AIHE-EX18; AIHE-EX04; AIHE-AC; AIHE-PY12; AIHE-PY13; AIHE-PY16,Worked case,,no,,no,,Introductory to applied,"Readers, students, and practitioners",45–120 minutes,No local data required; synthetic assumptions are supplied,Completed case interpretation and conditional recommendation,Book Chapter 7 or the case orientation,"Orientation, self-study, or method demonstration",Recommended,"Browser demonstration, workbook, scenario, and worked solution",Low,Explore a worked example,default,2026-09-02
AIHE-PY12,"Cost-effectiveness, ICER, and net monetary benefit",7,py; ipynb; xlsx; csv; json; png; md,"Compares an AI-enabled pathway with a comparator using incremental cost, incremental effect, ICER, net monetary benefit, and dominance rules.",V1.0,public,"7, 8, 15",chapters/07/py/PY12_cost_effect,"Economic Evaluation, Affordability, and Health Technology Assessment",AIHE-B04; AIHE-CASE07,Python analytics,,no,,no,,Advanced,"Health economists, analysts, researchers, informatics teams, and technical reviewers",1–4 hours,"Defined model question, governed input data, and a supported Python environment","Reproducible analytical output with archived inputs, code, assumptions, and interpretation",Book Chapter 7; method knowledge; Python or Jupyter capability,When quantitative analysis is decision-relevant,Optional advanced analysis,"Python script, Jupyter notebook, and accompanying wb",High,Run an analysis,advanced,2026-09-02
AIHE-PY13,Multiyear budget-impact analysis,7,py; ipynb; xlsx; csv; json; png; md,"Estimates annual and cumulative financial consequences for a specific budget holder under low, base, and high adoption or effectiveness scenarios.",V1.0,public,"6, 7, 8",chapters/07/py/PY13_budget_impact,"Economic Evaluation, Affordability, and Health Technology Assessment",AIHE-B04; AIHE-CASE07,Python analytics,,no,,no,,Advanced,"Health economists, analysts, researchers, informatics teams, and technical reviewers",1–4 hours,"Defined model question, governed input data, and a supported Python environment","Reproducible analytical output with archived inputs, code, assumptions, and interpretation",Book Chapter 7; method knowledge; Python or Jupyter capability,When quantitative analysis is decision-relevant,Optional advanced analysis,"Python script, Jupyter notebook, and accompanying wb",High,Run an analysis,advanced,2026-09-02
AIHE-PY16,Distributional cost-effectiveness and equity-weighted analysis,7,py; ipynb; xlsx; csv; json; png; md,"Compares costs, effects, net monetary benefit, access, and equity-weighted value across population groups.",V1.0,public,"7, 10, 15",chapters/07/py/PY16_distributional,"Economic Evaluation, Affordability, and Health Technology Assessment",AIHE-B04; AIHE-C03; AIHE-CASE07,Python analytics,,no,,no,,Advanced,"Health economists, analysts, researchers, informatics teams, and technical reviewers",1–4 hours,"Defined model question, governed input data, and a supported Python environment","Reproducible analytical output with archived inputs, code, assumptions, and interpretation",Book Chapter 7; method knowledge; Python or Jupyter capability,When quantitative analysis is decision-relevant,Optional advanced analysis,"Python script, Jupyter notebook, and accompanying wb",High,Run an analysis,advanced,2026-09-02
AIHE-AA,Cost-Effectiveness and Budget-Impact Tool,7,docx; xlsx; csv; json; md; mmd; svg; png,"Compare incremental costs and outcomes, net benefit, affordability, uptake, cash flow, and sensitivity scenarios.",V1.0,optional,"7,8",chapters/07/core/AIHE-B04/supp/AIHE-AA,"Economic Evaluation, Affordability, and Health Technology Assessment",AIHE-B04,Supplemental specialist tool,,no,,yes,docs/process/resources/AIHE-AA.html,Applied to advanced,Specialist project contributors and institutional reviewers,30–120 minutes,A defined decision and the evidence required by the specialist task,"Supporting analysis, register, checklist, or decision record",Aligned core resource or Book Chapter 7,As required by the decision,Optional or conditionally required,"DOCX, XLSX, or structured data",Moderate,Use a specialist resource,advanced,2026-09-02
AIHE-EX18,"HTA, Reimbursement, and Adoption Record",7,docx; xlsx; csv; json; md; mmd; svg; png,"Distinguish regulatory authorization, HTA, reimbursement or payment, procurement, and local adoption; record the authority, perspective, evidence, gaps, and continuing evidence conditions for each layer.",V1.0,optional,"7,9,11,12",chapters/07/core/AIHE-B04/supp/AIHE-EX18,"Economic Evaluation, Affordability, and Health Technology Assessment",AIHE-B04,Supplemental specialist tool,,no,,yes,docs/process/resources/AIHE-EX18.html,Applied to advanced,Specialist project contributors and institutional reviewers,30–120 minutes,A defined decision and the evidence required by the specialist task,"Supporting analysis, register, checklist, or decision record",Aligned core resource or Book Chapter 7,As required by the decision,Optional or conditionally required,"DOCX, XLSX, or structured data",Moderate,Use a specialist resource,advanced,2026-09-02
AIHE-B05,"Model Selection, Uncertainty, and Reproducibility",8,docx; xlsx; csv; json; md; mmd; svg; png,"Select a decision model from the problem structure and document evidence, verification, uncertainty, and reproducibility.",V1.0,public,"8, 11, 15",chapters/08/core/AIHE-B05,"Decision Modelling, Simulation, and the Value of Information",AIHE-EX15; AIHE-EX16; AIHE-AF; AIHE-EX04; AIHE-EX05; AIHE-EX06,Core,AIHE-EX15; AIHE-EX16; AIHE-AF; AIHE-EX04; AIHE-EX06,yes,docs/forms/AIHE-B05/index.html,yes,docs/process/resources/AIHE-B05.html,Applied,Institutional decision-makers and multidisciplinary project teams,60–180 minutes,"Defined decision problem, realistic comparator, local evidence, named owners, and applicable institutional requirements","Versioned institutional decision record with conditions, monitoring, review date, and exit route",Book Chapter 8; governed working copy; accountable owner,At initiation and each material review,Essential when relevant to the decision,DOCX for narrative work; XLSX for registers and calculations,Low to moderate,Prepare an economic and affordability case,default,2026-09-02
AIHE-RG05,Scenario Planning and Real-Options Worksheet,8,docx; xlsx; csv; json; md,"Examine uncertainty through alternative futures, thresholds, staged commitments, learning options, contract flexibility, and explicit exit criteria.",V1.0,public,"1, 6-9, 12, 15",chapters/08/guides/AIHE-RG05,"Decision Modelling, Simulation, and the Value of Information",,Reference guide,,yes,docs/forms/AIHE-RG05/index.html,yes,docs/process/resources/AIHE-RG05.html,Introductory to applied,"Readers selecting methods, standards, guidance, or appraisal tools",20–60 minutes,"Defined question, jurisdiction, study design, or implementation context",Documented selection and status of the relevant instrument,Book Chapter 8 or related decision pathway,Whenever guidance or standards are selected or updated,Recommended,"Browser form, DOCX, or spreadsheet",Low to moderate,Consult a reference guide,default,2026-09-02
AIHE-CASE08,Imaging Prioritization Decision Model and Value of Information,8,md; csv; json; xlsx,"Which uncertainty is most likely to change the adoption decision, and is further evidence worth its cost?",V1.0,public,8,worked_examples/CASE08_imaging_voi,"Decision Modelling, Simulation, and the Value of Information",AIHE-B05; AIHE-EX15; AIHE-EX16; AIHE-AA; AIHE-PY14; AIHE-PY15; AIHE-PY18; AIHE-PY19; AIHE-PY20,Worked case,,no,,no,,Introductory to applied,"Readers, students, and practitioners",45–120 minutes,No local data required; synthetic assumptions are supplied,Completed case interpretation and conditional recommendation,Book Chapter 8 or the case orientation,"Orientation, self-study, or method demonstration",Recommended,"Browser demonstration, workbook, scenario, and worked solution",Low,Explore a worked example,default,2026-09-02
AIHE-PY14,Deterministic sensitivity and tornado analysis,8,py; ipynb; xlsx; csv; json; png; md,Tests how one uncertain input at a time changes net monetary benefit or another linear decision outcome and ranks decision drivers.,V1.0,public,8,chapters/08/py/PY14_sensitivity,"Decision Modelling, Simulation, and the Value of Information",AIHE-B05; AIHE-RG05; AIHE-CASE08,Python analytics,,no,,no,,Advanced,"Health economists, analysts, researchers, informatics teams, and technical reviewers",1–4 hours,"Defined model question, governed input data, and a supported Python environment","Reproducible analytical output with archived inputs, code, assumptions, and interpretation",Book Chapter 8; method knowledge; Python or Jupyter capability,When quantitative analysis is decision-relevant,Optional advanced analysis,"Python script, Jupyter notebook, and accompanying wb",High,Run an analysis,advanced,2026-09-02
AIHE-PY15,"Probabilistic sensitivity analysis, CEAC, and EVPI",8,py; ipynb; xlsx; csv; json; png; md,"Propagates uncertainty in incremental costs and effects through Monte Carlo simulation, estimates cost-effectiveness probabilities across thresholds, and computes expected value of perfect information.",V1.0,public,8,chapters/08/py/PY15_psa_voi,"Decision Modelling, Simulation, and the Value of Information",AIHE-B05; AIHE-RG05; AIHE-CASE08,Python analytics,,no,,no,,Advanced,"Health economists, analysts, researchers, informatics teams, and technical reviewers",1–4 hours,"Defined model question, governed input data, and a supported Python environment","Reproducible analytical output with archived inputs, code, assumptions, and interpretation",Book Chapter 8; method knowledge; Python or Jupyter capability,When quantitative analysis is decision-relevant,Optional advanced analysis,"Python script, Jupyter notebook, and accompanying wb",High,Run an analysis,advanced,2026-09-02
AIHE-PY18,Decision-tree pathway model,8,py; ipynb; xlsx; csv; json; png; md,"Calculates expected cost, effect, events, and net monetary benefit for short AI and comparator pathways with mutually exclusive outcome branches.",V1.0,public,8,chapters/08/py/PY18_decision_tree,"Decision Modelling, Simulation, and the Value of Information",AIHE-B05; AIHE-CASE08,Python analytics,,no,,no,,Advanced,"Health economists, analysts, researchers, informatics teams, and technical reviewers",1–4 hours,"Defined model question, governed input data, and a supported Python environment","Reproducible analytical output with archived inputs, code, assumptions, and interpretation",Book Chapter 8; method knowledge; Python or Jupyter capability,When quantitative analysis is decision-relevant,Optional advanced analysis,"Python script, Jupyter notebook, and accompanying wb",High,Run an analysis,advanced,2026-09-02
AIHE-PY19,Markov cohort model for long-term AI evaluation,8,py; ipynb; xlsx; csv; json; png; md,"Simulates repeated transitions among health states for AI and usual care, accumulating discounted costs and QALYs over time.",V1.0,public,8,chapters/08/py/PY19_markov,"Decision Modelling, Simulation, and the Value of Information",AIHE-B05; AIHE-CASE08,Python analytics,,no,,no,,Advanced,"Health economists, analysts, researchers, informatics teams, and technical reviewers",1–4 hours,"Defined model question, governed input data, and a supported Python environment","Reproducible analytical output with archived inputs, code, assumptions, and interpretation",Book Chapter 8; method knowledge; Python or Jupyter capability,When quantitative analysis is decision-relevant,Optional advanced analysis,"Python script, Jupyter notebook, and accompanying wb",High,Run an analysis,advanced,2026-09-02
AIHE-PY20,Patient-level microsimulation,8,py; ipynb; xlsx; csv; json; png; md,"Simulates heterogeneous patients over repeated cycles so history, subgroup risk, adherence, and individual outcomes can affect AI value.",V1.0,public,8,chapters/08/py/PY20_microsim,"Decision Modelling, Simulation, and the Value of Information",AIHE-B05; AIHE-CASE08,Python analytics,,no,,no,,Advanced,"Health economists, analysts, researchers, informatics teams, and technical reviewers",1–4 hours,"Defined model question, governed input data, and a supported Python environment","Reproducible analytical output with archived inputs, code, assumptions, and interpretation",Book Chapter 8; method knowledge; Python or Jupyter capability,When quantitative analysis is decision-relevant,Optional advanced analysis,"Python script, Jupyter notebook, and accompanying wb",High,Run an analysis,advanced,2026-09-02
AIHE-AF,"Evidence, Reporting, and Assurance Crosswalk",8,docx; xlsx; csv; json; md; mmd; svg; png,"Match evidence and assurance needs to reporting standards, appraisal tools, lifecycle guidance, and management systems.",V1.0,optional,"9,10,11,12",chapters/08/core/AIHE-B05/supp/AIHE-AF,"Decision Modelling, Simulation, and the Value of Information",AIHE-B05,Supplemental specialist tool,,no,,yes,docs/process/resources/AIHE-AF.html,Applied to advanced,Specialist project contributors and institutional reviewers,30–120 minutes,A defined decision and the evidence required by the specialist task,"Supporting analysis, register, checklist, or decision record",Aligned core resource or Book Chapter 8,As required by the decision,Optional or conditionally required,"DOCX, XLSX, or structured data",Moderate,Use a specialist resource,advanced,2026-09-02
AIHE-EX04,Evidence and Assumption Log,8,docx; xlsx; csv; json; md; mmd; svg; png,"Link each material claim and assumption to evidence, quality, applicability, uncertainty, owner, and action.",V1.0,optional,"7,8,11,12",chapters/08/core/AIHE-B05/supp/AIHE-EX04,"Decision Modelling, Simulation, and the Value of Information",AIHE-B05,Supplemental specialist tool,,no,,yes,docs/process/resources/AIHE-EX04.html,Applied to advanced,Specialist project contributors and institutional reviewers,30–120 minutes,A defined decision and the evidence required by the specialist task,"Supporting analysis, register, checklist, or decision record",Aligned core resource or Book Chapter 8,As required by the decision,Optional or conditionally required,"DOCX, XLSX, or structured data",Moderate,Use a specialist resource,advanced,2026-09-02
AIHE-EX06,Model Card and AI Intervention Fact Sheet,8,docx; xlsx; csv; json; md; mmd; svg; png,"Record the exact system, version, intended and prohibited uses, evidence, limitations, human oversight, and monitoring.",V1.0,optional,"3,9,11,12",chapters/08/core/AIHE-B05/supp/AIHE-EX06,"Decision Modelling, Simulation, and the Value of Information",AIHE-B05,Supplemental specialist tool,,no,,yes,docs/process/resources/AIHE-EX06.html,Applied to advanced,Specialist project contributors and institutional reviewers,30–120 minutes,A defined decision and the evidence required by the specialist task,"Supporting analysis, register, checklist, or decision record",Aligned core resource or Book Chapter 8,As required by the decision,Optional or conditionally required,"DOCX, XLSX, or structured data",Moderate,Use a specialist resource,advanced,2026-09-02
AIHE-EX15,Analytic and Simulation Method Selection Guide,8,docx; xlsx; csv; json; md; mmd; svg; png,"Select decision trees, Markov models, microsimulation, discrete-event simulation, system dynamics, or agent-based modeling by problem structure.",V1.0,optional,"7,8,11",chapters/08/core/AIHE-B05/supp/AIHE-EX15,"Decision Modelling, Simulation, and the Value of Information",AIHE-B05,Supplemental specialist tool,,no,,yes,docs/process/resources/AIHE-EX15.html,Applied to advanced,Specialist project contributors and institutional reviewers,30–120 minutes,A defined decision and the evidence required by the specialist task,"Supporting analysis, register, checklist, or decision record",Aligned core resource or Book Chapter 8,As required by the decision,Optional or conditionally required,"DOCX, XLSX, or structured data",Moderate,Use a specialist resource,advanced,2026-09-02
AIHE-EX16,"Reproducible Analysis, Model Risk, and Code Quality Checklist",8,docx; xlsx; csv; json; md; mmd; svg; png,"Verify data provenance, environments, versioning, testing, validation, uncertainty, security, release, and archive controls.",V1.0,optional,"8,11,12",chapters/08/core/AIHE-B05/supp/AIHE-EX16,"Decision Modelling, Simulation, and the Value of Information",AIHE-B05,Supplemental specialist tool,,no,,yes,docs/process/resources/AIHE-EX16.html,Applied to advanced,Specialist project contributors and institutional reviewers,30–120 minutes,A defined decision and the evidence required by the specialist task,"Supporting analysis, register, checklist, or decision record",Aligned core resource or Book Chapter 8,As required by the decision,Optional or conditionally required,"DOCX, XLSX, or structured data",Moderate,Use a specialist resource,advanced,2026-09-02
AIHE-D01,Vendor Evidence and Contract Requirements,9,docx; xlsx; csv; json; md; mmd; svg; png,"Translate evidence, interoperability, data, security, monitoring, update, service, remedy, portability, and exit requirements into contract terms.",V1.0,public,"6, 9, 10, 12, 14",chapters/09/core/AIHE-D01,Problem-First Procurement and Vendor Governance,AIHE-D; AIHE-EX08; AIHE-EX09,Core,AIHE-D; AIHE-EX08; AIHE-EX09,yes,docs/forms/AIHE-D01/index.html,yes,docs/process/resources/AIHE-D01.html,Applied,Institutional decision-makers and multidisciplinary project teams,60–180 minutes,"Defined decision problem, realistic comparator, local evidence, named owners, and applicable institutional requirements","Versioned institutional decision record with conditions, monitoring, review date, and exit route",Book Chapter 9; governed working copy; accountable owner,At initiation and each material review,Essential when relevant to the decision,DOCX for narrative work; XLSX for registers and calculations,Low to moderate,Evaluate and contract with a vendor,default,2026-09-02
AIHE-CASE09,AI Vendor Procurement and Contract Negotiation,9,md; csv; json; xlsx,"How should the hospital compare vendors when a lower price is accompanied by weak audit, security, update, and exit provisions?",V1.0,public,9,worked_examples/CASE09_vendor_contract,Problem-First Procurement and Vendor Governance,AIHE-D01; AIHE-D; AIHE-EX08; AIHE-EX09; AIHE-Q; AIHE-EX17; AIHE-PY17; AIHE-PY25,Worked case,,no,,no,,Introductory to applied,"Readers, students, and practitioners",45–120 minutes,No local data required; synthetic assumptions are supplied,Completed case interpretation and conditional recommendation,Book Chapter 9 or the case orientation,"Orientation, self-study, or method demonstration",Recommended,"Browser demonstration, workbook, scenario, and worked solution",Low,Explore a worked example,default,2026-09-02
AIHE-PY17,AI pricing and contract scn analysis,9,py; ipynb; xlsx; csv; json; png; md,"Compares subscription, per-use, risk-sharing, and hybrid pricing arrangements under different volume, uptake, performance, and savings assumptions.",V1.0,public,"6, 9",chapters/09/py/PY17_pricing_contract,Problem-First Procurement and Vendor Governance,AIHE-B02; AIHE-D01; AIHE-CASE09,Python analytics,,no,,no,,Advanced,"Health economists, analysts, researchers, informatics teams, and technical reviewers",1–4 hours,"Defined model question, governed input data, and a supported Python environment","Reproducible analytical output with archived inputs, code, assumptions, and interpretation",Book Chapter 9; method knowledge; Python or Jupyter capability,When quantitative analysis is decision-relevant,Optional advanced analysis,"Python script, Jupyter notebook, and accompanying wb",High,Run an analysis,advanced,2026-09-02
AIHE-PY25,Weighted procurement scorecard with mandatory safeguards,9,py; ipynb; xlsx; csv; json; png; md,"Ranks candidate AI products using weighted evidence domains while enforcing non-compensatory safety, privacy, equity, cybersecurity, audit, and exit safeguards.",V1.0,public,"9, 12, 14",chapters/09/py/PY25_procurement,Problem-First Procurement and Vendor Governance,AIHE-D01; AIHE-CASE09,Python analytics,,no,,no,,Advanced,"Health economists, analysts, researchers, informatics teams, and technical reviewers",1–4 hours,"Defined model question, governed input data, and a supported Python environment","Reproducible analytical output with archived inputs, code, assumptions, and interpretation",Book Chapter 9; method knowledge; Python or Jupyter capability,When quantitative analysis is decision-relevant,Optional advanced analysis,"Python script, Jupyter notebook, and accompanying wb",High,Run an analysis,advanced,2026-09-02
AIHE-D,AI Procurement Checklist,9,docx; xlsx; csv; json; md; mmd; svg; png,"Evaluate problem fit, evidence, integration, lifecycle cost, data rights, security, monitoring, updates, audit, and exit.",V1.0,optional,"9,12,14",chapters/09/core/AIHE-D01/supp/AIHE-D,Problem-First Procurement and Vendor Governance,AIHE-D01,Supplemental specialist tool,,no,,yes,docs/process/resources/AIHE-D.html,Applied to advanced,Specialist project contributors and institutional reviewers,30–120 minutes,A defined decision and the evidence required by the specialist task,"Supporting analysis, register, checklist, or decision record",Aligned core resource or Book Chapter 9,As required by the decision,Optional or conditionally required,"DOCX, XLSX, or structured data",Moderate,Use a specialist resource,advanced,2026-09-02
AIHE-EX08,Vendor Demonstration Evaluation Form,9,docx; xlsx; csv; json; md; mmd; svg; png,"Structure demonstrations around real workflows, evidence, limitations, usability, interoperability, monitoring, and unsupported claims.",V1.0,optional,"9,12",chapters/09/core/AIHE-D01/supp/AIHE-EX08,Problem-First Procurement and Vendor Governance,AIHE-D01,Supplemental specialist tool,,no,,yes,docs/process/resources/AIHE-EX08.html,Applied to advanced,Specialist project contributors and institutional reviewers,30–120 minutes,A defined decision and the evidence required by the specialist task,"Supporting analysis, register, checklist, or decision record",Aligned core resource or Book Chapter 9,As required by the decision,Optional or conditionally required,"DOCX, XLSX, or structured data",Moderate,Use a specialist resource,advanced,2026-09-02
AIHE-EX09,Contract Requirements and Exit Matrix,9,docx; xlsx; csv; json; md; mmd; svg; png,"Document intended use, evidence, audit, updates, data, security, service levels, pricing, termination, portability, and decommissioning clauses.",V1.0,optional,"9,12,14",chapters/09/core/AIHE-D01/supp/AIHE-EX09,Problem-First Procurement and Vendor Governance,AIHE-D01,Supplemental specialist tool,,no,,yes,docs/process/resources/AIHE-EX09.html,Applied to advanced,Specialist project contributors and institutional reviewers,30–120 minutes,A defined decision and the evidence required by the specialist task,"Supporting analysis, register, checklist, or decision record",Aligned core resource or Book Chapter 9,As required by the decision,Optional or conditionally required,"DOCX, XLSX, or structured data",Moderate,Use a specialist resource,advanced,2026-09-02
AIHE-C03,Integrated Institutional-Risk Review,10,docx; xlsx; csv; json; md; mmd; svg; png,"Review ethics, equity, privacy, cybersecurity, safety, continuity, trust, legal, and economic risks as one institutional system.",V1.0,public,"10, 12",chapters/10/core/AIHE-C03,"Governance, Accountability, and Institutional Risk",AIHE-C; AIHE-AB; AIHE-AC; AIHE-N; AIHE-G,Core,AIHE-C; AIHE-AB; AIHE-AC; AIHE-N; AIHE-G,yes,docs/forms/AIHE-C03/index.html,yes,docs/process/resources/AIHE-C03.html,Applied,Institutional decision-makers and multidisciplinary project teams,60–180 minutes,"Defined decision problem, realistic comparator, local evidence, named owners, and applicable institutional requirements","Versioned institutional decision record with conditions, monitoring, review date, and exit route",Book Chapter 10; governed working copy; accountable owner,At initiation and each material review,Essential when relevant to the decision,DOCX for narrative work; XLSX for registers and calculations,Low to moderate,Evaluate and govern institutional risk,default,2026-09-02
AIHE-C05,Public Transparency and Communication Record,10,docx; xlsx; csv; json; md; mmd; svg; png,"Define accurate, accessible communication about intended use, limitations, oversight, data, complaints, incidents, and alternatives.",V1.0,public,"3, 10, 12",chapters/10/core/AIHE-C05,"Governance, Accountability, and Institutional Risk",AIHE-EX13,Core,AIHE-EX13,yes,docs/forms/AIHE-C05/index.html,yes,docs/process/resources/AIHE-C05.html,Applied,Institutional decision-makers and multidisciplinary project teams,60–180 minutes,"Defined decision problem, realistic comparator, local evidence, named owners, and applicable institutional requirements","Versioned institutional decision record with conditions, monitoring, review date, and exit route",Book Chapter 10; governed working copy; accountable owner,At initiation and each material review,Essential when relevant to the decision,DOCX for narrative work; XLSX for registers and calculations,Low to moderate,Communicate publicly and transparently,default,2026-09-02
AIHE-RG04,"Regulatory, Standards, and Policy Update Register",10,docx; xlsx; csv; json; md,"Maintain date-stamped records for European, Romanian, and global legal, policy, standards, reimbursement, and guidance sources whose scope or implementation status may change.",V1.0,public,"2, 5, 7, 9, 10, 12-15",chapters/10/guides/AIHE-RG04,"Governance, Accountability, and Institutional Risk",,Reference guide,,yes,docs/forms/AIHE-RG04/index.html,yes,docs/process/resources/AIHE-RG04.html,Introductory to applied,"Readers selecting methods, standards, guidance, or appraisal tools",20–60 minutes,"Defined question, jurisdiction, study design, or implementation context",Documented selection and status of the relevant instrument,Book Chapter 10 or related decision pathway,Whenever guidance or standards are selected or updated,Recommended,"Browser form, DOCX, or spreadsheet",Low to moderate,Consult a reference guide,default,2026-09-02
AIHE-CASE10,Patient-Facing Chatbot Institutional-Risk Review,10,md; csv; json; xlsx,"Which uses can be permitted when convenience and call reduction coexist with privacy, safety, equity, and communication risks?",V1.0,public,10,worked_examples/CASE10_chatbot_risk,"Governance, Accountability, and Institutional Risk",AIHE-C03; AIHE-C; AIHE-AB; AIHE-AC; AIHE-C05; AIHE-EX13; AIHE-PY07; AIHE-PY08; AIHE-PY26,Worked case,,no,,no,,Introductory to applied,"Readers, students, and practitioners",45–120 minutes,No local data required; synthetic assumptions are supplied,Completed case interpretation and conditional recommendation,Book Chapter 10 or the case orientation,"Orientation, self-study, or method demonstration",Recommended,"Browser demonstration, workbook, scenario, and worked solution",Low,Explore a worked example,default,2026-09-02
AIHE-PY07,Feature importance and partial-dependence exploration,10,py; ipynb; xlsx; csv; json; png; md,"Fits a tree ensemble, calculates permutation importance, and visualizes the relationship between the top feature and predicted risk.",V1.0,public,"3, 10, 11",chapters/10/py/PY07_feature_importance,"Governance, Accountability, and Institutional Risk",AIHE-C03; AIHE-CASE10,Python analytics,,no,,no,,Advanced,"Health economists, analysts, researchers, informatics teams, and technical reviewers",1–4 hours,"Defined model question, governed input data, and a supported Python environment","Reproducible analytical output with archived inputs, code, assumptions, and interpretation",Book Chapter 10; method knowledge; Python or Jupyter capability,When quantitative analysis is decision-relevant,Optional advanced analysis,"Python script, Jupyter notebook, and accompanying wb",High,Run an analysis,advanced,2026-09-02
AIHE-PY08,Subgroup performance and equity audit,10,py; ipynb; xlsx; csv; json; png; md,"Compares AUC, calibration, sensitivity, specificity, predictive values, and selection rates across population groups.",V1.0,public,"7, 10, 11, 15",chapters/10/py/PY08_equity_audit,"Governance, Accountability, and Institutional Risk",AIHE-C03; AIHE-CASE10,Python analytics,,no,,no,,Advanced,"Health economists, analysts, researchers, informatics teams, and technical reviewers",1–4 hours,"Defined model question, governed input data, and a supported Python environment","Reproducible analytical output with archived inputs, code, assumptions, and interpretation",Book Chapter 10; method knowledge; Python or Jupyter capability,When quantitative analysis is decision-relevant,Optional advanced analysis,"Python script, Jupyter notebook, and accompanying wb",High,Run an analysis,advanced,2026-09-02
AIHE-PY26,"Integrated privacy, cybersecurity, equity, safety, and trust risk register",10,py; ipynb; xlsx; csv; json; png; md,"Scores inherent and residual risk, checks mitigation completeness, prioritizes overdue actions, and produces an accountable risk dashboard.",V1.0,public,"10, 12",chapters/10/py/PY26_risk_register,"Governance, Accountability, and Institutional Risk",AIHE-C03; AIHE-CASE10,Python analytics,,no,,no,,Advanced,"Health economists, analysts, researchers, informatics teams, and technical reviewers",1–4 hours,"Defined model question, governed input data, and a supported Python environment","Reproducible analytical output with archived inputs, code, assumptions, and interpretation",Book Chapter 10; method knowledge; Python or Jupyter capability,When quantitative analysis is decision-relevant,Optional advanced analysis,"Python script, Jupyter notebook, and accompanying wb",High,Run an analysis,advanced,2026-09-02
AIHE-AB,Privacy and Cybersecurity Risk Register,10,docx; xlsx; csv; json; md; mmd; svg; png,"Record privacy, security, continuity, supplier, model, and incident risks with controls, owners, and review dates.",V1.0,optional,"10,12",chapters/10/core/AIHE-C03/supp/AIHE-AB,"Governance, Accountability, and Institutional Risk",AIHE-C03,Supplemental specialist tool,,no,,yes,docs/process/resources/AIHE-AB.html,Applied to advanced,Specialist project contributors and institutional reviewers,30–120 minutes,A defined decision and the evidence required by the specialist task,"Supporting analysis, register, checklist, or decision record",Aligned core resource or Book Chapter 10,As required by the decision,Optional or conditionally required,"DOCX, XLSX, or structured data",Moderate,Use a specialist resource,advanced,2026-09-02
AIHE-AC,Equity Impact Tool,10,docx; xlsx; csv; json; md; mmd; svg; png,"Identify affected groups, barriers, harms, mitigations, costs, residual concerns, and monitoring indicators.",V1.0,optional,"7,10,12,15",chapters/10/core/AIHE-C03/supp/AIHE-AC,"Governance, Accountability, and Institutional Risk",AIHE-C03,Supplemental specialist tool,,no,,yes,docs/process/resources/AIHE-AC.html,Applied to advanced,Specialist project contributors and institutional reviewers,30–120 minutes,A defined decision and the evidence required by the specialist task,"Supporting analysis, register, checklist, or decision record",Aligned core resource or Book Chapter 10,As required by the decision,Optional or conditionally required,"DOCX, XLSX, or structured data",Moderate,Use a specialist resource,advanced,2026-09-02
AIHE-C,Ethical Governance Checklist for Healthcare AI,10,docx; xlsx; csv; json; md; mmd; svg; png,"Translate autonomy, safety, transparency, fairness, oversight, accountability, and public value into evidence and action.",V1.0,optional,"10,12",chapters/10/core/AIHE-C03/supp/AIHE-C,"Governance, Accountability, and Institutional Risk",AIHE-C03,Supplemental specialist tool,,no,,yes,docs/process/resources/AIHE-C.html,Applied to advanced,Specialist project contributors and institutional reviewers,30–120 minutes,A defined decision and the evidence required by the specialist task,"Supporting analysis, register, checklist, or decision record",Aligned core resource or Book Chapter 10,As required by the decision,Optional or conditionally required,"DOCX, XLSX, or structured data",Moderate,Use a specialist resource,advanced,2026-09-02
AIHE-EX13,Public Transparency and Communication Notice,10,docx; xlsx; csv; json; md; mmd; svg; png,"Explain AI use, limits, human oversight, data handling, accessibility, questions, complaints, incidents, and human alternatives.",V1.0,optional,"3,10,12",chapters/10/core/AIHE-C05/supp/AIHE-EX13,"Governance, Accountability, and Institutional Risk",AIHE-C05,Supplemental specialist tool,,no,,yes,docs/process/resources/AIHE-EX13.html,Applied to advanced,Specialist project contributors and institutional reviewers,30–120 minutes,A defined decision and the evidence required by the specialist task,"Supporting analysis, register, checklist, or decision record",Aligned core resource or Book Chapter 10,As required by the decision,Optional or conditionally required,"DOCX, XLSX, or structured data",Moderate,Use a specialist resource,advanced,2026-09-02
AIHE-G,Sample Health-System AI Governance Charter,10,docx; xlsx; csv; json; md; mmd; svg; png,"Establish a health-system governance charter covering purpose, scope, membership, evidence, decisions, monitoring, incidents, updates, and de-adoption.",V1.0,optional,"10,12",chapters/10/core/AIHE-C03/supp/AIHE-G,"Governance, Accountability, and Institutional Risk",AIHE-C03,Supplemental specialist tool,,no,,yes,docs/process/resources/AIHE-G.html,Applied to advanced,Specialist project contributors and institutional reviewers,30–120 minutes,A defined decision and the evidence required by the specialist task,"Supporting analysis, register, checklist, or decision record",Aligned core resource or Book Chapter 10,As required by the decision,Optional or conditionally required,"DOCX, XLSX, or structured data",Moderate,Use a specialist resource,advanced,2026-09-02
AIHE-N,"Trust, Equity, and Public Value Workbook",10,docx; xlsx; csv; json; md; mmd; svg; png,"Integrate trust-adjusted value, distributional effects, mitigation, public value, confidence, and mandatory safeguards.",V1.0,optional,"1,7,10,12",chapters/10/core/AIHE-C03/supp/AIHE-N,"Governance, Accountability, and Institutional Risk",AIHE-C03,Supplemental specialist tool,,no,,yes,docs/process/resources/AIHE-N.html,Applied to advanced,Specialist project contributors and institutional reviewers,30–120 minutes,A defined decision and the evidence required by the specialist task,"Supporting analysis, register, checklist, or decision record",Aligned core resource or Book Chapter 10,As required by the decision,Optional or conditionally required,"DOCX, XLSX, or structured data",Moderate,Use a specialist resource,advanced,2026-09-02
AIHE-RG02,Reporting and Appraisal Tool Selection Guide,11,docx; xlsx; csv; json; md,"Match evidence type and study stage to current reporting and appraisal instruments without treating checklist completion as proof of validity, effectiveness, or regulatory conformity.",V1.0,public,"7, 8, 11",chapters/11/guides/AIHE-RG02,"Evidence, Validation, and Real-World Evaluation",,Reference guide,,yes,docs/forms/AIHE-RG02/index.html,yes,docs/process/resources/AIHE-RG02.html,Introductory to applied,"Readers selecting methods, standards, guidance, or appraisal tools",20–60 minutes,"Defined question, jurisdiction, study design, or implementation context",Documented selection and status of the relevant instrument,Book Chapter 11 or related decision pathway,Whenever guidance or standards are selected or updated,Recommended,"Browser form, DOCX, or spreadsheet",Low to moderate,Consult a reference guide,default,2026-09-02
AIHE-RG06,Diagnostic and Predictive Evidence Appraisal Checklist,11,docx; xlsx; csv; json; md,"Appraise reference standards, index tests, data partitions, calibration, diagnostic accuracy, bias, subgroup performance, clinical utility, and downstream resource consequences.",V1.0,public,"3, 7, 8, 11",chapters/11/guides/AIHE-RG06,"Evidence, Validation, and Real-World Evaluation",,Reference guide,,yes,docs/forms/AIHE-RG06/index.html,yes,docs/process/resources/AIHE-RG06.html,Introductory to applied,"Readers selecting methods, standards, guidance, or appraisal tools",20–60 minutes,"Defined question, jurisdiction, study design, or implementation context",Documented selection and status of the relevant instrument,Book Chapter 11 or related decision pathway,Whenever guidance or standards are selected or updated,Recommended,"Browser form, DOCX, or spreadsheet",Low to moderate,Consult a reference guide,default,2026-09-02
AIHE-CASE11,Local Validation and Causal Evaluation of a Readmission Model,11,md; csv; json; xlsx,"Does local performance and observed service change support adoption, and what can reasonably be attributed to the AI-enabled pathway?",V1.0,public,11,worked_examples/CASE11_readmit_eval,"Evidence, Validation, and Real-World Evaluation",AIHE-B05; AIHE-EX05; AIHE-EX04; AIHE-V; AIHE-PY04; AIHE-PY05; AIHE-PY24; AIHE-PY30; AIHE-PY31; AIHE-PY32,Worked case,,no,,no,,Introductory to applied,"Readers, students, and practitioners",45–120 minutes,No local data required; synthetic assumptions are supplied,Completed case interpretation and conditional recommendation,Book Chapter 11 or the case orientation,"Orientation, self-study, or method demonstration",Recommended,"Browser demonstration, workbook, scenario, and worked solution",Low,Explore a worked example,default,2026-09-02
AIHE-EX05,Local Validation Report Template,11,docx; xlsx; csv; json; md; mmd; svg; png; html,"Document intended use, local cohort, exact system version, discrimination, calibration, threshold-specific performance, subgroup findings, workflow, clinical utility, uncertainty, and the resulting local decision.",V1.0,public,"3, 8, 11, 12",chapters/11/supp/AIHE-EX05,"Evidence, Validation, and Real-World Evaluation",AIHE-B05; AIHE-RG02; AIHE-RG06; AIHE-CASE11; AIHE-V,Supplemental specialist tool,,yes,docs/demos/AIHE-EX05/index.html,yes,docs/process/resources/AIHE-EX05.html,Applied to advanced,Specialist project contributors and institutional reviewers,30–120 minutes,A defined decision and the evidence required by the specialist task,"Supporting analysis, register, checklist, or decision record",Aligned core resource or Book Chapter 11,As required by the decision,Optional or conditionally required,"DOCX, XLSX, or structured data",Moderate,Validate a system locally,advanced,2026-09-02
AIHE-PY04,Predictive model development: logistic regression and random forest,11,py; ipynb; xlsx; csv; json; png; md,"Builds two baseline classifiers, compares test performance, and exports predictions for later validation modules.",V1.0,public,"3, 11",chapters/11/py/PY04_model_dev,"Evidence, Validation, and Real-World Evaluation",AIHE-B05; AIHE-CASE11,Python analytics,,no,,no,,Advanced,"Health economists, analysts, researchers, informatics teams, and technical reviewers",1–4 hours,"Defined model question, governed input data, and a supported Python environment","Reproducible analytical output with archived inputs, code, assumptions, and interpretation",Book Chapter 11; method knowledge; Python or Jupyter capability,When quantitative analysis is decision-relevant,Optional advanced analysis,"Python script, Jupyter notebook, and accompanying wb",High,Run an analysis,advanced,2026-09-02
AIHE-PY05,"Model performance, threshold trade-offs, and calibration",11,py; ipynb; xlsx; csv; json; png; md,"Calculates ROC AUC, Brier score, confusion-matrix measures across thresholds, calibration intercept and slope, and calibration bins.",V1.0,public,"3, 11",chapters/11/py/PY05_performance,"Evidence, Validation, and Real-World Evaluation",AIHE-B05; AIHE-CASE11,Python analytics,,no,,no,,Advanced,"Health economists, analysts, researchers, informatics teams, and technical reviewers",1–4 hours,"Defined model question, governed input data, and a supported Python environment","Reproducible analytical output with archived inputs, code, assumptions, and interpretation",Book Chapter 11; method knowledge; Python or Jupyter capability,When quantitative analysis is decision-relevant,Optional advanced analysis,"Python script, Jupyter notebook, and accompanying wb",High,Run an analysis,advanced,2026-09-02
AIHE-PY24,Implementation evaluation with interrupted time series and control charts,11,py; ipynb; xlsx; csv; json; png; md,"Evaluates change after an AI implementation using segmented regression, run charts, control limits, uptake, and balancing measures.",V1.0,public,"4, 11",chapters/11/py/PY24_impl_eval,"Evidence, Validation, and Real-World Evaluation",AIHE-C01; AIHE-B05; AIHE-CASE11,Python analytics,,no,,no,,Advanced,"Health economists, analysts, researchers, informatics teams, and technical reviewers",1–4 hours,"Defined model question, governed input data, and a supported Python environment","Reproducible analytical output with archived inputs, code, assumptions, and interpretation",Book Chapter 11; method knowledge; Python or Jupyter capability,When quantitative analysis is decision-relevant,Optional advanced analysis,"Python script, Jupyter notebook, and accompanying wb",High,Run an analysis,advanced,2026-09-02
AIHE-PY30,Random-effects meta-analysis and forest plot,11,py; ipynb; xlsx; csv; json; png; md,"Pools study-level effects using inverse-variance fixed and DerSimonian-Laird random-effects methods, quantifies heterogeneity, and creates forest and funnel plots.",V1.0,public,11,chapters/11/py/PY30_meta_analysis,"Evidence, Validation, and Real-World Evaluation",AIHE-B05; AIHE-RG02; AIHE-CASE11,Python analytics,,no,,no,,Advanced,"Health economists, analysts, researchers, informatics teams, and technical reviewers",1–4 hours,"Defined model question, governed input data, and a supported Python environment","Reproducible analytical output with archived inputs, code, assumptions, and interpretation",Book Chapter 11; method knowledge; Python or Jupyter capability,When quantitative analysis is decision-relevant,Optional advanced analysis,"Python script, Jupyter notebook, and accompanying wb",High,Run an analysis,advanced,2026-09-02
AIHE-PY31,Difference-in-differences evaluation,11,py; ipynb; xlsx; csv; json; png; md,Estimates the effect of AI implementation by comparing change over time in an intervention group with change in a comparison group.,V1.0,public,11,chapters/11/py/PY31_diff_in_diff,"Evidence, Validation, and Real-World Evaluation",AIHE-B05; AIHE-CASE11,Python analytics,,no,,no,,Advanced,"Health economists, analysts, researchers, informatics teams, and technical reviewers",1–4 hours,"Defined model question, governed input data, and a supported Python environment","Reproducible analytical output with archived inputs, code, assumptions, and interpretation",Book Chapter 11; method knowledge; Python or Jupyter capability,When quantitative analysis is decision-relevant,Optional advanced analysis,"Python script, Jupyter notebook, and accompanying wb",High,Run an analysis,advanced,2026-09-02
AIHE-PY32,Time-to-event and survival analysis,11,py; ipynb; xlsx; csv; json; png; md,Estimates Kaplan-Meier survival curves and compares event timing between AI and comparator groups using a log-rank test.,V1.0,public,"7, 8, 11",chapters/11/py/PY32_survival,"Evidence, Validation, and Real-World Evaluation",AIHE-B05; AIHE-CASE11,Python analytics,,no,,no,,Advanced,"Health economists, analysts, researchers, informatics teams, and technical reviewers",1–4 hours,"Defined model question, governed input data, and a supported Python environment","Reproducible analytical output with archived inputs, code, assumptions, and interpretation",Book Chapter 11; method knowledge; Python or Jupyter capability,When quantitative analysis is decision-relevant,Optional advanced analysis,"Python script, Jupyter notebook, and accompanying wb",High,Run an analysis,advanced,2026-09-02
AIHE-D02,"Lifecycle Decision State, Staged Evidence, and AI-HED Status",12,docx; xlsx; csv; json; md; mmd; svg; png,"Control increasing commitment through problem, readiness, evidence, local validation, economics, pilot, scale, renewal, and retirement gates.",V1.0,public,"4, 9, 11, 12",chapters/12/core/AIHE-D02,Decision Architecture and Lifecycle Governance,AIHE-Q; AIHE-R; AIHE-EX14; AIHE-EX10; AIHE-AE; AIHE-E; AIHE-EX02; AIHE-H; AIHE-K; AIHE-P; AIHE-V,Core,AIHE-Q; AIHE-R; AIHE-EX14; AIHE-EX10; AIHE-AE; AIHE-E; AIHE-EX02; AIHE-H; AIHE-K; AIHE-P; AIHE-V,yes,docs/forms/AIHE-D02/index.html,yes,docs/process/resources/AIHE-D02.html,Applied,Institutional decision-makers and multidisciplinary project teams,60–180 minutes,"Defined decision problem, realistic comparator, local evidence, named owners, and applicable institutional requirements","Versioned institutional decision record with conditions, monitoring, review date, and exit route",Book Chapter 12; governed working copy; accountable owner,At initiation and each material review,Essential when relevant to the decision,DOCX for narrative work; XLSX for registers and calculations,Low to moderate,Implement and monitor safely,default,2026-09-02
AIHE-D03,Post-Deployment Monitoring and Algorithmovigilance Cadence,12,docx; xlsx; csv; json; md; mmd; svg; png,"Define recurring and event-triggered surveillance across technical, workflow, safety, equity, economic, and contractual domains.",V1.0,public,"5, 11, 12",chapters/12/core/AIHE-D03,Decision Architecture and Lifecycle Governance,AIHE-S,Core,AIHE-S,yes,docs/forms/AIHE-D03/index.html,yes,docs/process/resources/AIHE-D03.html,Applied,Institutional decision-makers and multidisciplinary project teams,60–180 minutes,"Defined decision problem, realistic comparator, local evidence, named owners, and applicable institutional requirements","Versioned institutional decision record with conditions, monitoring, review date, and exit route",Book Chapter 12; governed working copy; accountable owner,At initiation and each material review,Essential when relevant to the decision,DOCX for narrative work; XLSX for registers and calculations,Low to moderate,Implement and monitor safely,default,2026-09-02
AIHE-D04,Incident Classification and Reconstruction,12,docx; xlsx; csv; json; md; mmd; svg; png,"Reconstruct technical, clinical, workflow, privacy, cybersecurity, equity, communication, and economic incidents consistently.",V1.0,public,"5, 10, 11, 12",chapters/12/core/AIHE-D04,Decision Architecture and Lifecycle Governance,AIHE-EX12,Core,AIHE-EX12,yes,docs/forms/AIHE-D04/index.html,yes,docs/process/resources/AIHE-D04.html,Applied,Institutional decision-makers and multidisciplinary project teams,60–180 minutes,"Defined decision problem, realistic comparator, local evidence, named owners, and applicable institutional requirements","Versioned institutional decision record with conditions, monitoring, review date, and exit route",Book Chapter 12; governed working copy; accountable owner,At initiation and each material review,Essential when relevant to the decision,DOCX for narrative work; XLSX for registers and calculations,Low to moderate,"Review an update, incident, or renewal",default,2026-09-02
AIHE-D05,"Material Change, Reauthorization, Renewal, Replacement, and Retirement Record",12,docx; xlsx; csv; json; md; mmd; svg; png,"Assess material changes and periodic renewal across system, data, workflow, vendor, price, law, evidence, alternatives, and exit.",V1.0,public,"9, 11, 12, 14",chapters/12/core/AIHE-D05,Decision Architecture and Lifecycle Governance,AIHE-EX11; AIHE-T; AIHE-J,Core,AIHE-EX11; AIHE-T; AIHE-J,yes,docs/forms/AIHE-D05/index.html,yes,docs/process/resources/AIHE-D05.html,Applied,Institutional decision-makers and multidisciplinary project teams,60–180 minutes,"Defined decision problem, realistic comparator, local evidence, named owners, and applicable institutional requirements","Versioned institutional decision record with conditions, monitoring, review date, and exit route",Book Chapter 12; governed working copy; accountable owner,At initiation and each material review,Essential when relevant to the decision,DOCX for narrative work; XLSX for registers and calculations,Low to moderate,"Review an update, incident, or renewal",default,2026-09-02
AIHE-RG01,Framework Status and Selection Guide,12,docx; xlsx; csv; json; md,"Distinguish legal instruments, standards, guidance, reporting guidelines, appraisal tools, implementation frameworks, and author-developed decision aids; select them according to function and authority.",V1.0,public,"2, 4, 5, 7, 9-12",chapters/12/guides/AIHE-RG01,Decision Architecture and Lifecycle Governance,,Reference guide,,yes,docs/forms/AIHE-RG01/index.html,yes,docs/process/resources/AIHE-RG01.html,Introductory to applied,"Readers selecting methods, standards, guidance, or appraisal tools",20–60 minutes,"Defined question, jurisdiction, study design, or implementation context",Documented selection and status of the relevant instrument,Book Chapter 12 or related decision pathway,Whenever guidance or standards are selected or updated,Recommended,"Browser form, DOCX, or spreadsheet",Low to moderate,Consult a reference guide,default,2026-09-02
AIHE-CASE12,"Model Update, Incident Response, and Renewal Decision",12,md; csv; json; xlsx,"Should the organization continue, restrict, roll back, replace, or retire the system after a material update and operational incident?",V1.0,public,12,worked_examples/CASE12_update_renew,Decision Architecture and Lifecycle Governance,AIHE-D02; AIHE-D03; AIHE-D04; AIHE-D05; AIHE-S; AIHE-EX11; AIHE-EX12; AIHE-PY09; AIHE-PY27; AIHE-PY29,Worked case,,no,,no,,Introductory to applied,"Readers, students, and practitioners",45–120 minutes,No local data required; synthetic assumptions are supplied,Completed case interpretation and conditional recommendation,Book Chapter 12 or the case orientation,"Orientation, self-study, or method demonstration",Recommended,"Browser demonstration, workbook, scenario, and worked solution",Low,Explore a worked example,default,2026-09-02
AIHE-PY09,Temporal validation and drift monitoring,12,py; ipynb; xlsx; csv; json; png; md,"Tracks discrimination, calibration error, score distribution, and feature drift across time periods.",V1.0,public,"11, 12",chapters/12/py/PY09_drift,Decision Architecture and Lifecycle Governance,AIHE-D03; AIHE-D05; AIHE-B05; AIHE-CASE12,Python analytics,,no,,no,,Advanced,"Health economists, analysts, researchers, informatics teams, and technical reviewers",1–4 hours,"Defined model question, governed input data, and a supported Python environment","Reproducible analytical output with archived inputs, code, assumptions, and interpretation",Book Chapter 12; method knowledge; Python or Jupyter capability,When quantitative analysis is decision-relevant,Optional advanced analysis,"Python script, Jupyter notebook, and accompanying wb",High,Run an analysis,advanced,2026-09-02
AIHE-PY27,"Algorithmovigilance, lifecycle cadence, drift, and incident monitoring",12,py; ipynb; xlsx; csv; json; png; md,"Monitors technical, clinical, workflow, equity, economic, and trust indicators against warning and stop thresholds over time.",V1.0,public,"5, 11, 12",chapters/12/py/PY27_monitoring,Decision Architecture and Lifecycle Governance,AIHE-D03; AIHE-D04; AIHE-CASE12,Python analytics,,no,,no,,Advanced,"Health economists, analysts, researchers, informatics teams, and technical reviewers",1–4 hours,"Defined model question, governed input data, and a supported Python environment","Reproducible analytical output with archived inputs, code, assumptions, and interpretation",Book Chapter 12; method knowledge; Python or Jupyter capability,When quantitative analysis is decision-relevant,Optional advanced analysis,"Python script, Jupyter notebook, and accompanying wb",High,Run an analysis,advanced,2026-09-02
AIHE-PY29,AI-HED completeness and institutional decision-quality audit,12,py; ipynb; xlsx; csv; json; png; md,"Checks whether a proposed AI decision dossier covers the problem, comparator, evidence, data, economics, ethics, implementation, monitoring, and exit requirements.",V1.0,public,12,chapters/12/py/PY29_decision_audit,Decision Architecture and Lifecycle Governance,AIHE-D02; AIHE-CASE12,Python analytics,,no,,no,,Advanced,"Health economists, analysts, researchers, informatics teams, and technical reviewers",1–4 hours,"Defined model question, governed input data, and a supported Python environment","Reproducible analytical output with archived inputs, code, assumptions, and interpretation",Book Chapter 12; method knowledge; Python or Jupyter capability,When quantitative analysis is decision-relevant,Optional advanced analysis,"Python script, Jupyter notebook, and accompanying wb",High,Run an analysis,advanced,2026-09-02
AIHE-AE,AI-HED Completeness and Decision-Quality Review,12,docx; xlsx; csv; json; md; mmd; svg; png,"Review dossier completeness, confidence, inconsistencies, mandatory safeguards, decision readiness, and remediation.",V1.0,optional,12,chapters/12/core/AIHE-D02/supp/AIHE-AE,Decision Architecture and Lifecycle Governance,AIHE-D02,Supplemental specialist tool,,no,,yes,docs/process/resources/AIHE-AE.html,Applied to advanced,Specialist project contributors and institutional reviewers,30–120 minutes,A defined decision and the evidence required by the specialist task,"Supporting analysis, register, checklist, or decision record",Aligned core resource or Book Chapter 12,As required by the decision,Optional or conditionally required,"DOCX, XLSX, or structured data",Moderate,Use a specialist resource,advanced,2026-09-02
AIHE-E,Applied Case and Decision Review Template,12,docx; xlsx; csv; json; md; mmd; svg; png,Apply the book architecture to an institutional case and produce a defendable decision with conditions and lifecycle controls.,V1.0,optional,"1,2,3,4,5,6,7,8,9,10,11,12,13,14,15",chapters/12/core/AIHE-D02/supp/AIHE-E,Decision Architecture and Lifecycle Governance,AIHE-D02,Supplemental specialist tool,,no,,yes,docs/process/resources/AIHE-E.html,Applied to advanced,Specialist project contributors and institutional reviewers,30–120 minutes,A defined decision and the evidence required by the specialist task,"Supporting analysis, register, checklist, or decision record",Aligned core resource or Book Chapter 12,As required by the decision,Optional or conditionally required,"DOCX, XLSX, or structured data",Moderate,Use a specialist resource,advanced,2026-09-02
AIHE-EX02,AI System Inventory and Policy Register,12,docx; xlsx; csv; json; md; mmd; svg; png,"Maintain a controlled inventory of proposed and deployed AI systems, owners, versions, risk levels, and review dates.",V1.0,optional,"9,10,12",chapters/12/core/AIHE-D02/supp/AIHE-EX02,Decision Architecture and Lifecycle Governance,AIHE-D02,Supplemental specialist tool,,no,,yes,docs/process/resources/AIHE-EX02.html,Applied to advanced,Specialist project contributors and institutional reviewers,30–120 minutes,A defined decision and the evidence required by the specialist task,"Supporting analysis, register, checklist, or decision record",Aligned core resource or Book Chapter 12,As required by the decision,Optional or conditionally required,"DOCX, XLSX, or structured data",Moderate,Use a specialist resource,advanced,2026-09-02
AIHE-EX10,Workflow Change and Training Competency Log,12,docx; xlsx; csv; json; md; mmd; svg; png,"Document role, workflow, training, competency, downtime, escalation, refresh, and adoption requirements.",V1.0,optional,"3,4,12",chapters/12/core/AIHE-D02/supp/AIHE-EX10,Decision Architecture and Lifecycle Governance,AIHE-D02,Supplemental specialist tool,,no,,yes,docs/process/resources/AIHE-EX10.html,Applied to advanced,Specialist project contributors and institutional reviewers,30–120 minutes,A defined decision and the evidence required by the specialist task,"Supporting analysis, register, checklist, or decision record",Aligned core resource or Book Chapter 12,As required by the decision,Optional or conditionally required,"DOCX, XLSX, or structured data",Moderate,Use a specialist resource,advanced,2026-09-02
AIHE-EX11,Material Change and Renewal Review,12,docx; xlsx; csv; json; md; mmd; svg; png,"Assess model, data, interface, workflow, vendor, contract, policy, performance, risk, and annual renewal changes.",V1.0,optional,"9,12,14",chapters/12/core/AIHE-D05/supp/AIHE-EX11,Decision Architecture and Lifecycle Governance,AIHE-D05,Supplemental specialist tool,,no,,yes,docs/process/resources/AIHE-EX11.html,Applied to advanced,Specialist project contributors and institutional reviewers,30–120 minutes,A defined decision and the evidence required by the specialist task,"Supporting analysis, register, checklist, or decision record",Aligned core resource or Book Chapter 12,As required by the decision,Optional or conditionally required,"DOCX, XLSX, or structured data",Moderate,Use a specialist resource,advanced,2026-09-02
AIHE-EX12,Incident Corrective Action and Reconstruction Log,12,docx; xlsx; csv; json; md; mmd; svg; png,"Classify and reconstruct technical, clinical, workflow, privacy, cybersecurity, equity, and communication incidents.",V1.0,optional,"5,10,12",chapters/12/core/AIHE-D04/supp/AIHE-EX12,Decision Architecture and Lifecycle Governance,AIHE-D04,Supplemental specialist tool,,no,,yes,docs/process/resources/AIHE-EX12.html,Applied to advanced,Specialist project contributors and institutional reviewers,30–120 minutes,A defined decision and the evidence required by the specialist task,"Supporting analysis, register, checklist, or decision record",Aligned core resource or Book Chapter 12,As required by the decision,Optional or conditionally required,"DOCX, XLSX, or structured data",Moderate,Use a specialist resource,advanced,2026-09-02
AIHE-EX14,Final Board Recommendation Pack,12,docx; xlsx; csv; json; md; mmd; svg; png,"Prepare a decision-ready executive recommendation, options, evidence, economics, residual risk, dissent, conditions, owners, and next review.",V1.0,optional,"1,6,7,9,10,11,12,15",chapters/12/core/AIHE-D02/supp/AIHE-EX14,Decision Architecture and Lifecycle Governance,AIHE-D02,Supplemental specialist tool,,no,,yes,docs/process/resources/AIHE-EX14.html,Applied to advanced,Specialist project contributors and institutional reviewers,30–120 minutes,A defined decision and the evidence required by the specialist task,"Supporting analysis, register, checklist, or decision record",Aligned core resource or Book Chapter 12,As required by the decision,Optional or conditionally required,"DOCX, XLSX, or structured data",Moderate,Use a specialist resource,advanced,2026-09-02
AIHE-H,AI Project One-Page Decision Memo,12,docx; xlsx; csv; json; md; mmd; svg; png,"Summarize the decision problem, comparator, evidence, economics, risks, implementation, conditions, and decision requested.",V1.0,optional,"1,6,7,9,10,12",chapters/12/core/AIHE-D02/supp/AIHE-H,Decision Architecture and Lifecycle Governance,AIHE-D02,Supplemental specialist tool,,no,,yes,docs/process/resources/AIHE-H.html,Applied to advanced,Specialist project contributors and institutional reviewers,30–120 minutes,A defined decision and the evidence required by the specialist task,"Supporting analysis, register, checklist, or decision record",Aligned core resource or Book Chapter 12,As required by the decision,Optional or conditionally required,"DOCX, XLSX, or structured data",Moderate,Use a specialist resource,advanced,2026-09-02
AIHE-J,Lifecycle and Future-Proofing Toolkit,12,docx; xlsx; csv; json; md; mmd; svg; png,"Bundle lifecycle checklists for monitoring, version control, scn planning, policy updates, procurement, and decommissioning.",V1.0,optional,"9,12,13,14,15",chapters/12/core/AIHE-D05/supp/AIHE-J,Decision Architecture and Lifecycle Governance,AIHE-D05,Supplemental specialist tool,,no,,yes,docs/process/resources/AIHE-J.html,Applied to advanced,Specialist project contributors and institutional reviewers,30–120 minutes,A defined decision and the evidence required by the specialist task,"Supporting analysis, register, checklist, or decision record",Aligned core resource or Book Chapter 12,As required by the decision,Optional or conditionally required,"DOCX, XLSX, or structured data",Moderate,Use a specialist resource,advanced,2026-09-02
AIHE-K,AI-HEVG Assessment Workbook,12,docx; xlsx; csv; json; md; mmd; svg; png,"Assess problem relevance, data, validity, economics, ethics, feasibility, lifecycle governance, safeguards, and final decision.",V1.0,optional,"1,2,6,7,10,12",chapters/12/core/AIHE-D02/supp/AIHE-K,Decision Architecture and Lifecycle Governance,AIHE-D02,Supplemental specialist tool,,no,,yes,docs/process/resources/AIHE-K.html,Applied to advanced,Specialist project contributors and institutional reviewers,30–120 minutes,A defined decision and the evidence required by the specialist task,"Supporting analysis, register, checklist, or decision record",Aligned core resource or Book Chapter 12,As required by the decision,Optional or conditionally required,"DOCX, XLSX, or structured data",Moderate,Use a specialist resource,advanced,2026-09-02
AIHE-P,AI-HED Dossier Template,12,docx; xlsx; csv; json; md; mmd; svg; png,"Maintain a versioned evidence, economics, governance, implementation, monitoring, update, and decision record.",V1.0,optional,"6,7,8,9,10,11,12",chapters/12/core/AIHE-D02/supp/AIHE-P,Decision Architecture and Lifecycle Governance,AIHE-D02,Supplemental specialist tool,,no,,yes,docs/process/resources/AIHE-P.html,Applied to advanced,Specialist project contributors and institutional reviewers,30–120 minutes,A defined decision and the evidence required by the specialist task,"Supporting analysis, register, checklist, or decision record",Aligned core resource or Book Chapter 12,As required by the decision,Optional or conditionally required,"DOCX, XLSX, or structured data",Moderate,Use a specialist resource,advanced,2026-09-02
AIHE-Q,GATED-AI Gate Record,12,docx; xlsx; csv; json; md; mmd; svg; png,"Control commitment through problem, evidence, data, economics, governance, implementation, contract, and lifecycle gates.",V1.0,optional,"9,11,12",chapters/12/core/AIHE-D02/supp/AIHE-Q,Decision Architecture and Lifecycle Governance,AIHE-D02,Supplemental specialist tool,,no,,yes,docs/process/resources/AIHE-Q.html,Applied to advanced,Specialist project contributors and institutional reviewers,30–120 minutes,A defined decision and the evidence required by the specialist task,"Supporting analysis, register, checklist, or decision record",Aligned core resource or Book Chapter 12,As required by the decision,Optional or conditionally required,"DOCX, XLSX, or structured data",Moderate,Use a specialist resource,advanced,2026-09-02
AIHE-R,VALIDATE-AI Implementation Plan,12,docx; xlsx; csv; json; md; mmd; svg; png,Manage implementation as an evidence-producing sequence from problem verification through continuous evaluation.,V1.0,optional,"4,11,12",chapters/12/core/AIHE-D02/supp/AIHE-R,Decision Architecture and Lifecycle Governance,AIHE-D02,Supplemental specialist tool,,no,,yes,docs/process/resources/AIHE-R.html,Applied to advanced,Specialist project contributors and institutional reviewers,30–120 minutes,A defined decision and the evidence required by the specialist task,"Supporting analysis, register, checklist, or decision record",Aligned core resource or Book Chapter 12,As required by the decision,Optional or conditionally required,"DOCX, XLSX, or structured data",Moderate,Use a specialist resource,advanced,2026-09-02
AIHE-S,"Algorithmovigilance Dashboard, Cadence, and Incident Record",12,docx; xlsx; csv; json; md; mmd; svg; png,"Operate daily technical checks, periodic service and economic review, incident classification, reconstruction, escalation, and annual renewal.",V1.0,optional,"5,11,12",chapters/12/core/AIHE-D03/supp/AIHE-S,Decision Architecture and Lifecycle Governance,AIHE-D03,Supplemental specialist tool,,no,,yes,docs/process/resources/AIHE-S.html,Applied to advanced,Specialist project contributors and institutional reviewers,30–120 minutes,A defined decision and the evidence required by the specialist task,"Supporting analysis, register, checklist, or decision record",Aligned core resource or Book Chapter 12,As required by the decision,Optional or conditionally required,"DOCX, XLSX, or structured data",Moderate,Use a specialist resource,advanced,2026-09-02
AIHE-T,AI De-adoption and Decommissioning Plan,12,docx; xlsx; csv; json; md; mmd; svg; png,"Define stopping triggers, fallback, transition, data disposition, communication, contract exit, validation, and post-retirement review.",V1.0,optional,"9,12,14",chapters/12/core/AIHE-D05/supp/AIHE-T,Decision Architecture and Lifecycle Governance,AIHE-D05,Supplemental specialist tool,,no,,yes,docs/process/resources/AIHE-T.html,Applied to advanced,Specialist project contributors and institutional reviewers,30–120 minutes,A defined decision and the evidence required by the specialist task,"Supporting analysis, register, checklist, or decision record",Aligned core resource or Book Chapter 12,As required by the decision,Optional or conditionally required,"DOCX, XLSX, or structured data",Moderate,Use a specialist resource,advanced,2026-09-02
AIHE-V,Validation Protocol for the Proposed Framework Package,12,docx; xlsx; csv; json; md; mmd; svg; png,"Define construct, content, reliability, feasibility, decision, implementation, and prospective validation for proposed frameworks.",V1.0,optional,"11,12",chapters/12/core/AIHE-D02/supp/AIHE-V,Decision Architecture and Lifecycle Governance,AIHE-D02,Supplemental specialist tool,,no,,yes,docs/process/resources/AIHE-V.html,Applied to advanced,Specialist project contributors and institutional reviewers,30–120 minutes,A defined decision and the evidence required by the specialist task,"Supporting analysis, register, checklist, or decision record",Aligned core resource or Book Chapter 12,As required by the decision,Optional or conditionally required,"DOCX, XLSX, or structured data",Moderate,Use a specialist resource,advanced,2026-09-02
AIHE-E01,Circular-Economy and Sustainable-AI Assessment,13,docx; xlsx; csv; json; md; mmd; svg; png,"Apply the circularity hierarchy from prevention and reduction through sharing, maintenance, reuse, refurbishment, recovery, and disposal.",V1.0,public,"13, 14, 15",chapters/13/core/AIHE-E01,Circular Health Systems and Resource Stewardship,AIHE-CE1,Core,AIHE-CE1,yes,docs/forms/AIHE-E01/index.html,yes,docs/process/resources/AIHE-E01.html,Applied,Institutional decision-makers and multidisciplinary project teams,60–180 minutes,"Defined decision problem, realistic comparator, local evidence, named owners, and applicable institutional requirements","Versioned institutional decision record with conditions, monitoring, review date, and exit route",Book Chapter 13; governed working copy; accountable owner,At initiation and each material review,Essential when relevant to the decision,DOCX for narrative work; XLSX for registers and calculations,Low to moderate,Assess circularity and asset stewardship,default,2026-09-02
AIHE-CASE13,Circular AI Infrastructure Strategy,13,md; csv; json; xlsx,"Can the health system meet its analytic need through avoidance, optimization, sharing, and life extension before acquiring new infrastructure?",V1.0,public,13,worked_examples/CASE13_circular_infra,Circular Health Systems and Resource Stewardship,AIHE-E01; AIHE-CE1; AIHE-CE4; AIHE-I; AIHE-PY36; AIHE-PY39,Worked case,,no,,no,,Introductory to applied,"Readers, students, and practitioners",45–120 minutes,No local data required; synthetic assumptions are supplied,Completed case interpretation and conditional recommendation,Book Chapter 13 or the case orientation,"Orientation, self-study, or method demonstration",Recommended,"Browser demonstration, workbook, scenario, and worked solution",Low,Explore a worked example,default,2026-09-02
AIHE-PY36,"Environmental, material-flow, and lifecycle resource accounting",13,py; ipynb; xlsx; csv; json; png; md,"Quantifies lifecycle cost, energy, water, carbon, cost per useful output, and circularity indicators for AI-related assets and services.",V1.0,public,"13, 15",chapters/13/py/PY36_circular_flow,Circular Health Systems and Resource Stewardship,AIHE-E01; AIHE-E05; AIHE-CASE13,Python analytics,,no,,no,,Advanced,"Health economists, analysts, researchers, informatics teams, and technical reviewers",1–4 hours,"Defined model question, governed input data, and a supported Python environment","Reproducible analytical output with archived inputs, code, assumptions, and interpretation",Book Chapter 13; method knowledge; Python or Jupyter capability,When quantitative analysis is decision-relevant,Optional advanced analysis,"Python script, Jupyter notebook, and accompanying wb",High,Run an analysis,advanced,2026-09-02
AIHE-PY39,Annual circularity portfolio review and trend monitoring,13,py; ipynb; xlsx; csv; json; png; md,Provides a reproducible synthetic example for annual circularity portfolio review and trend monitoring.,V1.0,public,"12, 13, 14, 15",chapters/13/py/PY39_portfolio_review,Circular Health Systems and Resource Stewardship,AIHE-E05; AIHE-CASE13,Python analytics,,no,,no,,Advanced,"Health economists, analysts, researchers, informatics teams, and technical reviewers",1–4 hours,"Defined model question, governed input data, and a supported Python environment","Reproducible analytical output with archived inputs, code, assumptions, and interpretation",Book Chapter 13; method knowledge; Python or Jupyter capability,When quantitative analysis is decision-relevant,Optional advanced analysis,"Python script, Jupyter notebook, and accompanying wb",High,Run an analysis,advanced,2026-09-02
AIHE-CE1,Circular Economy and Sustainable AI Assessment,13,docx; xlsx; csv; json; md; mmd; svg; png,"Assess service need, the circularity hierarchy, resource demand, rebound, resilience, equity, evidence, and lifecycle review across AI-enabled health services.",V1.0,optional,"13,14,15",chapters/13/core/AIHE-E01/supp/AIHE-CE1,Circular Health Systems and Resource Stewardship,AIHE-E01,Supplemental specialist tool,,no,,yes,docs/process/resources/AIHE-CE1.html,Applied to advanced,Specialist project contributors and institutional reviewers,30–120 minutes,A defined decision and the evidence required by the specialist task,"Supporting analysis, register, checklist, or decision record",Aligned core resource or Book Chapter 13,As required by the decision,Optional or conditionally required,"DOCX, XLSX, or structured data",Moderate,Use a specialist resource,advanced,2026-09-02
AIHE-E02,Circular Procurement and Supplier Scorecard,14,docx; xlsx; csv; json; md; mmd; svg; png,"Evaluate durability, modularity, repairability, interoperability, resource information, take-back, pricing, residual value, and exit.",V1.0,public,"9, 13, 14",chapters/14/core/AIHE-E02,Circular Procurement and Asset Stewardship,AIHE-CE2,Core,AIHE-CE2,yes,docs/forms/AIHE-E02/index.html,yes,docs/process/resources/AIHE-E02.html,Applied,Institutional decision-makers and multidisciplinary project teams,60–180 minutes,"Defined decision problem, realistic comparator, local evidence, named owners, and applicable institutional requirements","Versioned institutional decision record with conditions, monitoring, review date, and exit route",Book Chapter 14; governed working copy; accountable owner,At initiation and each material review,Essential when relevant to the decision,DOCX for narrative work; XLSX for registers and calculations,Low to moderate,Assess circularity and asset stewardship,default,2026-09-02
AIHE-E03,Supported Supported Asset-Life Decision Record,14,docx; xlsx; csv; json; md; mmd; svg; png,"Compare maintain, refurbish, replace, and shared-service options across suitability, life, cost, resources, resilience, and disposition.",V1.0,public,"6, 14, 15",chapters/14/core/AIHE-E03,Circular Procurement and Asset Stewardship,AIHE-CE3,Core,AIHE-CE3,yes,docs/forms/AIHE-E03/index.html,yes,docs/process/resources/AIHE-E03.html,Applied,Institutional decision-makers and multidisciplinary project teams,60–180 minutes,"Defined decision problem, realistic comparator, local evidence, named owners, and applicable institutional requirements","Versioned institutional decision record with conditions, monitoring, review date, and exit route",Book Chapter 14; governed working copy; accountable owner,At initiation and each material review,Essential when relevant to the decision,DOCX for narrative work; XLSX for registers and calculations,Low to moderate,Assess circularity and asset stewardship,default,2026-09-02
AIHE-CASE14,"Imaging Platform: Maintain, Refurbish, Replace, or Share",14,md; csv; json; xlsx,"Which asset-life strategy preserves safe service value while controlling lifecycle cost, downtime, material demand, and dependency?",V1.0,public,14,worked_examples/CASE14_asset_options,Circular Procurement and Asset Stewardship,AIHE-E02; AIHE-E03; AIHE-CE2; AIHE-CE3; AIHE-D01; AIHE-T; AIHE-PY37,Worked case,,no,,no,,Introductory to applied,"Readers, students, and practitioners",45–120 minutes,No local data required; synthetic assumptions are supplied,Completed case interpretation and conditional recommendation,Book Chapter 14 or the case orientation,"Orientation, self-study, or method demonstration",Recommended,"Browser demonstration, workbook, scenario, and worked solution",Low,Explore a worked example,default,2026-09-02
AIHE-PY37,Circular asset-life option analysis,14,py; ipynb; xlsx; csv; json; png; md,"Ranks circular asset and service options using discounted cost, carbon, downtime, circularity, safety, and non-compensatory safeguards.",V1.0,public,"6, 14, 15",chapters/14/py/PY37_asset_life,Circular Procurement and Asset Stewardship,AIHE-E03; AIHE-CASE14,Python analytics,,no,,no,,Advanced,"Health economists, analysts, researchers, informatics teams, and technical reviewers",1–4 hours,"Defined model question, governed input data, and a supported Python environment","Reproducible analytical output with archived inputs, code, assumptions, and interpretation",Book Chapter 14; method knowledge; Python or Jupyter capability,When quantitative analysis is decision-relevant,Optional advanced analysis,"Python script, Jupyter notebook, and accompanying wb",High,Run an analysis,advanced,2026-09-02
AIHE-CE2,Circular Procurement and Supplier Scorecard,14,docx; xlsx; csv; json; md; mmd; svg; png,"Evaluate lifecycle specifications, durability, modularity, repairability, service support, product circularity data, take-back, residual value, and responsible end of life.",V1.0,optional,"9,13,14",chapters/14/core/AIHE-E02/supp/AIHE-CE2,Circular Procurement and Asset Stewardship,AIHE-E02,Supplemental specialist tool,,no,,yes,docs/process/resources/AIHE-CE2.html,Applied to advanced,Specialist project contributors and institutional reviewers,30–120 minutes,A defined decision and the evidence required by the specialist task,"Supporting analysis, register, checklist, or decision record",Aligned core resource or Book Chapter 14,As required by the decision,Optional or conditionally required,"DOCX, XLSX, or structured data",Moderate,Use a specialist resource,advanced,2026-09-02
AIHE-CE3,Circular Asset-Life Decision Workbook,14,docx; xlsx; csv; json; md; mmd; svg; png,"Compare maintain, repair, upgrade, share, refurbish, remanufacture, replace, and service-model options using safety, cost, life, validation, resilience, and residual value.",V1.0,optional,"6,9,14,15",chapters/14/core/AIHE-E03/supp/AIHE-CE3,Circular Procurement and Asset Stewardship,AIHE-E03,Supplemental specialist tool,,no,,yes,docs/process/resources/AIHE-CE3.html,Applied to advanced,Specialist project contributors and institutional reviewers,30–120 minutes,A defined decision and the evidence required by the specialist task,"Supporting analysis, register, checklist, or decision record",Aligned core resource or Book Chapter 14,As required by the decision,Optional or conditionally required,"DOCX, XLSX, or structured data",Moderate,Use a specialist resource,advanced,2026-09-02
AIHE-E04,Circularity-Adjusted Evaluation Record,15,docx; xlsx; csv; json; md; mmd; svg; png,"Extend conventional economic evaluation with environmental, material, residual-value, resilience, equity, rebound, and burden evidence.",V1.0,public,15,chapters/15/core/AIHE-E04,Circularity-Adjusted Economic Evaluation and Sustainable Value,AIHE-CE6,Core,AIHE-CE6,yes,docs/forms/AIHE-E04/index.html,yes,docs/process/resources/AIHE-E04.html,Applied,Institutional decision-makers and multidisciplinary project teams,60–180 minutes,"Defined decision problem, realistic comparator, local evidence, named owners, and applicable institutional requirements","Versioned institutional decision record with conditions, monitoring, review date, and exit route",Book Chapter 15; governed working copy; accountable owner,At initiation and each material review,Essential when relevant to the decision,DOCX for narrative work; XLSX for registers and calculations,Low to moderate,Assess circularity and asset stewardship,default,2026-09-02
AIHE-E05,"Environmental, Circularity, and Disposition Dashboard",15,docx; xlsx; csv; json; md; mmd; svg; png,"Monitor acquisition, utilization, asset life, resource intensity, materials, take-back, recovery, rebound, resilience, and disposition.",V1.0,public,"13, 14, 15",chapters/15/core/AIHE-E05,Circularity-Adjusted Economic Evaluation and Sustainable Value,AIHE-CE4; AIHE-CE5; AIHE-CE7,Core,AIHE-CE4; AIHE-CE5; AIHE-CE7,yes,docs/forms/AIHE-E05/index.html,yes,docs/process/resources/AIHE-E05.html,Applied,Institutional decision-makers and multidisciplinary project teams,60–180 minutes,"Defined decision problem, realistic comparator, local evidence, named owners, and applicable institutional requirements","Versioned institutional decision record with conditions, monitoring, review date, and exit route",Book Chapter 15; governed working copy; accountable owner,At initiation and each material review,Essential when relevant to the decision,DOCX for narrative work; XLSX for registers and calculations,Low to moderate,Assess circularity and asset stewardship,default,2026-09-02
AIHE-CASE15,AI-Assisted Remote Diagnostic Pathway: Circularity-Adjusted Economic Evaluation,15,md; csv; json; xlsx,"How does the preferred option change when conventional economic value is considered with environmental effects, residual value, resilience, equity, and rebound?",V1.0,public,15,worked_examples/CASE15_legacy_edge_cloud,Circularity-Adjusted Economic Evaluation and Sustainable Value,AIHE-E04; AIHE-E05; AIHE-CE6; AIHE-CE7; AIHE-B01; AIHE-B05; AIHE-PY38,Worked case,,no,,no,,Introductory to applied,"Readers, students, and practitioners",45–120 minutes,No local data required; synthetic assumptions are supplied,Completed case interpretation and conditional recommendation,Book Chapter 15 or the case orientation,"Orientation, self-study, or method demonstration",Recommended,"Browser demonstration, workbook, scenario, and worked solution",Low,Explore a worked example,default,2026-09-02
AIHE-PY38,Circularity-adjusted economic evaluation and sustainable value,15,py; ipynb; xlsx; csv; json; png; md,Provides a reproducible synthetic example for circularity-adjusted economic evaluation and sustainable value.,V1.0,public,"7, 8, 15",chapters/15/py/PY38_circular_eval,Circularity-Adjusted Economic Evaluation and Sustainable Value,AIHE-E04; AIHE-CASE15,Python analytics,,no,,no,,Advanced,"Health economists, analysts, researchers, informatics teams, and technical reviewers",1–4 hours,"Defined model question, governed input data, and a supported Python environment","Reproducible analytical output with archived inputs, code, assumptions, and interpretation",Book Chapter 15; method knowledge; Python or Jupyter capability,When quantitative analysis is decision-relevant,Optional advanced analysis,"Python script, Jupyter notebook, and accompanying wb",High,Run an analysis,advanced,2026-09-02
AIHE-CE4,Environmental Footprint and Circularity Dashboard,15,docx; xlsx; csv; json; md; mmd; svg; png,"Monitor absolute and per-functional-unit energy, water, carbon, materials, utilization, repair, life extension, recovery, rebound, resilience, and distributional effects.",V1.0,optional,"5,12,13,14,15",chapters/15/core/AIHE-E05/supp/AIHE-CE4,Circularity-Adjusted Economic Evaluation and Sustainable Value,AIHE-E05,Supplemental specialist tool,,no,,yes,docs/process/resources/AIHE-CE4.html,Applied to advanced,Specialist project contributors and institutional reviewers,30–120 minutes,A defined decision and the evidence required by the specialist task,"Supporting analysis, register, checklist, or decision record",Aligned core resource or Book Chapter 15,As required by the decision,Optional or conditionally required,"DOCX, XLSX, or structured data",Moderate,Use a specialist resource,advanced,2026-09-02
AIHE-CE5,Circular Decommissioning and Asset Disposition Record,15,docx; xlsx; csv; json; md; mmd; svg; png,"Document continuity, secure erasure, chain of custody, recipient due diligence, reuse, refurbishment, recovery, residual value, communication, and closure.",V1.0,optional,"12,13,14",chapters/15/core/AIHE-E05/supp/AIHE-CE5,Circularity-Adjusted Economic Evaluation and Sustainable Value,AIHE-E05,Supplemental specialist tool,,no,,yes,docs/process/resources/AIHE-CE5.html,Applied to advanced,Specialist project contributors and institutional reviewers,30–120 minutes,A defined decision and the evidence required by the specialist task,"Supporting analysis, register, checklist, or decision record",Aligned core resource or Book Chapter 15,As required by the decision,Optional or conditionally required,"DOCX, XLSX, or structured data",Moderate,Use a specialist resource,advanced,2026-09-02
AIHE-CE6,Circularity-Adjusted Evaluation Record,15,docx; xlsx; csv; json; md; mmd; svg; png,"Specify a common functional unit and boundary; integrate clinical, lifecycle-cost, environmental, residual-value, resilience, equity, rebound, and uncertainty evidence without arbitrary monetization or double counting.",V1.0,optional,"6,7,8,15",chapters/15/core/AIHE-E04/supp/AIHE-CE6,Circularity-Adjusted Economic Evaluation and Sustainable Value,AIHE-E04,Supplemental specialist tool,,no,,yes,docs/process/resources/AIHE-CE6.html,Applied to advanced,Specialist project contributors and institutional reviewers,30–120 minutes,A defined decision and the evidence required by the specialist task,"Supporting analysis, register, checklist, or decision record",Aligned core resource or Book Chapter 15,As required by the decision,Optional or conditionally required,"DOCX, XLSX, or structured data",Moderate,Use a specialist resource,advanced,2026-09-02
AIHE-CE7,Annual Circularity Review,15,docx; xlsx; csv; json; md; mmd; svg; png,"Conduct a portfolio-level annual review of resource flows, asset-life extension, environmental trends, supplier performance, recovery, rebound, incidents, capability gaps, and next-year decisions.",V1.0,optional,"12,13,14,15",chapters/15/core/AIHE-E05/supp/AIHE-CE7,Circularity-Adjusted Economic Evaluation and Sustainable Value,AIHE-E05,Supplemental specialist tool,,no,,yes,docs/process/resources/AIHE-CE7.html,Applied to advanced,Specialist project contributors and institutional reviewers,30–120 minutes,A defined decision and the evidence required by the specialist task,"Supporting analysis, register, checklist, or decision record",Aligned core resource or Book Chapter 15,As required by the decision,Optional or conditionally required,"DOCX, XLSX, or structured data",Moderate,Use a specialist resource,advanced,2026-09-02
