arrivals,throughput,mean_wait_minutes,p90_wait_minutes,urgent_mean_wait_minutes,utilization_proxy,scenario,replication,wait_cost
112,111,18.606524808915108,44.512684080298435,14.401613017860084,0.946695178887654,Usual triage,0,1910.2698803819512
115,109,10.759986964189489,27.38322836315307,7.473243770342214,0.9096549157726527,Usual triage,1,1134.281959141642
107,93,32.53434811982715,113.42444696664474,21.186733408113618,0.8628107547365558,Usual triage,2,3191.077311419713
95,90,9.961356673027943,28.55049580627756,4.412458596078972,0.8758719364621542,Usual triage,3,867.4681436095168
89,85,8.510787348280754,24.728944635027258,5.932104946580299,0.7270176753963663,Usual triage,4,694.3384011639048
103,96,27.780930441938477,55.15285915571921,21.09135702638934,0.8852478414054344,Usual triage,5,2622.9828492263578
101,95,10.115626250417705,39.69396308436342,1.9763312504632757,0.812793472399232,Usual triage,6,936.5383970178392
105,100,16.750579066916735,42.04917962194514,15.224649544871886,0.8550939779660219,Usual triage,7,1612.2432351907357
107,80,60.162945878003256,183.92614037642608,62.871248758834184,0.8567419652032091,Usual triage,8,5900.982274867485
107,97,52.582525786105876,130.07293245243318,32.668916842966,0.9852427747838267,Usual triage,9,5157.469404187218
83,80,3.979343281508929,15.717464708165128,0.96518974274486,0.8052867739382399,Usual triage,10,302.76170133480434
103,79,113.53242913125456,260.16827590422776,64.15371362337608,0.9238897643923186,Usual triage,11,10719.35351714262
102,95,12.919186860950651,41.292930667619146,10.729137499410593,0.860996352103294,Usual triage,12,1207.943971498886
96,93,19.779951803493237,76.3037769784599,9.729196386682137,0.8024386320120863,Usual triage,13,1740.6357587074049
105,93,17.728269392615577,62.073652965399404,5.936271642080202,0.8033698444173193,Usual triage,14,1706.3459290392493
100,93,3.392064672322152,15.593470075485447,2.636065512779848,0.6960310750203595,Usual triage,15,310.9392616295306
113,93,44.22206293758541,177.72221609775184,10.028510419281758,0.8551594500318015,Usual triage,16,4580.668685951557
107,94,37.27689644318041,107.01859993345788,15.327731059417195,0.7963013175488755,Usual triage,17,3656.242259468612
98,98,10.115928042009166,29.294058312711577,7.399073485714465,0.7498457121041999,Usual triage,18,908.7475357738233
109,98,15.10330883936146,47.79834036171394,6.963998980452255,0.8659474274399004,Usual triage,19,1509.0722748661992
102,90,24.184605285093415,74.98341709316162,18.935844043093724,0.8774258856629973,Usual triage,20,2261.260594156234
125,108,71.63177321293384,169.05345099883874,31.755884276914703,0.9773772811602811,Usual triage,21,8207.807347315334
107,92,16.31234474622128,64.29910557895269,7.606025089193748,0.8424848997543547,Usual triage,22,1599.969147191871
97,97,22.360036176141342,63.773054572183646,12.723875126404863,0.8472584045249093,Usual triage,23,1988.1798833285677
115,96,37.218419977166434,116.61463929767928,20.669650824396815,0.8105453904747756,Usual triage,24,3923.441772592962
93,93,18.84545510119395,47.68363699854858,14.329092637314549,0.8550286788737419,Usual triage,25,1606.5750473767841
117,102,46.728096851504155,111.275553256802,24.481555092026568,0.9446867517862819,Usual triage,26,5011.58838732382
114,107,29.03609956156227,104.57945064283057,12.049057178524976,0.9076976417863214,Usual triage,27,3034.2724041832575
103,88,20.966548975267127,58.70355154056696,16.867156289823907,0.905187153311402,Usual triage,28,1979.5916657481382
105,86,47.27439902289822,138.70901922520716,34.426902432549575,0.9127938412280477,Usual triage,29,4550.160905953954
83,73,12.263601053800475,41.32633486194551,11.4240073268181,0.6276610719989412,Usual triage,30,933.0556468433194
105,90,24.94018030048956,76.33379261003371,17.05557569422063,0.7563586804454976,Usual triage,31,2400.49235392212
102,99,11.015227248364132,30.771869352351743,6.292584708221759,0.9384235371682326,Usual triage,32,1029.9237477220463
114,93,38.92523431390031,139.2954240046863,14.44950204045264,0.782908736841444,Usual triage,33,4067.6869858025825
98,94,19.509982121266855,54.79130215432454,7.886107923418007,0.8838116312850599,Usual triage,34,1752.6467272271393
100,92,55.42804628906122,117.82263194714955,34.33285099633816,0.9476245001543726,Usual triage,35,5080.9042431639455
113,104,8.337494837742112,22.839292850058026,5.885167546878796,0.8481965918293999,Usual triage,36,863.6255069427871
100,99,39.111888041066614,115.59096103215344,8.387851031274824,0.8713059239281701,Usual triage,37,3585.2564037644393
107,107,9.323194646624636,23.565640006785824,6.497139348505208,0.8591907820310088,Usual triage,38,914.450008256433
101,91,12.19170512538746,43.65744856962158,9.74725227271246,0.8480726170443458,Usual triage,39,1128.7486995254555
98,91,11.646646535815961,37.20921366754774,9.76932045371069,0.7488755165091564,Usual triage,40,1046.2570804674672
85,82,7.590140359990628,22.403892885530944,6.424530053186992,0.7281946828758685,Usual triage,41,591.3984363826032
117,103,38.78279735586042,103.53852884855745,17.879579194852347,0.9711844216806129,Usual triage,42,4159.455016416029
97,92,12.452946651688926,66.20559289114854,4.730146995102582,0.7319872279828659,Usual triage,43,1107.2745064460069
110,105,28.697775396316068,94.73843800494818,17.537288464696267,0.8843167349101642,Usual triage,44,2893.6923524618705
104,98,17.748018019586297,51.020645115571085,15.715145715764086,0.8458619790046659,Usual triage,45,1691.977717867227
99,95,13.943595930592851,41.48901916088041,12.1258409591512,0.8181119450407013,Usual triage,46,1265.3813307013013
96,91,14.861103728727947,38.44285171905864,5.187715409553566,0.8653018354823566,Usual triage,47,1307.7771281280593
111,98,58.45660710452852,138.46427459410748,25.530808847292054,0.9703046329846694,Usual triage,48,5947.959772885777
111,95,28.635144389060226,95.04575072076238,15.187511190518562,0.9361356126478024,Usual triage,49,2913.625941586878
92,89,5.9727846766224255,25.444732924303203,5.831759647610791,0.6310715858175424,Usual triage,50,503.70484106182454
90,81,12.822668113738235,42.37369661079743,9.400518119715008,0.7850823336715618,Usual triage,51,1057.8701193834045
77,74,8.96585549461622,27.854569392043185,8.116445827179811,0.6838580406952199,Usual triage,52,632.8399669949948
116,84,69.44394545953891,214.09171252192277,16.844581134851175,0.8685265685080855,Usual triage,53,7384.206200530971
110,105,10.576023769391835,36.05994604025835,10.116256458388335,0.8648511367135862,Usual triage,54,1066.4157300803433
94,91,5.011244642149393,15.702691820418975,2.4951010012907817,0.7742923449345664,Usual triage,55,431.802246665206
90,88,8.327622998778923,25.347302085326117,3.4686800985496262,0.7474094498691051,Usual triage,56,687.0288973992612
100,93,27.19642369639298,77.86911662212627,22.8697914182744,0.88774054753222,Usual triage,57,2493.0055055026896
108,82,50.63299953499249,170.5323802823071,17.168542658909836,0.9378769201629353,Usual triage,58,5012.666953964257
83,81,5.756306057089915,14.251739595511184,8.589260613843326,0.7595579929059236,Usual triage,59,437.95895251025775
99,97,8.407768500216802,25.18833245998493,5.27034877320259,0.7770305227390657,Usual triage,60,763.0049913946748
107,95,11.098939757453014,33.375758993831006,6.942931047015579,0.7042364614965927,Usual triage,61,1088.62100787685
106,101,24.793396675892875,74.92182927141869,16.133282398530834,0.9018414535926933,Usual triage,62,2409.0917103409242
91,88,5.234487910367318,18.751687570134152,3.691209250940377,0.8284462979538744,Usual triage,63,436.6435331898071
97,83,22.929940410136584,109.80609549879826,19.401668797584467,0.7915126777040958,Usual triage,64,2038.8538681346447
104,88,16.104722497269265,55.17780586391266,7.018744487772214,0.7814960251692741,Usual triage,65,1535.3168780730032
105,101,14.306706936655077,40.66350823635109,7.179181111751288,0.8488562491098597,Usual triage,66,1377.0205426530513
92,85,4.573773933092524,14.557477487182771,1.384288261862509,0.645797074934809,Usual triage,67,385.7216016908029
97,94,22.463562543675188,62.64873368055831,11.355283500016425,0.8685691746999096,Usual triage,68,1997.3851028417855
104,102,11.12971368609567,34.853522906749646,8.200303339250178,0.8956530122354702,Usual triage,69,1061.0327047411206
108,105,4.595824099054162,17.026008128690595,3.979349665454923,0.7552852672453083,Usual triage,70,454.98658580636203
120,102,66.95901306950294,156.64052798473253,49.23831814601423,0.9503377720731248,Usual triage,71,7365.491437645324
91,85,23.790482683015806,75.63248946741004,18.97764494252138,0.7907089281076736,Usual triage,72,1984.5227638082354
111,97,9.168077996569922,19.733588454638152,8.068700581072063,0.7793527509383886,Usual triage,73,932.8519361509896
97,96,26.06301157968406,76.70461619434715,9.267116361189322,0.8923450998665803,Usual triage,74,2317.436112960241
104,96,34.84057666932757,121.30578565266465,21.997883232560557,0.9288813456778573,Usual triage,75,3321.468309142562
112,107,18.765679564741923,40.205900675953416,15.975904720755802,0.968617992644211,Usual triage,76,1926.6097686468374
107,101,34.162659372219125,101.22779448589914,18.234280852121255,0.9248668848747894,Usual triage,77,3350.787506758493
88,84,9.348647802195849,30.0956709644717,6.009139456225064,0.8225171099186273,Usual triage,78,754.1242560437984
115,99,22.295169084092844,79.80681573557068,10.574566096099915,0.8990687314939586,Usual triage,79,2350.282407614787
104,96,7.391291035899179,29.07254307599905,4.633473582160858,0.7017564121497343,Usual triage,80,704.6364120890549
94,84,14.214257158108184,37.96531130976001,8.060907227423854,0.8002465047645941,Usual triage,81,1224.7951584569885
100,96,21.721020186047927,80.1504424597157,7.521503128812529,0.8691547589713595,Usual triage,82,1991.0935170543933
96,89,14.834474091351211,52.522694616088074,8.72229229749671,0.7396903409291077,Usual triage,83,1305.4337200389066
104,101,4.570383454354253,16.70357623859286,3.205379676241621,0.8179038160278727,Usual triage,84,435.7098893151055
99,93,21.953090045463792,66.04491362738027,17.08063872805228,0.8835068866781313,Usual triage,85,1992.2429216258392
112,93,46.80925914928899,180.65315934967833,22.082200803637075,0.9333790164779512,Usual triage,86,4805.7506059936695
92,82,20.521952067670522,67.22107268014408,4.265819704666279,0.8719009434805962,Usual triage,87,1730.6846243735474
128,105,83.0629479819068,201.77753812721966,10.543767727406706,0.8976524119637042,Usual triage,88,9746.052563210398
105,97,21.092052581895384,51.15588265743438,17.6544901470019,0.9281529141950103,Usual triage,89,2030.1100610074307
107,96,35.29207181349298,113.38092230834216,31.3048321773996,0.9187374155004171,Usual triage,90,3461.56404370677
109,93,54.54573890189473,121.76971619636157,22.74345582544148,0.9396891861748041,Usual triage,91,5450.028411947648
111,101,17.18538589180453,66.26611792586482,13.0536246247099,0.787841267092871,Usual triage,92,1748.6130144911108
85,81,11.011210291727915,39.769142795000995,1.898468892183637,0.7247478032981778,Usual triage,93,857.9568018971333
107,95,24.53503695127335,77.00697708303035,22.22080855545291,0.8947384760418582,Usual triage,94,2406.4782076373945
78,76,1.7155140709369563,6.875164960827493,2.606084544742234,0.6238029351993881,Usual triage,95,122.65925607199237
99,97,16.53626519145658,63.84422541904104,6.718362823703328,0.8252128400021036,Usual triage,96,1500.6660661246844
97,80,20.63651556520277,47.07681588451083,15.62891943438713,0.8246367518295472,Usual triage,97,1834.9301756726131
121,92,115.13359245360103,228.6578656700703,51.14969666405196,0.9744943924814865,Usual triage,98,12770.234296311914
108,102,14.323013843401565,37.247171662267185,10.359026624324631,0.88368846478579,Usual triage,99,1417.978370496755
103,95,8.308028333066117,24.875315897313847,6.929377442496963,0.8472901727431739,Usual triage,100,784.416341780326
103,102,17.938723495138113,72.534954492327,11.302717174889462,0.8871718493613794,Usual triage,101,1693.7144766659567
100,97,4.925553410114537,19.24402565216995,7.380191748232527,0.741687402207573,Usual triage,102,451.5090625938325
96,89,48.98456426636525,137.02205168573158,17.41491404748763,0.8928424897044298,Usual triage,103,4310.641655440142
105,92,51.53663100654332,124.68424607660408,23.586283500647518,0.9247720151662864,Usual triage,104,4960.400734379794
105,102,9.57494950100469,30.026763987207413,3.366761620885079,0.8286708300012324,Usual triage,105,921.5888894717015
112,105,19.827389328801992,56.8886604871542,9.75489318406901,0.8502262720416542,Usual triage,106,2035.6119710903376
109,95,42.06471411889699,114.36182882308592,23.608758970323112,0.9349074392160743,Usual triage,107,4202.966019046457
102,91,16.63897646928844,80.69162091543775,6.2155837110626875,0.8258561784950037,Usual triage,108,1555.744299878469
112,111,8.775872508281783,21.950487931508373,4.215299299806799,0.903793341925385,Usual triage,109,900.9895775169297
96,92,4.433483377560412,13.321286383050477,2.8721834753725335,0.8334148059828134,Usual triage,110,390.14653722531625
96,92,40.65749240863536,114.88641462191336,33.86866201264006,0.9638133306475178,Usual triage,111,3577.859331959912
92,89,2.847247706331468,8.766075964751531,1.1234994058925583,0.7017827294997325,Usual triage,112,240.11788990062047
101,97,4.418591100207703,12.75841967676515,3.166579884162175,0.8336664732490803,Usual triage,113,409.0878926942298
105,96,31.42882216233998,97.8228381225342,21.528144046050937,0.8970387030399967,Usual triage,114,3025.0241331252228
106,93,47.44695288408021,108.99513929434363,13.543941700788007,0.9472047956775166,Usual triage,115,4610.262255236461
88,83,4.159145065119632,11.620123104112071,2.3313894443246475,0.6903415194876104,Usual triage,116,335.504368586317
112,109,19.35378843472693,46.17333570215249,12.92641547090806,0.8576774346050036,Usual triage,117,1986.9889459652982
93,91,12.245389722915181,28.285584074695155,8.917307677191685,0.8936578186995641,Usual triage,118,1043.9194738785193
101,98,14.683402172913972,51.50940361530195,4.415870720881904,0.8465681711313814,Usual triage,119,1359.4383178422852
99,87,18.898411483773547,69.47205832159452,15.377753921510326,0.8093430143986803,Usual triage,120,1715.0308421524496
112,98,30.939749550894938,71.02984331411119,24.909110781032986,0.85478164829985,Usual triage,121,3176.48095389188
94,86,23.53789840420426,85.53900066402866,21.83055200181422,0.8924356245568181,Usual triage,122,2028.1822458289337
106,92,43.68101753716254,114.1331795296619,21.292307353343947,0.9458675117835834,Usual triage,123,4244.338870694293
86,83,3.1123220733619927,12.015048666650358,1.657950530611611,0.5954615091931202,Usual triage,124,245.35472345003708
90,87,6.573525338298049,21.393978708260516,3.6433730568855993,0.7909655730346469,Usual triage,125,542.3158404095891
79,79,7.765559062902465,24.000019240624475,5.6624974367556264,0.6761638565796372,Usual triage,126,562.3559021385202
98,94,27.251223217561996,92.31456599914677,13.685759343422253,0.8505847870315967,Usual triage,127,2448.0682190443194
91,89,8.13732660961277,32.33077591186594,8.087236178058598,0.7899983553418575,Usual triage,128,678.7886613518652
101,86,24.22924198864917,78.5278299492926,7.263646752487881,0.8447455173955005,Usual triage,129,2243.2239874491024
101,90,8.775790949494661,34.32027720805527,7.052829234659916,0.7295158141154722,Usual triage,130,812.491978740714
94,89,20.711661594157814,76.6057162698428,10.855214045576595,0.7947626839791425,Usual triage,131,1784.6548406965983
100,91,21.204262970701183,72.15105374355483,25.46439807148239,0.8560970742705002,Usual triage,132,1943.7241056476087
108,97,19.278469051257666,46.82617312934437,16.75250726012733,0.8439337360744459,Usual triage,133,1908.568436074509
103,95,18.004871092581816,51.22247762868077,8.330043918319255,0.7614890907610878,Usual triage,134,1699.9599123245998
90,86,11.785370510039174,40.208199478319884,4.806169040871088,0.7257877562731639,Usual triage,135,972.2930670782317
102,80,64.4561260399483,158.85942126068997,32.392468763193136,0.8489468468828623,Usual triage,136,6026.647784735166
99,94,14.773332240041906,65.45046692445918,6.240827032052416,0.7677813782574546,Usual triage,137,1340.679900783803
110,107,29.774964438913365,87.58513003243515,22.62048868566786,0.8646727362671504,Usual triage,138,3002.3089142570975
104,102,10.981395920031607,36.84446191142231,6.552188141006761,0.8397494529247597,Usual triage,139,1046.8930777096798
102,96,4.58932033243118,17.541211976289038,3.08196532605819,0.7144223939767582,Usual triage,140,429.1014510823153
101,99,17.640806350656877,51.29977387813655,14.139132461994395,0.8002182608880544,Usual triage,141,1633.2446546316492
93,69,66.6588367273058,235.37532318137502,39.473596115675235,0.7909405556858559,Usual triage,142,5682.66583100282
97,95,8.49335837077444,31.121882921181122,7.979543104422949,0.8244515067848625,Usual triage,143,755.201115134694
92,73,28.36761991027634,115.5583934021421,7.210238360234397,0.6842227585747577,Usual triage,144,2392.335945766638
113,101,30.403010917894054,77.17647918091527,24.136572997354524,0.9488886379837947,Usual triage,145,3149.245214245192
91,90,21.739909095949166,83.79900755328822,16.08176617155753,0.7888694231521812,Usual triage,146,1813.4707504204262
109,91,46.789004442259284,121.84295725166906,27.719687496564923,0.9456252600582618,Usual triage,147,4675.001360522407
98,95,8.827510198197178,25.96715664250699,6.962929841730877,0.7171335713755539,Usual triage,148,793.0046661380466
113,110,24.97865542732521,76.81261093989451,8.573559638450181,0.8234915187823902,Usual triage,149,2587.372391347103
112,93,43.72731120228976,112.95420210315788,34.65148658203244,0.8590408698624281,Usual triage,150,4489.337283435082
80,75,2.141286586523105,7.48899489469442,2.4176983425478853,0.7205105720151832,Usual triage,151,157.02768301169436
114,109,28.76784868630746,60.75763619270842,9.915623970737428,0.9434337354213239,Usual triage,152,3006.2401877191296
103,100,5.745934099092557,20.596784869871907,6.0287468762958385,0.7443790026852254,Usual triage,153,542.5119445226557
83,76,15.151633567248206,45.24434667063669,12.468887376128242,0.8275648828926451,Usual triage,154,1152.7867872414674
86,85,16.23157083464718,49.34714149696891,17.10329186613707,0.890506928869027,Usual triage,155,1279.5888341313525
110,93,30.23238680479537,114.31129099915051,18.553556023912588,0.7880468830573278,Usual triage,156,3048.4323361502
109,98,8.537986397958496,27.590625600524312,7.1245904497596495,0.7947991869337468,Usual triage,157,853.087140929353
95,90,17.740894457986517,52.94363792007158,12.779447795649096,0.8336966814370256,Usual triage,158,1544.9362257163257
118,105,61.37755978701603,144.8470026308397,32.434383369430265,0.921521289608707,Usual triage,159,6639.006050295568
95,91,10.382988878658992,30.45080099290094,7.301242183420584,0.8097277130124302,Usual triage,160,904.1852815165539
100,98,20.598768065757994,54.31024665720996,19.10351467391944,0.9370564113940472,Usual triage,161,1888.2204060278164
108,93,50.36584534657757,174.50873657336163,26.87112189877907,0.8858334727583077,Usual triage,162,4986.218689311179
93,89,28.082662163556133,90.19699730527938,23.15447758642164,0.8819610543540086,Usual triage,163,2394.0469494431604
116,107,10.291178466417568,29.735250431809916,10.902176965132886,0.8091869556191312,Usual triage,164,1094.2953102624015
113,87,36.89135844457319,128.55064514780608,37.310733058462205,0.8793695981303102,Usual triage,165,3821.329878883706
104,97,32.01839863763227,108.86107912420717,19.626447988705138,0.9211794080503423,Usual triage,166,3052.420670120943
108,104,27.08057558065388,94.97264483682339,19.562718033561886,0.8304302348967048,Usual triage,167,2680.976982484734
90,87,14.084495399128537,47.562091459632384,6.931132712014021,0.7773109406261772,Usual triage,168,1161.9708704281043
122,106,12.882596504268204,56.997996623640624,6.398988530045068,0.8153339257488843,Usual triage,169,1440.703709060661
100,95,5.846806486897805,19.777540885963425,4.829722801700468,0.7979988045634417,Usual triage,170,535.9572612989655
96,81,32.887286398768204,107.18494944219759,11.554741758226292,0.8089026203685917,Usual triage,171,2894.0812030916018
100,96,22.240108182691237,63.148300487521624,9.047846155013001,0.8883817013060773,Usual triage,172,2038.6765834133635
103,92,26.159383783775315,73.889969955155,9.679045423881286,0.8647590043880615,Usual triage,173,2469.8818189181197
108,97,20.903825121607618,59.41042962785401,13.241218716229548,0.8924972255091755,Usual triage,174,2069.478687039154
96,89,6.479487108365245,24.6427585858916,2.700245056295193,0.7409321319195694,Usual triage,175,570.1948655361416
82,82,19.715102468316147,65.97535338922854,12.950478927221164,0.8039463353321065,Usual triage,176,1481.918535535097
125,94,101.13700226142385,233.73109987690066,47.157859226993345,0.9797675623894853,Usual triage,177,11588.614842454816
113,107,16.8676071573877,40.752617814177334,16.627356041688532,0.9235915031363591,Usual triage,178,1747.202974719409
99,86,38.42961765795875,96.99458881160821,17.124394147946045,0.8685043103898592,Usual triage,179,3487.487802459756
87,82,10.205835900141887,39.75760487272734,7.522053857111422,0.7064651759376862,Usual triage,180,813.9154130363155
110,102,12.925270414921513,40.51116356460509,8.700228337951495,0.8830115277964826,Usual triage,181,1303.2981001712526
85,81,1.51553806659539,8.033427236555156,1.3207430164859495,0.5724010101194933,Usual triage,182,118.08567435555746
110,101,28.300528828907385,73.76016372415059,24.567609760714493,0.9700162356902906,Usual triage,183,2853.636656914828
91,84,4.664604519473745,15.773440205749495,6.974941634945473,0.736080843552468,Usual triage,184,389.10576033276817
92,78,74.1714731634803,210.55632069794794,71.67423540694509,0.9406990781433575,Usual triage,185,6255.127570120172
100,94,11.070671617991286,32.94799172530498,11.323254890222577,0.8747215394086243,Usual triage,186,1014.8115649825346
99,97,9.408236705488068,26.76247204030728,6.755369987887788,0.8174142540335032,Usual triage,187,853.7974810230422
106,97,33.52733576902191,89.15229425966828,17.914369629375827,0.8802266894116246,Usual triage,188,3257.7394588899624
104,89,27.944526828384806,89.33726436178128,17.63614116162351,0.8703121810389574,Usual triage,189,2664.044890972685
99,95,6.441968706091311,16.330335929968015,5.367221796788975,0.7697331806916808,Usual triage,190,584.6086600777865
98,86,12.423466391789118,38.236117642815714,4.882361358755478,0.7379138245846736,Usual triage,191,1116.0413975290558
124,107,52.57370625598463,127.44580318296458,19.580195712312538,0.8992919925006245,Usual triage,192,5975.877944430254
117,96,84.71203864501584,200.38222074857583,24.359721511752348,0.9613666136087909,Usual triage,193,9085.366144677948
115,101,34.91366424479551,105.86059769519957,8.530023564182608,0.8542424465319297,Usual triage,194,3680.4821058055268
96,87,6.587094640311125,18.50340318293189,3.766808818776994,0.785374287612951,Usual triage,195,579.664328347379
107,96,7.756347698645586,15.489209320458771,4.2247317652958145,0.728385688217894,Usual triage,196,760.7684367754878
90,86,8.702941665461735,36.75008016568259,7.6311901410350655,0.7970890955429544,Usual triage,197,717.992687400593
102,85,26.399741156879255,89.02213754206628,26.908754290019647,0.8491935989938255,Usual triage,198,2468.3757981682106
105,94,33.69646226961619,92.06987231182833,11.995800224300806,0.9439585476706853,Usual triage,199,3243.284493450559
110,99,33.205245411254346,76.28407592212154,27.172409836846395,0.961658463458738,Usual triage,200,3348.1955789681465
103,83,45.22524770992527,185.81383786422984,48.04726372470726,0.8645427883071362,Usual triage,201,4270.017137945444
88,81,8.810574936392157,32.29616259085985,3.7293343603574916,0.7364183989084055,Usual triage,202,710.7197115356339
107,99,14.536197193471525,50.35641601513291,4.416776384467126,0.8361553071543104,Usual triage,203,1425.758674726332
102,94,24.066145915292164,67.70589385165007,13.002937578669316,0.9300969032731092,Usual triage,204,2250.1846430798173
91,84,7.236080998879,23.88793431218545,5.4657059108115895,0.692342740164599,Usual triage,205,603.6097566564899
115,110,7.941654670334964,22.381675039666355,6.855277926146364,0.8378855351341796,Usual triage,206,837.1827631644775
102,89,12.84695409950298,23.06703973247663,12.262846703376875,0.722090728408027,Usual triage,207,1201.1902083035288
116,96,27.45212329258317,125.24708472024685,19.559496054669335,0.8338341455135837,Usual triage,208,2919.0757767780105
111,107,6.694627768611431,24.431561356275665,4.090524983353635,0.7540984945905496,Usual triage,209,681.1783754562132
110,110,24.96074281424605,69.0755906263006,5.576698152352058,0.931827560874307,Usual triage,210,2516.8749004364768
99,90,92.57187945583567,195.52648359107187,32.794711939010796,0.9738473561761614,Usual triage,211,8400.898060617088
101,100,6.774478451585784,19.941261822498802,6.31428014051808,0.7527064785443265,Usual triage,212,627.2037966426506
96,88,7.109365448669263,20.754388148893213,3.68803973228715,0.7314033216778092,Usual triage,213,625.6241594828952
102,94,20.82875061307083,60.77682418241408,12.269733459427792,0.8479802321841081,Usual triage,214,1947.4881823221226
88,81,2.812528231169641,11.081772591390036,4.6397024666581075,0.6677962585424969,Usual triage,215,226.87727731435103
123,120,11.17108812263236,33.34594369658895,6.804982398075013,0.863086222671051,Usual triage,216,1259.5401858267985
101,99,4.972740337545915,18.64365909039043,4.034091453124277,0.764875621333774,Usual triage,217,460.3928762511259
101,86,25.882199928004678,100.72554648669723,18.6035739501303,0.8330568479913931,Usual triage,218,2396.260343334433
102,97,8.363363549453522,22.6900028830027,6.4295822179368205,0.8125848499275434,Usual triage,219,781.9744918739044
98,88,8.729382409213063,27.554983599744826,7.970224636347728,0.7278089859709941,Usual triage,220,784.1895197609736
114,87,102.21763952341163,282.8033972204468,47.68152989378543,0.9209514384180775,Usual triage,221,10681.743330196517
101,87,35.50472018569003,105.74448637602745,11.524513365613489,0.7564861606862676,Usual triage,222,3287.145343858469
97,95,9.881936268138915,24.165981952781546,5.0279825498090425,0.8304172409057589,Usual triage,223,878.668833175352
110,102,61.50377587562323,139.42943675189343,28.392123477921505,0.9708715540198777,Usual triage,224,6201.630734125342
106,103,14.916529421945889,52.7916772578525,7.933805402088694,0.8574928128422379,Usual triage,225,1449.3894421657421
113,99,35.93509557317386,98.36011349475902,17.833376530359327,0.9337873336950961,Usual triage,226,3722.2769831212595
108,94,38.965185194513325,116.3383061906741,16.243719380892177,0.884409776559326,Usual triage,227,3857.5533342568187
111,97,75.9748565955019,166.58346294923967,12.282327035803071,0.9742979561692645,Usual triage,228,7730.441658592319
110,102,8.274777442198491,29.31874340045999,6.555555009956497,0.8036164229320774,Usual triage,229,834.3733920883479
96,88,5.516422057796031,15.465777125140733,5.669041839959118,0.7740264125976704,Usual triage,230,485.4451410860506
89,85,18.38459257900102,55.695538319717954,12.195512505835376,0.8315112829506289,Usual triage,231,1499.8763445701663
90,89,21.860908249178273,66.1894250436397,12.210572039495208,0.8072403109151118,Usual triage,232,1803.5249305572077
99,97,20.32309297638445,47.91190318883154,16.902301519579773,0.8160101404820895,Usual triage,233,1844.3206876068891
109,103,13.297468170728955,41.86220222868884,11.758042704384964,0.907141011714734,Usual triage,234,1328.6386947253347
94,92,9.691328103142617,32.38480611061314,4.17303749690307,0.799494558338136,Usual triage,235,835.0694382207888
95,93,12.80199035980988,33.131054043612984,5.707382117111724,0.845201110186292,Usual triage,236,1114.8399938334435
103,68,110.43685648103448,259.1854492250265,76.90395953320392,0.8795675045269706,Usual triage,237,10427.07986608434
103,86,38.63387321866223,100.76363009764188,25.033329674316352,0.9178734077384256,Usual triage,238,3647.6815297286926
102,94,17.94300773992375,45.01769212673347,10.380686178843474,0.9254503109666337,Usual triage,239,1677.6712236828705
86,81,15.394677688105292,49.74343013975495,21.313357775606406,0.804236311124405,Usual triage,240,1213.6137577456338
126,123,20.31460839388055,71.43785719668406,6.230897528056291,0.886213098721652,Usual triage,241,2346.3372694932036
108,100,41.513907538416454,141.3585534799003,23.826893571489485,0.964588095998239,Usual triage,242,4109.876846303229
104,91,18.309807210127705,54.16448390297109,18.491928077432533,0.8038448006244563,Usual triage,243,1745.5349540321745
91,89,39.63537253122837,141.94457534378742,15.743260965260312,0.7698110973529663,Usual triage,244,3306.2506586466334
113,94,56.30009828337358,170.87187733349947,29.533983393586688,0.9824587341034048,Usual triage,245,5831.751847186113
96,94,2.1962382136086425,8.748629778289967,0.4509390091854243,0.7016933115404884,Usual triage,246,193.26896279756056
90,71,60.03949679603867,182.93755028734194,26.293922167010315,0.8444325960634147,Usual triage,247,4953.25848567319
116,94,41.320859811689225,118.05729329545125,23.316272630379487,0.9213611958438988,Usual triage,248,4393.784759976287
112,102,18.695044628836694,47.601644290115146,10.887542945913497,0.8764000265403808,Usual triage,249,1919.357915227234
102,88,20.42703463105277,48.96925043203862,11.902741963532513,0.7904851277925625,AI-assisted triage,0,1909.9277380034341
95,91,17.511090017320385,67.59159064792637,4.614162004831371,0.8747104649267982,AI-assisted triage,1,1524.924089008317
122,111,21.448110786489224,54.59629033235012,7.62000214446827,0.9434766295600272,AI-assisted triage,2,2398.6137229557116
106,97,5.625104262450478,19.551726335856188,4.498327405324033,0.7571734967574765,AI-assisted triage,3,546.5726308347714
113,93,43.14367884355851,150.62254658033496,13.836327989965778,0.8672840426368348,AI-assisted triage,4,4468.966066878603
104,94,52.24244128520464,125.14738102144881,17.650110734399686,0.9748354677556861,AI-assisted triage,5,4980.446069189509
104,100,10.956409083098444,41.126039240280384,5.548905932427008,0.8254940434658873,AI-assisted triage,6,1044.5109992553853
94,88,18.416052343537626,51.30757832630175,9.531108334179654,0.8054524745489596,AI-assisted triage,7,1586.849843601492
112,99,36.61543946523305,77.44261595558329,8.524524920810538,0.9777673947950695,AI-assisted triage,8,3759.185118430594
96,93,6.625718241169089,18.931167656154642,4.006410952591381,0.7998597391696051,AI-assisted triage,9,583.0632052228798
114,109,15.811696548224434,47.391554219584684,6.2681241467420845,0.9077595462631365,AI-assisted triage,10,1652.3222892894532
88,81,3.705945478765456,11.339534265306714,1.6355392968132634,0.7131331045301254,AI-assisted triage,11,298.9462686204135
114,100,16.4591680524657,49.38590619107206,7.133984090823083,0.8621926604248338,AI-assisted triage,12,1719.9830614826656
109,91,34.90558615631461,130.9301298598675,13.467972196354427,0.8412308212675184,AI-assisted triage,13,3487.6498167851014
85,79,3.1768702091355516,11.7805307018319,1.3660071090701718,0.7029221381671462,AI-assisted triage,14,247.53113712847838
102,97,15.06206932676954,37.99484084282691,2.5480576272929616,0.7854284770304094,AI-assisted triage,15,1408.3034820529522
95,93,18.851850952988162,58.40214680335747,4.21264329723786,0.8666292255355434,AI-assisted triage,16,1641.6820204893859
113,88,64.1149242760432,138.42461503366042,24.539704194787127,0.8572187371932006,AI-assisted triage,17,6641.237572926808
118,108,14.617782944933124,53.419354444578104,2.5300910305992903,0.8307787052515069,AI-assisted triage,18,1581.156855210266
99,91,8.796630155577914,28.020463678815336,6.60775509226831,0.754380083254269,AI-assisted triage,19,798.2941866186958
113,99,34.43406510864559,85.34368942175742,16.969974199946822,0.8892761891100174,AI-assisted triage,20,3566.7952441705393
91,87,2.708616814620771,8.690309546848141,1.6085753943521581,0.589025903458917,AI-assisted triage,21,225.9437859529493
105,98,30.230100409187774,83.3015935484218,7.69296313491799,0.8143548430772276,AI-assisted triage,22,2909.6471643843233
104,100,7.090012729864122,19.027562922985002,5.061222749383458,0.8657364135052846,AI-assisted triage,23,675.914546913713
85,79,15.310667716506085,48.38766050567773,12.826441755839628,0.7138912589827942,AI-assisted triage,24,1192.9561929110992
113,91,113.72766390115211,236.1477206440118,29.523297902364988,0.9352471086339887,AI-assisted triage,25,11780.29051909434
119,106,30.633076162269145,98.83291271338616,11.291088709934554,0.852896091842355,AI-assisted triage,26,3341.558058034192
107,97,52.224814098266556,103.28745218672319,20.217189066548173,0.952379366260017,AI-assisted triage,27,5122.383849471645
123,100,105.83859085372117,244.98113414217892,19.371455488834908,0.988447998465318,AI-assisted triage,28,11933.301118757063
97,87,40.68319046306774,73.73305410349253,16.33932986569195,0.9671524921542649,AI-assisted triage,29,3617.4136853411064
101,78,50.21808184865657,171.16561808881158,14.172595394621911,0.9001236261171383,AI-assisted triage,30,4649.357411154787
99,97,31.71868313110339,99.84604104270187,11.875730955364057,0.8581141525854729,AI-assisted triage,31,2878.4704941476325
109,95,22.438800839535904,58.267620229904495,10.52022102742079,0.9130975437959543,AI-assisted triage,32,2242.010183883629
90,86,2.427630383867656,8.834330003712557,2.4408113206360156,0.7296100017571714,AI-assisted triage,33,200.27950666908166
88,85,3.352824608327307,11.834302127518889,1.2749770588066696,0.6134234809491057,AI-assisted triage,34,270.4611850717361
120,107,76.30010903764511,144.53611809556872,15.623531297014702,0.9629651692208108,AI-assisted triage,35,8393.011994140963
85,80,10.091888574210598,37.08950076893467,4.8706990094834905,0.7096075288170758,AI-assisted triage,36,786.3263180739091
102,90,21.937752801517643,67.8210419855643,7.598140003189153,0.779649739414596,AI-assisted triage,37,2051.1798869418994
100,97,18.8440390428374,54.82426027724281,8.919228421145501,0.8329569072117533,AI-assisted triage,38,1727.3702455934285
97,91,23.714825410989803,82.7063465882249,21.19033480218543,0.8528203335332631,AI-assisted triage,39,2108.6432261271766
114,97,51.98380401443085,142.5154020984448,17.435239530816077,0.9769856777933164,AI-assisted triage,40,5432.307519508024
105,102,20.84186198356777,73.60730974482233,4.1498912856577075,0.7663448766080457,AI-assisted triage,41,2006.0292159183978
100,81,32.83557375299385,137.11774327347894,21.445428957599077,0.8609080548168979,AI-assisted triage,42,3009.927594024436
98,89,35.48919629771183,120.0083123236705,8.186388968485904,0.8852650987719138,AI-assisted triage,43,3188.112800744446
102,94,9.808004429005715,26.043641385675716,4.892217706466443,0.8844010882625608,AI-assisted triage,44,917.0484141120344
103,93,10.434366506718945,30.14740966324489,5.768072093613214,0.8062327653117455,AI-assisted triage,45,985.1781043427138
122,107,36.050204605438445,88.10701987641664,11.038458180148538,0.9295804099984718,AI-assisted triage,46,4031.614548374866
135,105,61.981276253329874,151.54048065355906,7.629215010361354,0.9713006310641927,AI-assisted triage,47,7670.182936349573
98,96,29.95036751859814,90.31741300234918,4.794429571022569,0.8633031707951323,AI-assisted triage,48,2690.5413487540663
132,112,81.5520542062423,144.31326455996273,31.786492690262115,0.9867583229734455,AI-assisted triage,49,9867.79855895532
95,85,12.028302794931616,28.588150739882074,15.180859089250264,0.806324008346674,AI-assisted triage,50,1047.4647017252948
98,97,7.003154478894039,26.651212701023713,5.971326236840515,0.7197025777038459,AI-assisted triage,51,629.1167106873146
108,94,72.57833893214,116.95940315307877,14.921649773857203,0.9824961506518305,AI-assisted triage,52,7185.255554281859
100,94,10.013832707117178,27.000757138726073,7.455801887963793,0.8340766142003397,AI-assisted triage,53,917.9346648190747
95,82,65.14139140294817,126.37973935858439,10.712516966383633,0.8835593797933351,AI-assisted triage,54,5672.72950134007
85,78,5.674292694071414,22.09394127779826,2.8030588413409165,0.7793957448155299,AI-assisted triage,55,442.1219724130643
108,105,20.15996914681768,51.51710134143006,6.976002953421365,0.8646457004564515,AI-assisted triage,56,1995.8369455349505
98,94,1.0001258734593608,2.4854884993530613,0.524847013876492,0.6637660071723506,AI-assisted triage,57,89.84464096576592
96,91,4.2232011688630235,13.15060924048825,1.9897883287584461,0.7836032075985566,AI-assisted triage,58,371.6417028599461
94,91,5.504677899685244,14.84057350553573,4.5973441861008215,0.7462653956024516,AI-assisted triage,59,474.3197456895452
109,98,39.89003138035118,95.77071116532389,14.255903618765174,0.9618582159209783,AI-assisted triage,60,3985.6789687534224
105,96,29.39181687317464,69.7247846913709,5.479355779516446,0.9612525190185471,AI-assisted triage,61,2828.962374043059
111,101,22.844178479950298,54.307680955760816,7.461211122091296,0.9244643192560545,AI-assisted triage,62,2324.395160334943
95,91,6.243055843944545,23.989519238221803,3.486364301974632,0.719327700356172,AI-assisted triage,63,543.6661130768375
107,95,45.72285015840277,93.8077314257685,11.006684258879588,0.9803363008624978,AI-assisted triage,64,4484.649553036671
98,93,6.07331188091035,22.892761871681056,4.420495902764788,0.8033470656589042,AI-assisted triage,65,545.5858506351132
88,79,3.429194392505435,6.624424764429746,0.0,0.5482903300694664,AI-assisted triage,66,276.62168099543845
88,85,30.55169306321692,94.44320016095197,3.085015206329162,0.8835951767705171,AI-assisted triage,67,2464.5032404328317
94,89,15.690761123922696,48.912490649512755,9.204861819837987,0.7672730853272763,AI-assisted triage,68,1352.0205835113388
90,87,4.672631405922973,16.03790339383883,2.6153784146691703,0.709289235820432,AI-assisted triage,69,385.4920909886454
118,90,70.53762988499878,188.27113142155247,41.688552500224304,0.8842369971412923,AI-assisted triage,70,7629.820299227367
100,96,12.914193319125697,61.88640318171546,9.263203311388999,0.8421759380352943,AI-assisted triage,71,1183.801054253189
114,102,47.02232874301355,98.31151518991102,12.217989095622695,0.9639136321361683,AI-assisted triage,72,4913.833353644916
86,85,6.275006553425935,21.19406638845689,3.0006562458458585,0.6963142955895972,AI-assisted triage,73,494.67968329507784
103,96,21.42676841928442,64.23743263008035,12.698196036004193,0.8984462913358854,AI-assisted triage,74,2023.0440515874375
109,97,19.792579351250094,52.299703456471065,6.742860440199342,0.9178074734452821,AI-assisted triage,75,1977.608553512405
113,93,52.422773064803366,115.03541095021723,21.184475023943325,0.9296168840542894,AI-assisted triage,76,5430.125576629215
116,95,37.709855710014466,104.43379593234306,25.447387177949835,0.9182071128277782,AI-assisted triage,77,4009.8146571648713
90,84,11.971315489119888,40.765052437039095,4.27767334233693,0.7269026610177504,AI-assisted triage,78,987.6335278523907
112,110,17.444913747642897,54.84723730876769,3.916458828462511,0.8281927788885698,AI-assisted triage,79,1791.011144758004
124,113,41.31333693084103,84.10614312182152,7.046126123355323,0.9410548420828083,AI-assisted triage,80,4695.949297805598
92,86,8.537451852906178,22.482930094708035,4.471559365865091,0.8778289490076323,AI-assisted triage,81,719.9917729284211
112,104,42.20840971875625,78.8595717304651,15.78222174772693,0.971650635023692,AI-assisted triage,82,4333.396731125641
112,99,57.411224393733015,122.36675785939099,12.798143922549981,0.9468146112316806,AI-assisted triage,83,5894.219037756589
82,81,4.0957401649754495,17.632182165489276,5.164802053828904,0.6958540576285607,AI-assisted triage,84,307.863135733988
106,99,49.31930565331445,144.6546960091969,15.37806705226404,0.8687349026664107,AI-assisted triage,85,4792.192532647054
102,91,20.075718145628187,50.634769395644184,7.797563202281906,0.8887395749537973,AI-assisted triage,86,1877.0796466162358
84,82,11.39701162738333,32.02702604596772,3.2433906283573273,0.750114269310014,AI-assisted triage,87,877.5698953085164
100,97,8.291936036264675,25.215849959320497,4.600724770115027,0.85943478368733,AI-assisted triage,88,760.0941366575952
101,96,7.826759144169748,20.313593833497208,5.182226541770068,0.7818206057087874,AI-assisted triage,89,724.6274507643826
95,95,10.998884718720877,34.28989595526231,3.664481048275872,0.7737416488643566,AI-assisted triage,90,957.8195442552762
95,92,12.375960592750376,44.2821999863367,6.353118408994967,0.8062259573278179,AI-assisted triage,91,1077.7399016186785
96,87,12.976701369741477,46.209666201899054,5.798633416073319,0.8413452531969808,AI-assisted triage,92,1141.94972053725
99,91,31.535532396575285,96.12029339747072,15.997222960933929,0.7850798001164772,AI-assisted triage,93,2861.849564989207
103,86,16.374666372723002,55.33160934129121,6.612982085571347,0.81094924528047,AI-assisted triage,94,1546.0414166912635
91,90,4.77768445662904,18.417366437769942,5.560069259957714,0.7006589408424045,AI-assisted triage,95,398.53851175713913
111,101,44.45811584456706,144.9096616987556,14.396150952027705,0.9572720272271066,AI-assisted triage,96,4523.6132871846985
115,108,19.147813573452964,48.969828971548196,9.082672633627542,0.8975673109547998,AI-assisted triage,97,2018.4986808681667
104,88,46.49010201558106,142.1696481473007,7.433650038610175,0.7422661890812999,AI-assisted triage,98,4432.056392152061
104,91,37.91256869580827,102.11020118312436,6.549020598166307,0.8651364021137605,AI-assisted triage,99,3614.3315490003883
96,92,6.569592969883087,21.677539603165854,3.82945692181315,0.787534807548882,AI-assisted triage,100,578.1241813497116
97,90,14.124195585083111,55.91209153065438,7.900715437954856,0.8194250447887483,AI-assisted triage,101,1255.87639077364
83,83,8.47396976345177,27.39808900343878,4.9631851227884,0.7488714561857566,AI-assisted triage,102,644.7278661692887
92,87,7.976396941476202,26.80187234593247,6.62466973317092,0.7368645730274488,AI-assisted triage,103,672.6761420644931
113,110,39.3725478318729,104.30258816759321,14.72046026518262,0.9584045430335523,AI-assisted triage,104,4078.3397462515013
105,94,24.3164795474143,64.29649223495485,7.266630509279417,0.9607128621140343,AI-assisted triage,105,2340.4611564386264
102,96,26.114606415037294,67.40225475763755,12.018972779159782,0.8640139061861812,AI-assisted triage,106,2441.715699805987
111,97,28.14781334045244,68.01627612319805,7.703927766040259,0.8689550987936252,AI-assisted triage,107,2864.040007391036
107,93,17.764982833209544,56.996535541073214,7.859373378344929,0.8113153328497517,AI-assisted triage,108,1742.448732890636
84,75,7.2950289143089,27.502912921163222,15.358863472680827,0.6440042363159537,AI-assisted triage,109,561.7172264017853
118,109,24.01802910174598,60.303394836011115,9.215082592921863,0.9513323358718212,AI-assisted triage,110,2597.950147838857
87,82,5.190425169395925,16.741228077612313,3.088223924035125,0.7327832438008685,AI-assisted triage,111,413.93640725932505
103,80,75.19150634904521,151.611899128318,15.554118668266804,0.919847880704379,AI-assisted triage,112,7099.331391122352
115,103,23.64009331529004,62.026302176705556,8.692308096913463,0.7847661335432008,AI-assisted triage,113,2492.0598369868253
99,97,25.289046111134905,76.76907293676574,6.105980626174845,0.882657428585576,AI-assisted triage,114,2294.9809345854924
93,88,13.769263787570338,40.76875552830778,11.587554492903584,0.8290122775932749,AI-assisted triage,115,1173.8297378903712
92,88,21.712822891385326,49.34606081100369,4.711052938552542,0.9130694940089471,AI-assisted triage,116,1831.1147305068293
88,86,4.078224387181377,16.1425330759038,2.3480492951092904,0.7352233517889419,AI-assisted triage,117,328.97676723263106
109,103,17.311343523794196,53.23752661714403,4.55151656869145,0.8708835444549059,AI-assisted triage,118,1729.6917404191033
87,85,5.645592888433371,17.369283834437642,2.997777789556194,0.7189668382264415,AI-assisted triage,119,450.2360328525613
97,90,23.957613858048397,61.16604482195343,14.569798080124064,0.8289084482238527,AI-assisted triage,120,2130.2311655448034
95,90,6.892758134939068,17.173544487964186,5.175212941638096,0.7488863701794262,AI-assisted triage,121,600.2443542509438
106,100,9.850674109058973,31.205803867485173,5.694558082098027,0.8063563750503494,AI-assisted triage,122,957.1571675968969
108,95,19.45438777257279,53.35775555246021,8.440919894518867,0.9154787151075409,AI-assisted triage,123,1925.984389484706
104,94,17.14636906284405,49.42736976498071,12.591777837308548,0.8787965211074381,AI-assisted triage,124,1634.6205173244662
99,98,27.828955469083308,70.35664789267923,14.427095774911985,0.8386093317974058,AI-assisted triage,125,2525.4777088193105
102,91,26.738987969107324,67.6415629958621,17.938312701015676,0.9650013346194601,AI-assisted triage,126,2500.095375111535
103,100,11.120247726317263,38.23858111597655,6.427477998171002,0.8035042583345359,AI-assisted triage,127,1049.936722826455
98,89,6.393732131307305,22.3794268600195,2.840220187910798,0.7299282494864459,AI-assisted triage,128,574.370269795773
107,104,28.03555156225741,73.26194143951332,11.55643239698828,0.9545240912687758,AI-assisted triage,129,2749.8203490647475
108,86,69.02949066153597,170.2890181229853,17.65908555923669,0.9528631101676764,AI-assisted triage,130,6833.919575492061
95,87,20.751572272115947,68.23872039644627,10.015459718418937,0.7703591264169014,AI-assisted triage,131,1807.1160853634303
125,101,31.148053459956476,100.3003641440028,6.407700926112649,0.9283288378849653,AI-assisted triage,132,3569.0477922866794
101,95,11.08372997613829,36.860825088939805,5.746964228789921,0.7975593986635763,AI-assisted triage,133,1026.1686669574701
99,91,20.674388129970367,70.16148365419888,4.983365565213659,0.9221846813960991,AI-assisted triage,134,1876.2007227948109
95,88,21.40352938319726,88.4850174413364,10.908165557146964,0.7830024959765755,AI-assisted triage,135,1863.8906837867612
87,83,10.61782261970843,33.46270826136556,10.663239912630422,0.6397753389032815,AI-assisted triage,136,846.7713539217474
95,92,13.20944268290348,48.97725171035277,5.781907695667947,0.9113338966812317,AI-assisted triage,137,1150.3223003028447
115,107,37.84181120608078,80.31105596331932,10.44076022776325,0.9748605770265075,AI-assisted triage,138,3989.157597974349
109,102,35.67766590447166,88.33415631829382,16.086392474439652,0.9657315721012025,AI-assisted triage,139,3564.7934516217933
98,92,9.183220316837783,32.466363609689374,2.304441561095331,0.7868227635475097,AI-assisted triage,140,824.9592917959276
94,86,25.360028408599288,64.58110966797057,12.407966736774487,0.8572095167593179,AI-assisted triage,141,2185.189114540972
123,117,68.92227076232906,136.65180512537427,3.8744930511041464,0.9327335768839387,AI-assisted triage,142,7770.986028452602
96,93,67.02212713296778,168.5016291132717,23.44330121946447,0.9288816110388102,AI-assisted triage,143,5897.947187701165
94,89,5.021481192857611,14.435942428997855,3.0903114075884193,0.7917345761291803,AI-assisted triage,144,432.68429611789753
87,84,8.091267338523153,35.76131989284749,3.282970525763585,0.6970929164006621,AI-assisted triage,145,645.2785702472214
89,84,6.310330335369835,17.158202398518227,3.901811579556508,0.8071692962672065,AI-assisted triage,146,514.8177831939223
103,85,26.905059158234977,94.27351179316247,4.00497740533255,0.8316268329078155,AI-assisted triage,147,2540.2860021900187
97,86,50.64592627072934,108.65150428972431,16.96337078002969,0.9669900048409491,AI-assisted triage,148,4503.266944239017
106,88,59.777758419264764,167.18037895089648,12.556007416540394,0.9480774764543526,AI-assisted triage,149,5808.405526405226
96,95,15.749454966486082,42.53205674680399,6.896604316309552,0.6928355378501776,AI-assisted triage,150,1385.9520370507753
116,98,36.20492922354515,128.39978572129718,23.441863822371896,0.8259573020456789,AI-assisted triage,151,3849.790807436968
93,88,5.051763754044853,22.238512072992474,2.346027499659656,0.6487672597250579,AI-assisted triage,152,430.6628600323237
91,88,9.472179403184732,37.78850367975667,5.163565454603633,0.7090510032124256,AI-assisted triage,153,790.1376318823264
104,80,71.40578420395258,169.48010435604854,34.05015605960066,0.8808702714142759,AI-assisted triage,154,6807.351427443479
96,90,29.99505700512671,73.98171620862715,11.117546729376425,0.8645463166060997,AI-assisted triage,155,2639.5650164511503
90,80,7.340937651274981,25.470296222461855,3.952925230300162,0.7352846538688624,AI-assisted triage,156,605.6273562301859
94,90,18.233837639263914,67.64706135348706,10.460609115484862,0.8620148564943387,AI-assisted triage,157,1571.149009916574
104,99,9.403114541436947,27.639060937274724,1.3663631857541416,0.8548686418590876,AI-assisted triage,158,896.4302529503223
104,101,64.0653950416113,132.61812374099225,28.87612784290297,0.9655609360021009,AI-assisted triage,159,6107.567660633611
93,83,47.52014359351322,114.46104361020122,27.90578338571491,0.9349878973961855,AI-assisted triage,160,4051.0922413470016
98,92,21.827050827628106,62.69273562440799,7.4936202040298365,0.8184653024203573,AI-assisted triage,161,1960.796732681925
100,98,41.23480269272522,86.93726276725543,9.592818366015539,0.9453937390299604,AI-assisted triage,162,3779.856913499812
101,96,14.549192431185286,36.801636592331135,7.323327678356731,0.9330965881828528,AI-assisted triage,163,1347.0127325872377
81,77,0.7449869610054785,2.5586215175642337,0.9703949840013971,0.5372380526649367,AI-assisted triage,164,55.31528185465678
100,92,56.79622025021587,110.65400557500297,8.0030848323218,0.982726360514218,AI-assisted triage,165,5206.3201896031205
93,86,11.00720120144001,35.96212254147992,8.328303201835569,0.8002854404220522,AI-assisted triage,166,938.3639024227608
111,96,22.370627588968087,75.43157776865655,13.642003094012765,0.937024048936307,AI-assisted triage,167,2276.211357177503
93,89,7.048693695129857,20.332526977073893,2.0456078249939598,0.7243405203416984,AI-assisted triage,168,600.9011375098203
96,95,10.910371635425811,31.28272180185398,5.425971596178641,0.8001210941507029,AI-assisted triage,169,960.1127039174712
108,105,10.588753827760714,42.3076049856333,0.7037273886522417,0.7933888318629234,AI-assisted triage,170,1048.2866289483109
100,80,46.73279401457983,134.13302498593708,21.873460555547677,0.8711336309858118,AI-assisted triage,171,4283.839451336484
92,81,28.633240697295715,90.63353732348646,3.511555523406525,0.8600477956451611,AI-assisted triage,172,2414.7366321386053
96,90,30.903892081083786,83.36281371678035,3.8163839754853095,0.8713860227151179,AI-assisted triage,173,2719.542503135373
107,105,19.81130732090657,53.4068919683633,5.27061422281555,0.855078464083323,AI-assisted triage,174,1943.1590597255863
95,91,5.76026850161657,19.75767546973504,0.9959170204694452,0.710274181590361,AI-assisted triage,175,501.62338201577626
117,103,47.61308831433744,116.6302495380164,15.103831908016897,0.9645734864716622,AI-assisted triage,176,5106.503721712691
82,79,5.459886298561418,29.79253355306453,2.9672277366871493,0.6648701656168936,AI-assisted triage,177,410.4014534418666
108,105,22.63714063022403,80.16218188962003,4.427097010134357,0.8664539662414035,AI-assisted triage,178,2241.076922392179
94,91,7.595189616354761,23.893016436094033,1.7916036822346542,0.7306014371200604,AI-assisted triage,179,654.4521719425686
94,89,12.473340574714179,36.87489250763129,9.457836173814858,0.8155752553542985,AI-assisted triage,180,1074.7861795212052
106,87,36.91868316411529,112.4877718647075,15.220775288824235,0.8196862452638437,AI-assisted triage,181,3587.2653807798697
110,110,24.748676885653214,68.38103349482826,5.560263962088666,0.8348570629969257,AI-assisted triage,182,2495.4915859700327
108,98,25.50814297695454,68.75273616669105,7.134905378434397,0.8909652110261976,AI-assisted triage,183,2525.3061547185
117,112,22.797652126821944,59.26179230108358,6.4725387597477795,0.9531439538599729,AI-assisted triage,184,2445.0481906016535
106,96,22.27108162072179,54.97508751059286,13.49714385917566,0.9003108525173424,AI-assisted triage,185,2164.0067641468004
103,94,16.89046385890118,46.13053930940123,8.776214068318312,0.7714258320365747,AI-assisted triage,186,1594.7412960112533
107,98,60.734316249585056,129.40511660844604,14.838597898072095,0.8993966061785474,AI-assisted triage,187,5957.024185480133
88,88,21.38150823531274,79.07731758930429,4.9489480549698355,0.8489405430879113,AI-assisted triage,188,1724.774997648561
87,85,5.189631717603114,22.132835041951278,1.40459161226104,0.6900391988965696,AI-assisted triage,189,413.87312947884834
116,103,23.075179795761258,56.220775427343085,6.641325787891478,0.8419641142916147,AI-assisted triage,190,2453.6607849492807
115,100,39.47950171415818,85.90948469035467,14.497649326018575,0.9476003908320142,AI-assisted triage,191,4161.797472367509
92,85,18.264230484633913,73.50107525798454,4.815800499705144,0.7676000941318051,AI-assisted triage,192,1540.2834375374598
98,90,22.968395981572893,63.19224633805476,8.438554116230337,0.8021026221682377,AI-assisted triage,193,2063.327572344632
94,91,5.71642486845469,18.565650522838606,4.396890546187883,0.7846575519438991,AI-assisted triage,194,492.56527616517917
119,108,12.006551624217417,41.373649311274065,1.3624357106915022,0.8195819562024472,AI-assisted triage,195,1309.7146730083832
106,84,53.066132440509996,177.47667779540467,11.419506654169005,0.8313421665868159,AI-assisted triage,196,5156.259202136222
100,93,32.60693657281153,87.95900083006104,18.703985044006608,0.9231248820266748,AI-assisted triage,197,2988.9691858410565
98,83,48.66631763312749,112.65905198604301,16.82464662505964,0.9197430735210961,AI-assisted triage,198,4371.85753404262
98,95,20.370946681853003,68.12658704249415,1.1299413558796318,0.784221755609005,AI-assisted triage,199,1829.9900435864618
112,99,18.321167560591864,50.62932322521036,4.7417593989267175,0.8819911800861746,AI-assisted triage,200,1880.9732028874312
103,97,10.10400673000698,33.55885250074024,4.007784253255591,0.8166201385050045,AI-assisted triage,201,953.9866354248256
105,96,101.12607053881125,187.72815761166095,23.766545404373037,0.9560366873397728,AI-assisted triage,202,9733.384289360582
86,83,36.184333903716514,104.90738752281084,11.595098218089213,0.9387677372344191,AI-assisted triage,203,2852.531656076319
115,94,56.33173690993907,136.3715703833612,25.014176357151825,0.9186485839688856,AI-assisted triage,204,5938.303932589411
98,90,9.978948500808098,29.95088584002059,3.4402079752417634,0.887853751157735,AI-assisted triage,205,896.4422069892609
113,95,74.83307055635788,139.62352476279295,34.50851491407102,0.9361996710352835,AI-assisted triage,206,7751.458891796072
103,96,11.331865805968029,29.19372375070702,7.859573728292702,0.8577623995253247,AI-assisted triage,207,1069.9169965134815
118,105,38.98785551096191,89.75088457130288,11.734919085855193,0.9560547006430187,AI-assisted triage,208,4217.18637110238
109,93,47.46021334084328,103.7819446247519,10.332933247849947,0.9110786674652945,AI-assisted triage,209,4742.066316305924
115,99,26.82496267925289,79.2384819533542,10.612435462051815,0.8678309926486182,AI-assisted triage,210,2827.7981491045753
97,86,19.569519529374595,60.10490447679008,10.774990615560345,0.784750240491181,AI-assisted triage,211,1740.0564448202244
98,97,9.595270955913847,24.888374784211518,5.894706269787175,0.8562849754120976,AI-assisted triage,212,861.9751742062606
113,111,27.778103347810447,95.02605045885954,9.721698646618277,0.8370648631405649,AI-assisted triage,213,2877.3485384440323
92,86,2.7875351789819027,11.135132184017763,4.394510279283276,0.6663174071496105,AI-assisted triage,214,235.08213342747382
104,99,15.234319780178085,40.640418390504024,5.545174471077921,0.9040616039726841,AI-assisted triage,215,1452.3384857103108
95,92,3.1143307653860752,10.70322280618646,1.4990594252204767,0.7964961510930796,AI-assisted triage,216,271.2063041523707
106,92,54.25613290063931,112.77498299981909,20.17258961670778,0.8315981450710036,AI-assisted triage,217,5271.887580178786
101,93,15.638009074248657,63.64965134656654,5.4360080540879885,0.8981937218221547,AI-assisted triage,218,1447.819006790855
89,77,18.740259988709287,50.06838869042817,4.916881217402935,0.7052411445088984,AI-assisted triage,219,1528.8928774121991
98,72,46.774130160456295,137.4288376099483,3.6208922404735953,0.80127311111377,AI-assisted triage,220,4201.87602608099
93,88,6.692353119983083,17.730386594943262,4.8451922809343095,0.8304608884690351,AI-assisted triage,221,570.5231034785578
103,100,18.93462541994671,51.736019595116225,7.121876388060295,0.9152428905768809,AI-assisted triage,222,1787.7442167333018
109,105,58.6374370788783,145.1408180504563,37.91908489428714,0.8868070039889983,AI-assisted triage,223,5858.857254797924
117,114,13.12181345047603,31.646622850206768,5.813476274522692,0.9258410359404424,AI-assisted triage,224,1407.314492563554
89,85,4.573787461942974,12.6348864755345,3.297973435838302,0.654730885799785,AI-assisted triage,225,373.1448271035143
105,100,13.999091525083713,39.74964973453897,8.98783333504193,0.8110980733712356,AI-assisted triage,226,1347.4125592893074
120,91,68.48150712348182,179.69910674365713,7.690676935927424,0.9237558051272639,AI-assisted triage,227,7532.965783582999
94,91,5.360521329903954,20.304884449157996,2.9120528609832768,0.6946676654023906,AI-assisted triage,228,461.8982545933907
103,99,11.936480101862317,40.92960877205345,7.571061467305717,0.8589924113958427,AI-assisted triage,229,1127.0026629508338
100,89,24.86596951001582,57.83639298831291,10.149306932088207,0.9170929917266881,AI-assisted triage,230,2279.3805384181164
104,92,42.081110809948456,121.95626359261712,18.310874462112103,0.8461077996380395,AI-assisted triage,231,4011.7325638817533
115,107,35.979973441152445,105.20980551282275,7.3286596613250525,0.9737850978441666,AI-assisted triage,232,3792.8888669214875
101,85,28.588956127019813,68.83298812623161,10.801435433770834,0.890476775317847,AI-assisted triage,233,2646.860854759918
97,83,43.101243139169505,126.50772332936717,18.88162889745349,0.8099623845505066,AI-assisted triage,234,3832.418869124489
107,95,28.38003195104042,68.619533639435,6.32360476105686,0.8548079555952447,AI-assisted triage,235,2783.6081338645477
97,97,29.046787690764205,78.45488826535409,8.026565361768071,0.7876024451779338,AI-assisted triage,236,2582.7435388371173
106,100,28.86967640143123,100.53074102813454,6.261745912270374,0.8486453358826989,AI-assisted triage,237,2805.170223672401
107,95,46.81640513033168,125.44508950573251,9.471267003570487,0.86704114436002,AI-assisted triage,238,4591.909069866699
99,97,7.995031729400896,27.420010097266008,4.956670168180949,0.7140885443677161,AI-assisted triage,239,725.5491294431313
108,89,34.667523301170206,90.40568205106506,15.203980876564795,0.7909967009283227,AI-assisted triage,240,3432.0848068158507
88,83,22.81503094477512,67.97387179560127,11.985088313956593,0.8802244118561044,AI-assisted triage,241,1840.4124962118597
91,84,7.100155013398166,19.75809115418417,4.518850899021602,0.7523342309101217,AI-assisted triage,242,592.271264034297
95,91,5.155174331643153,14.50186978974172,5.31294080165185,0.7299985457935253,AI-assisted triage,243,448.9297647139245
96,91,13.238921878517738,46.126755268793545,8.830827055730392,0.7712284068738283,AI-assisted triage,244,1165.025125309561
85,76,6.556681934221802,21.715208241164852,2.3505339459154055,0.6467275096340667,AI-assisted triage,245,510.8748007081154
90,89,2.855385748375667,9.654032108431833,3.736729953075015,0.742328451267978,AI-assisted triage,246,235.5693242409925
95,86,11.016099286000692,42.613548406790805,5.3665109883466116,0.6577369402888602,AI-assisted triage,247,959.3186461558935
112,100,23.308689004646286,58.47157651459393,8.91980391398057,0.9492941040551348,AI-assisted triage,248,2393.0254044770186
100,100,12.629963534982412,43.17045405928621,4.180611155931751,0.79808041019776,AI-assisted triage,249,1157.7466573733877
106,102,4.1733076774275615,17.4789444471252,3.1881932821499306,0.7194053254019666,AI + extra server,0,405.5063959900447
101,93,8.810465034216259,27.24945217708489,5.250118478428741,0.7606302336911307,AI + extra server,1,815.702221084522
97,90,8.316523584415055,28.75033963291162,4.556236507241759,0.6934793044673994,AI + extra server,2,739.4775553809053
94,91,5.7277554374488675,26.918013843944163,4.42316189778331,0.699509987875137,AI + extra server,3,493.54159352684405
122,108,10.570969416498112,35.19846797283861,5.877074224625365,0.845145024688214,AI + extra server,4,1182.1867464117056
92,91,3.8639921761888045,15.550083747226104,4.542881643918876,0.6620489270165654,AI + extra server,5,325.8633401919225
98,91,2.345463933513543,9.79046164460126,2.5805438167672627,0.6025692736375803,AI + extra server,6,210.70084336063326
107,104,8.005143528022522,24.528704705862268,2.9676825645757066,0.7633317295411175,AI + extra server,7,785.171161040209
104,97,12.484180569488363,46.02975788276727,14.05036071882012,0.7235280132883121,AI + extra server,8,1190.1585476245573
99,98,5.584677793678336,19.831383319538688,4.4406211443441785,0.7199904041872651,AI + extra server,9,506.809509776309
104,99,3.0260496423329455,9.601131804230365,1.5915322212116465,0.6354162733620792,AI + extra server,10,288.48339923574076
99,92,0.3838707081249744,0.9408255660482782,1.0104042325957847,0.6426564595241819,AI + extra server,11,34.83626676234143
111,109,33.202509079873074,84.17663428407207,5.549352796245793,0.8437237578584478,AI + extra server,12,3378.3552988770857
107,105,3.3317677244400197,12.602862168117463,3.4596586872076593,0.8005642727398943,AI + extra server,13,326.79088430549194
97,96,0.2868166049841499,0.19066523604015218,0.2561000356517174,0.6408766690529933,AI + extra server,14,25.50277645984066
85,73,8.869725487471587,37.85005772575643,1.9154953346136463,0.5770483172856454,AI + extra server,15,691.0994442321612
106,99,13.20390351275967,65.15885188712599,1.8503740815849652,0.7374984188603807,AI + extra server,16,1282.9792913231481
90,89,1.5463183972934311,6.765767598164079,1.311954936084285,0.5482858377172838,AI + extra server,17,127.57126777670805
94,86,4.870217794431893,17.343434996999417,2.896890022574572,0.6018072467362565,AI + extra server,18,419.6504332868815
107,106,5.38013776303389,17.46224652585177,3.279066567050732,0.7551999509729979,AI + extra server,19,527.7018455909074
93,92,5.352350686960465,19.639907709398777,3.0982783925803505,0.6565858908091463,AI + extra server,20,456.28789606337966
100,84,24.776966418691135,87.9752793725737,5.585388336955918,0.7453400701553943,AI + extra server,21,2271.2219217133543
87,83,0.8181142521096227,4.280527349002865,0.3327139797207881,0.5465774133471165,AI + extra server,22,65.2446116057424
109,100,11.872351773092797,33.1497752718987,3.496763090176558,0.7921665790749057,AI + extra server,23,1186.245814661522
79,75,4.531928526367994,14.200840011624544,3.911858477303427,0.6674069281190643,AI + extra server,24,328.18715745114895
99,91,9.85785761972438,34.3349302764746,1.0115982187738837,0.7065765468197878,AI + extra server,25,894.6005789899873
100,99,4.286840905942608,15.469450889399855,1.5815534627372536,0.7253192995108177,AI + extra server,26,392.96041637807235
98,85,4.715657780608746,25.294320806563803,1.8985919724135782,0.5289724014839682,AI + extra server,27,423.6232572913524
110,100,5.891221068704951,28.069276278450587,0.8190901779792601,0.7178350251281482,AI + extra server,28,594.0314577610826
77,76,0.5574387274295176,0.8447141742264628,0.10302400764015947,0.4978851047237673,AI + extra server,29,39.34588351106678
106,103,2.1446457571496076,9.171324437861003,0.4218362876120594,0.645672394114247,AI + extra server,30,208.3880794030369
95,91,11.862871620486791,34.06844822597666,4.939209513362007,0.7885093721420162,AI + extra server,31,1033.0584036173914
112,108,3.686911494348269,12.975420585617185,1.590813241268924,0.7115784092595294,AI + extra server,32,378.5229134197556
107,103,17.284259697792155,54.774852879684616,6.907264783789874,0.8414560964402182,AI + extra server,33,1695.2978053584472
96,92,3.3010253376868643,11.789302081585504,2.5346327476073953,0.6934122029465857,AI + extra server,34,290.49022971644405
95,92,2.3212449234274923,10.780492944360324,4.0796313797793164,0.5995394058550276,AI + extra server,35,202.14174541514413
111,89,50.909052047513164,106.84203295808385,8.577430449701835,0.8008751916184597,AI + extra server,36,5179.996045834464
92,87,1.7028038928512075,8.469932814556795,0.6975680865764389,0.6579888360483238,AI + extra server,37,143.6031282971185
114,110,4.360764388191936,16.887435507633125,3.2521262184176587,0.7027538406918141,AI + extra server,38,455.69987856605735
108,105,0.6240787718849868,2.098744958362704,0.2335363772876678,0.6450474878560899,AI + extra server,39,61.78379841661369
105,103,3.7705631263617523,15.366996374124302,2.513308157180849,0.8068144773043875,AI + extra server,40,362.9167009123187
103,101,1.6087678393728007,6.460021701145255,1.162636802006721,0.6500484697624624,AI + extra server,41,151.89449683411527
85,81,1.1719640895473453,6.780982911682308,0.6294194178793031,0.5469228627024376,AI + extra server,42,91.31553531056399
99,95,19.543864518987498,63.666708143070515,5.168657740206729,0.8171722627599408,AI + extra server,43,1773.6057050981155
85,83,2.6424047008615514,9.869146345795084,1.583760100593641,0.5650790102563142,AI + extra server,44,205.88736627546254
87,83,3.5480737516679683,16.972581065357325,2.875053321487463,0.6164298339934438,AI + extra server,45,282.95888169552046
101,100,1.594962079510136,4.946837830250189,0.9636959534155244,0.6932598518822665,AI + extra server,46,147.66690586131344
106,104,7.729575280878416,23.445243936035254,3.9664374738424515,0.709716570682947,AI + extra server,47,751.0570647920193
106,101,2.9221098431801464,12.785162917172073,2.5112474453007305,0.7022836980316703,AI + extra server,48,283.9316730956709
102,97,5.3931434483948575,13.424307944229062,2.9128567096746405,0.6880401433578659,AI + extra server,49,504.2589124249191
94,87,6.647661975995617,29.847242713853863,3.8533785419554136,0.6300138618357348,AI + extra server,50,572.8068735982889
107,102,2.690663588689337,12.537089320412793,0.24156453073322023,0.6675910920901243,AI + extra server,51,263.9092536572792
112,106,4.173280473216918,17.3938605078267,2.044420368676094,0.6831941559838295,AI + extra server,52,428.45679525027026
95,95,0.8295462103593041,3.513527996282745,1.8876151998762987,0.6372172875140432,AI + extra server,53,72.23964915212272
100,98,15.035451264234124,58.025734095079855,5.007758121055321,0.6770813663425064,AI + extra server,54,1378.2496992214612
85,81,0.15050828119761586,0.0,0.7241699081433524,0.5611678175230554,AI + extra server,55,11.72710357664757
96,96,1.8851338346896618,3.7352546393651096,0.8355333660710887,0.6806420189170472,AI + extra server,56,165.89177745269023
100,98,1.5431953663897628,4.570381168620816,0.42237825446194427,0.6264833516975312,AI + extra server,57,141.45957525239493
99,98,11.47231161410469,45.5809640063216,3.855663046206193,0.7042435317832422,AI + extra server,58,1041.1122789800006
115,110,12.854539407584284,40.28940772152744,4.392499893256741,0.8778067649312309,AI + extra server,59,1355.0826958828432
93,88,1.0913333821060445,4.273904330148411,0.9661689376848288,0.612981010356754,AI + extra server,60,93.03617082454029
120,101,37.05488571955002,111.38004792928702,24.437555071990634,0.8580847715850323,AI + extra server,61,4076.0374291505022
100,97,1.8157908176587956,5.56788035081264,0.43281842605874676,0.624283171213844,AI + extra server,62,166.44749161872292
91,89,0.1383390727453932,0.0,0.20477613700223288,0.545352187656404,AI + extra server,63,11.539784318178215
111,105,15.517140051309797,64.30087345360876,5.249088721057892,0.7871306022578105,AI + extra server,64,1578.8690002207716
103,102,1.5634121530264966,4.921509371270252,0.5142813408644751,0.700542855583117,AI + extra server,65,147.6121641149184
85,81,0.7380741654860531,0.4940147943947787,0.10044192386274224,0.6032349822860167,AI + extra server,66,57.508278727454964
103,102,6.231932703441956,19.90852322741058,1.8512220710371488,0.7127538565937845,AI + extra server,67,588.398312749978
105,102,2.5083615963724917,8.007829032513198,1.3376993345847112,0.6800894365153254,AI + extra server,68,241.42980365085236
90,86,0.5246785558096366,2.0895857876530135,0.9777238465795008,0.6685758710500224,AI + extra server,69,43.28598085429502
126,121,24.24501455908848,63.921923061797514,8.850058781015179,0.9470165247279809,AI + extra server,70,2800.2991815747196
95,87,3.8392535246370825,16.14856321069473,1.5715543511155488,0.6826518949160015,AI + extra server,71,334.33499443714595
109,107,5.673283851635564,16.73635590388244,2.710145263811252,0.7674449333474617,AI + extra server,72,566.8556115092534
101,93,2.6057523875320086,11.98388091020422,1.2596935825190498,0.6543320289730277,AI + extra server,73,241.24924187900513
103,98,4.437039609961992,12.908967510291927,2.821271255901331,0.7006651749022386,AI + extra server,74,418.9304898405781
125,121,4.774478736164771,18.06153191537134,5.133073322082357,0.832815176509494,AI + extra server,75,547.07568851888
102,97,8.059132680374951,21.739687414636844,1.9587180547701435,0.7397134882989358,AI + extra server,76,753.5289056150579
98,95,4.0896008697729345,16.737990647371742,1.0398417383680276,0.7082128328245934,AI + extra server,77,367.38247813460197
109,105,8.153271114478514,41.22288696382391,1.0315907711934875,0.7761026240611378,AI + extra server,78,814.6476721883115
100,94,1.940873890594733,8.133269388086454,2.604212324927015,0.7137846807844168,AI + extra server,79,177.91343997118386
93,85,11.435416444677346,47.79520903562504,0.6235487276387899,0.6853380447930343,AI + extra server,80,974.8692519087436
106,101,6.910047399498193,24.906003030213412,4.329938480815116,0.7191821636868988,AI + extra server,81,671.4262723179078
132,121,16.827148064456548,46.761710176854564,11.090701132921383,0.8970492353202018,AI + extra server,82,2036.0849157992423
93,91,3.5345750825687636,12.001978971370587,2.3574262053129282,0.6676088747573081,AI + extra server,83,301.3225257889871
104,94,16.870490644052044,46.5269230930843,4.62377083580952,0.7755622070684721,AI + extra server,84,1608.3201080662948
85,82,1.00521706250234,0.6264950860699798,0.37807657713833176,0.578473228575486,AI + extra server,85,78.32316278664067
99,94,6.117726175072118,16.4676267781834,3.647027129829589,0.7629930181600136,AI + extra server,86,555.1836503877946
108,103,34.54733909968824,128.203893238106,4.1943743319401285,0.8164302656921172,AI + extra server,87,3420.1865708691353
102,98,13.265122780154012,43.159293441568714,7.943293120374701,0.7557611576010429,AI + extra server,88,1240.2889799444001
110,96,9.74127499078249,28.511889714052213,6.961532547803623,0.7740145181283153,AI + extra server,89,982.2452282372344
91,88,6.847544816336289,28.045870809462826,3.867535230341423,0.6373378575727344,AI + extra server,90,571.1993634293855
110,101,7.628109216101583,23.460573716933407,5.06221744739342,0.8281475805817624,AI + extra server,91,769.167679290243
94,91,1.2061914633842612,2.207298368796569,0.6790393750446111,0.620234821593938,AI + extra server,92,103.9334977616105
118,110,8.549787944189955,29.166043797978148,9.474294390332778,0.7923108991569561,AI + extra server,93,924.8020626298801
98,92,2.6093150674305448,9.70860540532047,0.8051193433100972,0.6766196339152428,AI + extra server,94,234.40347022417725
111,95,11.778439980841314,59.558387626993294,7.2083862524486,0.7406814662669396,AI + extra server,95,1198.4562680506037
99,95,1.0111027199200113,3.8828941531975176,0.4779371424388652,0.6313755240428199,AI + extra server,96,91.75757183274104
126,122,3.0531933722301656,6.254166641886911,0.8134908149943407,0.6499981212640201,AI + extra server,97,352.6438344925841
103,97,12.749670698054059,44.420069996533655,4.070917748950012,0.7616608834200833,AI + extra server,98,1203.7814084079375
127,122,13.625473611304468,36.10930798292368,6.222893105779954,0.8733416926880819,AI + extra server,99,1586.232219582695
99,92,13.445197109507722,38.495393219948944,7.588046252208507,0.7578955068756963,AI + extra server,100,1220.1516376878258
108,106,13.280106426694877,57.12858128691044,3.092744202195515,0.7120315828713878,AI + extra server,101,1314.7305362427928
117,110,16.47138982861941,43.990077821739355,6.880086277318124,0.8856224338768862,AI + extra server,102,1766.556559119432
99,93,4.6302806547760715,15.798031494748535,3.0743349499395074,0.7815600918180643,AI + extra server,103,420.19796942092853
113,107,10.350474618267427,38.30334108024464,4.575910214168514,0.8161753099049626,AI + extra server,104,1072.136662542201
109,105,5.663184428514972,20.844804883068527,4.788693418931724,0.6771523599235232,AI + extra server,105,565.8465108157876
109,105,13.382554579631671,38.678794008973085,9.670064224942648,0.7579893965973148,AI + extra server,106,1337.1402450815312
101,98,6.344893937339881,19.80853594349105,3.9147349789720445,0.6330857787017928,AI + extra server,107,587.431430365384
101,98,6.749486502370397,33.03669928405316,0.9643573613247808,0.6789518982389081,AI + extra server,108,624.8899586777926
132,111,40.163106878578766,97.3989706067231,13.401785763414114,0.9021486845061867,AI + extra server,109,4859.735932308031
94,90,0.498345287581355,1.753620638071427,0.2200505110474478,0.6835418402100745,AI + extra server,110,42.940752279926755
109,107,8.658437693257863,28.685899945399164,6.141301657809351,0.7676336804961092,AI + extra server,111,865.1222328513481
109,104,1.4285408662620218,5.906116342805083,0.43470400750649213,0.5874760707538543,AI + extra server,112,142.73504155401366
93,83,2.921473880604818,7.279402788631156,0.0,0.5699179375326965,AI + extra server,113,249.05564832156077
116,111,10.592273738863224,39.72056452444201,4.660584263793089,0.7585069253954793,AI + extra server,114,1126.3117742324562
93,87,1.7480285574858985,3.465137396469219,3.7593438026319785,0.614046191902535,AI + extra server,115,149.01943452567284
101,98,3.378318521038337,11.389750586728383,1.0244926054220083,0.6606440638210307,AI + extra server,116,312.775989739466
102,95,0.6596671569274484,2.369574588410562,0.3721842588292009,0.5967539352080967,AI + extra server,117,61.67887917271643
98,95,1.8285051238531298,5.801472509189454,2.127877809578267,0.6581859946897392,AI + extra server,118,164.26071029280615
103,101,2.604511130395249,8.716015514266788,1.4355009367902818,0.6979073243835024,AI + extra server,119,245.90925922815143
100,97,3.9886586247702844,14.28146854996023,1.8935303311946863,0.7195854158243201,AI + extra server,120,365.6270406039427
90,89,0.4156883377711788,1.2789389958556763,0.6232663518031089,0.5566040857851223,AI + extra server,121,34.294287866122254
89,87,2.2894432101236553,8.62660629322589,1.3211383614312342,0.6037226647497601,AI + extra server,122,186.7804085592549
105,98,2.613112767425083,9.352938677449767,1.6550650576147272,0.6770584858025132,AI + extra server,123,251.51210386466425
107,103,3.488399078365486,13.825615013036572,1.828470689239006,0.7240193887167907,AI + extra server,124,342.15380960301474
92,85,8.355874557210393,29.166476665304444,4.820828238343265,0.7144380031893386,AI + extra server,125,704.6787543247432
81,76,0.24161227323907541,0.0,0.677556529566422,0.49810300322700596,AI + extra server,126,17.93971128800135
106,104,2.7691790094817983,7.1125917088365895,1.5755158565459155,0.719198154829283,AI + extra server,127,269.07189375464804
100,97,1.7319375369110395,7.10484248044368,1.1803524765489677,0.6578888444913645,AI + extra server,128,158.76094088351195
101,100,2.5235429259066784,9.24062195508236,1.4949977517766095,0.6501312314317508,AI + extra server,129,233.63801589019332
111,104,5.359955569242655,21.1215853914955,2.936799979992224,0.737521223766743,AI + extra server,130,545.3754791704401
114,111,3.922131956894788,12.357852222354053,2.184675945905703,0.7669630633323493,AI + extra server,131,409.86278949550535
106,102,1.6339221189790987,4.274816070960384,0.11691747176256134,0.647979783798695,AI + extra server,132,158.76276589413575
82,76,6.755052460524317,26.81491771687668,8.372620877624096,0.6332720525547791,AI + extra server,133,507.7547766160779
100,93,5.843060629717139,22.07320493740322,2.9205223176858266,0.6326887650093356,AI + extra server,134,535.6138910574044
99,93,1.3151237998935295,4.366804558176326,0.8700729291789955,0.5797255681749397,AI + extra server,135,119.3474848403378
106,91,11.306557641708608,31.145872507321116,3.9492472948212978,0.7376387054884322,AI + extra server,136,1098.6205175193531
112,106,6.841880266557579,25.25752439951841,2.3439348620949754,0.7636674184232984,AI + extra server,137,702.4330406999114
100,98,2.6870384376016245,10.097978762320702,1.6870468746659306,0.6957310090979703,AI + extra server,138,246.3118567801489
101,97,6.171557576541767,29.2815472841869,1.4934103987152612,0.6909109476854467,AI + extra server,139,571.3833722948253
98,94,1.991977119602934,7.211259434066245,0.8626239290660919,0.6726624562068116,AI + extra server,140,178.9459445776636
105,102,8.692755072935027,30.239422416160053,2.1936792853368208,0.7034006501089726,AI + extra server,141,836.6776757699964
91,87,6.058565750875071,23.57691865516017,2.509907942617417,0.6574451762428016,AI + extra server,142,505.38535971882885
91,90,2.078163974918231,7.717394993721854,2.3469854330228865,0.574129277414045,AI + extra server,143,173.3535115744291
121,114,20.59940892639128,76.4888525360912,3.915284176326545,0.8955742904130667,AI + extra server,144,2284.8177734188994
103,100,1.6061530516155662,2.956147384534005,0.3020280344305829,0.5970576080504809,AI + extra server,145,151.64761729003638
102,96,3.9489147120223707,12.399669600557822,1.1287307510880158,0.7254213467738333,AI + extra server,146,369.22352557409164
124,109,33.228583676446014,78.9979043025333,19.370675021131117,0.927444923639824,AI + extra server,147,3776.98234455603
122,115,2.1383228302111195,6.0068324922564695,2.5648311510494106,0.6566245204009894,AI + extra server,148,239.13576984527688
105,105,5.792931006089115,25.459491893018495,2.96006599099036,0.7335714249497987,AI + extra server,149,557.5696093360774
97,88,4.624097187273232,18.871097887611224,4.30697912839854,0.5877303515817588,AI + extra server,150,411.1593082350449
103,100,7.374185511453687,22.89735682487901,3.6885068893165798,0.6433338667472145,AI + extra server,151,696.2460153730857
102,97,6.431597183721685,17.949671764383563,4.759427305231215,0.7125393640450784,AI + extra server,152,601.3543366779776
108,104,6.210779978488966,28.830917227434274,4.287743371593033,0.6929635536686566,AI + extra server,153,614.8672178704077
102,98,4.812463203817088,18.003677233241728,5.372419982393589,0.6757703226097747,AI + extra server,154,449.96530955689775
111,108,12.701826071077244,43.496280504139236,4.2591715609971335,0.8320853921791018,AI + extra server,155,1292.4108027321097
102,99,1.2868579287271644,6.066309656061674,1.1229361190285059,0.5766038309787176,AI + extra server,156,120.32121633598987
102,99,5.816541185410428,22.260588687070875,5.80715038653163,0.7189848499289432,AI + extra server,157,543.846600835875
100,97,1.333612652078295,3.3155249377790774,0.602759505048572,0.5659658242258907,AI + extra server,158,122.24782644051038
89,89,11.401484143781644,36.2262168003571,3.078371175495805,0.7412855127044777,AI + extra server,159,930.1710813968525
92,87,1.2089026767820854,4.819473686586036,0.3366709338559898,0.5822086901831084,AI + extra server,160,101.95079240862255
102,96,9.57154656811077,48.206358661054836,5.094887195945648,0.5989227091367662,AI + extra server,161,894.939604118357
96,90,1.2087341776209304,4.371850548772741,0.08283566117508404,0.6186481557549786,AI + extra server,162,106.36860763064188
105,103,17.161600281689218,40.59175434097608,7.851512461209493,0.7746098106823242,AI + extra server,163,1651.8040271125872
101,99,1.7383559709196674,6.367028707929904,1.6617082882510052,0.609619568168442,AI + extra server,164,160.94279030764585
113,109,7.726627415949753,25.0562310629602,2.9045678377306934,0.7702992954092363,AI + extra server,165,800.3498231687952
95,92,6.980669308548079,21.573871082338034,1.827247098583932,0.6565774389249237,AI + extra server,166,607.8999522860619
106,99,19.583172424908106,56.49343666760291,5.393405602575658,0.8431244727965855,AI + extra server,167,1902.831587286904
98,93,3.4180347027589537,13.556089141495217,2.131915222897854,0.6428664218536162,AI + extra server,168,307.053450797846
97,93,2.5551215783823,9.989159404774284,1.853997202042985,0.6722789555055556,AI + extra server,169,227.1928936778262
83,80,3.1428515457177038,14.019691361480545,2.09759939723234,0.5421028859379554,AI + extra server,170,239.11862177002197
87,84,7.0066525523116985,24.10198765014622,2.9096464555325667,0.677513471461705,AI + extra server,171,558.7805410468579
108,102,12.901924653590038,33.309058357335786,7.560350778269393,0.8939788813843703,AI + extra server,172,1277.2905407054138
90,89,4.966276111174827,15.074475295422857,4.222957448326175,0.6235322041614371,AI + extra server,173,409.71777917192327
110,104,8.45594991502547,27.802252608080487,5.5905594836104555,0.7267617961843548,AI + extra server,174,852.6416164317349
104,99,1.7787231972116544,6.9512522988324505,1.4551392697175007,0.6885739963359389,AI + extra server,175,169.57161146751105
112,97,12.710031521771523,46.37913616769766,9.106421920369739,0.7774220234388779,AI + extra server,176,1304.8965695685429
113,107,5.1295088788217305,19.770022106061624,4.7493562098168605,0.7279896192100749,AI + extra server,177,531.3316280312843
109,107,5.382604462547792,17.492520412997614,2.7109767304264403,0.7649861501817731,AI + extra server,178,537.8118958829002
90,86,0.5127993754172042,2.424943333594831,0.0,0.5370431006499629,AI + extra server,179,42.30594847191935
105,105,7.660414732128576,27.513982746469143,6.841979775579778,0.7960481920584573,AI + extra server,180,737.3149179673754
101,96,5.878418899967986,22.4191278535624,1.6490342633706188,0.7606817076534913,AI + extra server,181,544.2436164887027
90,85,8.132719364831752,24.578445636213797,3.1284432890957117,0.6986015014852062,AI + extra server,182,670.9493475986195
102,99,2.845000779627029,9.578994138949835,1.0937674477387038,0.6318251674659071,AI + extra server,183,266.0075728951272
115,112,14.425944471760374,48.89247230306035,8.392851686178075,0.8265552451134323,AI + extra server,184,1520.7349797314062
100,97,9.995635099842476,34.084840752329335,3.2245874769210174,0.7367279406587123,AI + extra server,185,916.2665508188936
99,92,5.136825935692521,16.00084077372039,1.3745337823960846,0.7224732587212938,AI + extra server,186,466.16695366409624
101,90,2.9450643280314632,9.541706407725997,1.1449009925287013,0.7163180343122147,AI + extra server,187,272.6638723702463
86,78,1.7289510565951896,6.065825964211427,2.0999667732479708,0.5893192593365028,AI + extra server,188,136.29897496158745
109,103,11.226351118618341,37.71434600485289,7.3264919547050384,0.7578268237729718,AI + extra server,189,1121.6995826019493
105,104,0.7295418908917963,2.4691543814196675,0.3802652222549588,0.6251101305232435,AI + extra server,190,70.2184069983354
95,92,5.98404753891263,24.267072567278547,6.291158387936722,0.7031190420897571,AI + extra server,191,521.1108065136415
106,102,5.239602243391318,16.72005541885501,2.005894640613953,0.7665415109304595,AI + extra server,192,509.11468464952316
94,89,6.831873775153068,26.88567579835093,2.381193049708297,0.6137556160258896,AI + extra server,193,588.6797902923561
114,112,8.355726783687805,20.873226709105598,6.222595936412517,0.8202823248140577,AI + extra server,194,873.1734488953756
95,92,0.9750681105295576,2.8603934929843975,0.2329000528693027,0.5574157272046685,AI + extra server,195,84.91218129194897
94,92,1.1992678892225757,3.2304860918675167,1.0964006524366368,0.5643549739944428,AI + extra server,196,103.3369164546786
93,87,2.4088626587824864,7.447524834201121,1.0852234060188801,0.5810456921167053,AI + extra server,197,205.35554166120698
105,91,16.350248027532924,62.39347904520987,5.550848160119644,0.7328731560664394,AI + extra server,198,1573.7113726500438
92,88,0.04456849179505131,0.0,0.0,0.42747788602718895,AI + extra server,199,3.758609474715994
96,96,2.5527225916515346,11.553343786903042,1.1045616766466642,0.6162530239274645,AI + extra server,200,224.63958806533503
99,93,6.035672350288448,19.087893725477638,1.764175310644118,0.7485041197206818,AI + extra server,201,547.7372657886766
100,92,12.573234053094955,52.05982541555486,3.4300970540788644,0.7143946745054728,AI + extra server,202,1152.5464548670377
98,95,0.9668800152984681,3.577944971801594,1.0918163473945033,0.6504988019111919,AI + extra server,203,86.85805470764572
89,85,0.06847040742967453,0.0,0.0,0.5429369176570926,AI + extra server,204,5.58604407280428
128,123,9.916403935703698,27.34099715892298,4.809944857975849,0.8139159814807522,AI + extra server,205,1163.5247284559005
92,90,23.201443521443668,60.856925823910736,9.820634618401106,0.746860057235091,AI + extra server,206,1956.6550703084158
98,93,7.702319205529548,32.74220697489415,3.4581556128901774,0.7049171710719832,AI + extra server,207,691.925008630071
91,88,0.6929513856404822,1.0552735726467972,0.051884117054997764,0.598843530748867,AI + extra server,208,57.803694752176895
118,117,15.960959604380697,46.23326877726312,7.160000768834671,0.8605237529280263,AI + extra server,209,1726.443797207179
113,109,14.62231637815547,57.79634548577308,1.956598189452079,0.776613538156004,AI + extra server,210,1514.6282715039374
106,99,24.16771996239954,94.3376955349679,9.631680189111181,0.7651760404893077,AI + extra server,211,2348.2967896798223
95,92,4.110484962260022,15.566834468113898,3.2452318692205275,0.6055225866358759,AI + extra server,212,357.95473213014355
81,80,3.22986359522425,6.678916617325854,1.1982002967449858,0.5779865707299701,AI + extra server,213,239.81737194540054
92,88,1.4998969585227653,5.092964756387643,1.297366694047449,0.5939298393006147,AI + extra server,214,126.49131016875319
101,95,1.7913381219312878,6.428172119781607,1.1617877582898033,0.6147788779800956,AI + extra server,215,165.84805445547173
84,82,1.1992885261172426,4.291075783648396,0.7947975591473304,0.6822953795261985,AI + extra server,216,92.34521651102767
114,111,11.523402163526697,39.424646103254894,4.823003052896976,0.7829461983385936,AI + extra server,217,1204.1955260885397
86,84,2.2171263467599926,8.661451301343616,1.929158197187034,0.6880054028417346,AI + extra server,218,174.78346033624607
107,102,29.446394361096417,75.8591256337137,8.60300662985975,0.8835009338632546,AI + extra server,219,2888.200513584207
98,89,6.271844397772224,24.471606465548057,4.053838218893717,0.6882609371887315,AI + extra server,220,563.4206883998714
95,89,1.7346777481854372,6.939473918501998,1.1988553158855626,0.6249907545919674,AI + extra server,221,151.0615205711485
95,93,5.818511264884548,16.753978175687607,3.568266582541698,0.7350082951108651,AI + extra server,222,506.695355983696
103,97,17.266142590092706,65.58490424584804,4.711044950753087,0.7084817122733306,AI + extra server,223,1630.2116295479198
101,94,3.897218219082456,12.441630011152256,3.362271459520008,0.6909174544582819,AI + extra server,224,360.8174534500507
94,89,0.2626241832478365,0.06303232923734779,0.376347466101543,0.5161219866806188,AI + extra server,225,22.629450456521912
105,102,17.185851429921467,52.521032074995034,11.138986554797423,0.7937912150868279,AI + extra server,226,1654.138200129941
106,104,4.401558657619094,16.710302009542914,3.0143866825825256,0.7574097407264931,AI + extra server,227,427.68478289865527
97,93,2.913358348780043,10.17772570589405,4.35255535557774,0.7484646959642901,AI + extra server,228,259.0461131790255
104,101,7.691820389526123,31.93798432741479,4.623577960823576,0.72806051413103,AI + extra server,229,733.2868771348237
103,101,8.26706443297565,30.473956262443778,3.947495464587967,0.7884557694482961,AI + extra server,230,780.5486668801175
128,121,8.879811858670275,23.604497285211178,4.400820232750032,0.8833994587531093,AI + extra server,231,1041.8979247506454
110,99,7.508977267177935,23.288427171058846,6.242732994376043,0.8082328242182818,AI + extra server,232,757.155207773775
100,97,6.487934734412593,21.63939776453799,2.9604273730971045,0.7505240068515874,AI + extra server,233,594.7273506544877
126,105,67.5810928874519,183.93068493570647,7.958703656879597,0.9668637979322395,AI + extra server,234,7805.616228500695
93,90,2.7328344325794736,6.3552177313126474,2.0605318158895716,0.606916414799262,AI + extra server,235,232.97413537740013
91,89,3.1514326286759173,11.454410745689103,3.1370935392169104,0.7374260319769935,AI + extra server,236,262.8820051087161
97,92,2.2896753132467085,7.5417383853489195,0.6485350838198529,0.6359904383100377,AI + extra server,237,203.59029660285316
103,101,2.083059848830263,6.186734459506874,1.7228598819944345,0.7601875131800088,AI + extra server,238,196.67556739372398
91,91,6.759105786789131,27.618932071577944,2.325061418672791,0.6522879013445914,AI + extra server,239,563.8220743813266
97,88,10.450556156209943,44.28881850733333,2.3194974899658103,0.6848855272591002,AI + extra server,240,929.2286182230008
91,90,2.090320970410667,7.911771752522895,1.8623598986333203,0.5480692545736185,AI + extra server,241,174.3676076150898
91,85,1.0741725439092082,5.134306355054491,2.5669606680813652,0.5823257413115751,AI + extra server,242,89.60389303775979
100,97,1.02890375333563,4.818464580081375,1.3065782657598792,0.6156212248179667,AI + extra server,243,94.31617738909942
103,99,1.104496870925199,5.596102863245218,0.989463484669498,0.6401313074964506,AI + extra server,244,104.28291289652087
103,101,2.9908753480745425,13.805829482032538,1.263931537418109,0.6411922420755207,AI + extra server,245,282.38848078070475
102,91,7.533414658710451,31.244224251867134,3.591571894599107,0.6895891704526613,AI + extra server,246,704.3742705894272
110,109,17.63899251857968,56.36943881194386,4.2158643467788535,0.7684079962649651,AI + extra server,247,1778.5984122901175
112,102,12.644653359495477,41.334961708448155,6.549647167216233,0.8563204578264114,AI + extra server,248,1298.184411574869
95,94,5.0990270240221625,18.8932250781116,7.951214862183788,0.7466115064040373,AI + extra server,249,444.0402700085966
128,112,22.4445262146914,64.69019589386825,5.869577853551354,0.9547091847695823,High demand stress,0,2633.491075857124
121,114,41.2045510665569,91.21940318964144,20.029753662134127,0.9469627840006558,High demand stress,1,4570.271455798937
139,97,109.149835352981,237.5878820085831,13.460662525894348,0.966915460249435,High demand stress,2,13907.50818789233
134,121,41.902154294979496,88.00684563667548,10.301205072826654,0.98222860320569,High demand stress,3,5146.981285899981
150,101,203.71031221922686,382.042093611817,49.020420567666854,0.971205671452347,High demand stress,4,28010.167930143693
117,113,5.217619310088876,13.955705105463194,4.43891484164486,0.8074600340634522,High demand stress,5,559.5896710070319
140,110,51.12053775963037,139.81909096821343,20.031420757518852,0.8626558477552858,High demand stress,6,6560.469012485897
128,101,91.4777454882357,209.06360910074008,7.198059816153068,0.9714662076839468,High demand stress,7,10733.388803952988
131,114,28.187570900111943,93.58239530417848,8.570158025988826,0.9271870573035916,High demand stress,8,3384.8574722551093
111,92,43.91049066000194,128.18646287513945,14.211476594308174,0.9095065452648102,High demand stress,9,4467.892424655198
129,106,76.95422409123736,188.4174488286617,13.185639360683846,0.9748596978188258,High demand stress,10,9099.83699878882
139,109,116.11683665917685,211.51584489065496,15.734634294165694,0.9919835495777305,High demand stress,11,14795.220270990118
113,96,57.631721065257125,126.82347333759512,11.689757179615048,0.9162340941765331,High demand stress,12,5969.685773676218
124,98,57.099764283480994,171.6473933353699,29.00525260122795,0.9579430751022028,High demand stress,13,6490.339873555673
120,109,10.490654775555807,37.10049528945941,4.951793688298599,0.8377798420754311,High demand stress,14,1153.9720253111389
138,105,100.99671425721999,204.62198347639531,26.968178875619383,0.9250330528283742,High demand stress,15,12776.084353538328
120,106,37.33899036772782,83.49552863781618,8.959154155981041,0.9322754149117197,High demand stress,16,4107.28894045006
110,90,68.87965667934347,140.03746361814598,14.042484533041318,0.9681249344765663,High demand stress,17,6945.365381833799
130,102,85.4880920535781,198.21053952597734,11.076967874415342,0.9315672464663521,High demand stress,18,10187.330969718058
135,105,112.627043488375,229.72706327960339,12.80917403398715,0.9840700999919972,High demand stress,19,13937.596631686405
118,96,64.19676271083385,127.47131555439042,15.226862001550288,0.9043729056638727,High demand stress,20,6943.949833221862
151,120,57.91531248299505,169.06779783719742,21.7718049932246,0.9658063889768701,High demand stress,21,8016.444502854564
141,103,111.5298247237793,230.39195854746436,19.95183465443091,0.9818562968253665,High demand stress,22,14415.229845548474
132,112,69.26063275260125,127.38142792895707,13.975690350268335,0.9454463069405703,High demand stress,23,8380.536563064752
140,114,93.26238426760597,178.1125038542234,13.688713361165172,0.9812690884289836,High demand stress,24,11968.672647676098
152,117,114.27590077297967,235.6675300762118,19.768925463663944,0.9783579351116514,High demand stress,25,15922.442174368502
133,106,78.33747626701458,201.31459946278488,10.937774282491736,0.9877616749317203,High demand stress,26,9550.643981553529
136,105,74.9864864571745,178.31200990904767,15.659842035948518,0.9655297641986362,High demand stress,27,9348.315311661087
149,113,101.2631817920717,221.13404265973438,40.085761733077675,0.9637296134867334,High demand stress,28,13830.86291310046
108,92,70.97995988780553,145.6332158921377,31.01687958965763,0.9371348930450585,High demand stress,29,7027.016028892747
125,114,56.89998221017608,120.76502331400135,12.766218880114089,0.9723549923926479,High demand stress,30,6519.789628249342
125,99,85.21727554618107,185.4962737423962,26.878820521784906,0.973084442953104,High demand stress,31,9764.47948966658
133,121,31.373498629988383,69.91250768263153,8.926349947485265,0.9752255997439373,High demand stress,32,3824.9523746394166
132,119,32.050356013951635,62.01659649355473,10.464452703359685,0.9763332927958004,High demand stress,33,3878.093077688148
126,100,77.97791204484386,182.6444635488087,21.10559645922797,0.9144326373864199,High demand stress,34,9006.448841179466
117,104,17.824438785440027,56.37510132491784,6.80887972524743,0.8874079483150374,High demand stress,35,1911.6710597384429
113,90,42.14479172935241,137.9329897975462,21.127706724772462,0.9332271770010967,High demand stress,36,4365.49800996542
129,113,68.83837481296501,128.975520087351,11.855598697660653,0.9452443306189939,High demand stress,37,8140.137821633112
124,101,66.35790557446599,186.3407429775412,23.171735488273317,0.9595487468702072,High demand stress,38,7542.681933630967
117,102,31.23598228425053,92.05347502142746,18.684308692929804,0.9378300272658532,High demand stress,39,3350.0590999858696
140,97,116.52879913339699,254.6527068174681,27.949948000671803,0.943098459585426,High demand stress,40,14954.52922211928
113,105,43.10842087521148,107.81745091896839,9.431475138902185,0.9754059653159771,High demand stress,41,4465.313928990656
127,87,164.9834788318846,347.59474112803684,48.30980584358706,0.9701757189063869,High demand stress,42,19206.82666067857
124,115,25.04449103051991,76.82447499206909,15.670345411827318,0.961792199333869,High demand stress,43,2846.72381380243
117,90,82.8454083619242,170.42756835175075,25.807212344096484,0.9830219392154862,High demand stress,44,8885.17004681637
131,102,103.09452893826173,210.05043492385823,36.64284017508458,0.9820110945931304,High demand stress,45,12379.934683336263
135,105,81.61315257995163,186.65402534761975,12.366638281351312,0.899235327933324,High demand stress,46,10099.627631769015
134,121,26.317976249912995,57.23008225558619,4.705032529313518,0.9127707810807533,High demand stress,47,3232.7247493643126
134,93,134.82733810368202,319.0730281970439,10.790756480274569,0.9138051480409792,High demand stress,48,16561.291363735607
136,98,99.71088638882819,183.22365852268774,32.23829484035155,0.9811481630657846,High demand stress,49,12430.623836473913
111,100,38.82918348139624,92.88878559015058,10.409807921478635,0.9259502508096235,High demand stress,50,3950.8694192320677
145,108,101.15717189862455,174.46356773192966,23.873959650226375,0.9783186369658103,High demand stress,51,13445.47409819218
134,93,94.77737841863694,250.11065985870215,20.262748756675226,0.92603048614998,High demand stress,52,11641.821315755906
118,115,17.423851472796283,47.37919254060521,7.105276406235973,0.9355455269337354,High demand stress,53,1884.6799343074647
116,107,24.22681486358372,57.12199617451401,6.039089361763941,0.940410843984777,High demand stress,54,2576.117980494402
142,114,106.54403793542721,225.57086491614592,24.22831095595277,0.9700415879818707,High demand stress,55,13868.482271261442
127,107,59.49109219925975,167.92947297696938,17.552142070545525,0.9026664575122947,High demand stress,56,6925.754650197156
121,116,33.430169781461295,95.17830083269757,5.85074523972415,0.9054698606048267,High demand stress,57,3707.962998260415
100,88,22.55736665008305,70.30837434111315,8.647671467583777,0.8997188241283841,High demand stress,58,2067.7586095909464
124,109,22.137645255287712,62.72838395431856,18.81702404338177,0.9248275297331668,High demand stress,59,2516.3123440177033
135,106,66.01909162761736,215.2290124562715,30.084730231940625,0.8955652038587167,High demand stress,60,8169.862588917647
133,112,66.9193716834164,176.18218971806633,15.287597639073306,0.9667124528423285,High demand stress,61,8158.586731069849
126,108,45.94576578007523,101.54026636677844,16.126005701485777,0.9591378308907585,High demand stress,62,5306.735947598689
109,98,63.137414806091144,147.8612259514667,14.334319728915013,0.9743315663167479,High demand stress,63,6308.480029375274
126,123,13.919169031237148,36.025760174657684,5.586382530146894,0.8540041473083666,High demand stress,64,1607.6640231078907
114,110,41.27383981282693,89.71780391417022,12.387004997540945,0.9747696030182526,High demand stress,65,4313.1162604404135
116,110,41.80049441528345,141.1043722425744,8.568580878857956,0.9417739719006748,High demand stress,66,4444.785906158474
127,99,94.05949767472588,175.14228971492605,10.943999735252094,0.9673143483309198,High demand stress,67,10950.09318763267
127,111,30.030597508901234,75.72512705164571,9.929607712828775,0.9092713109772865,High demand stress,68,3496.062059994585
129,124,29.403435551577505,73.67799459212577,13.206091033586176,0.9738506987455685,High demand stress,69,3476.95625397404
118,109,25.757721241774117,57.52649239109257,13.317216527489983,0.9411887093126499,High demand stress,70,2786.1268476519003
120,84,95.22723989339995,212.8799706538604,28.879719212945247,0.9002404606969517,High demand stress,71,10474.996388273994
124,108,25.712853439771386,72.88530437557353,11.34395929892493,0.9216672583380536,High demand stress,72,2922.6943409873475
131,110,49.95182767317306,122.2527982255815,18.950411916259544,0.9735113181478213,High demand stress,73,5998.3819730868645
125,101,69.79614313774302,194.59341245113563,20.173867130940113,0.983276283076381,High demand stress,74,7997.474734533054
115,102,50.21456399220923,105.83384367396857,18.665126977200366,0.9804465197824968,High demand stress,75,5293.451954178722
113,110,33.61512564084537,68.2564376617765,14.458205966116966,0.9534745531475995,High demand stress,76,3481.966764297566
126,116,27.952707120268077,75.3349923598152,5.592751762634479,0.9344925191285268,High demand stress,77,3228.5376723909626
126,108,39.28699721725036,96.21177691194828,18.407988580258447,0.9345527052917391,High demand stress,78,4537.648178592417
137,102,123.81055684396014,223.74516127571118,35.67611724170888,0.9652653674169615,High demand stress,79,15548.54243032066
127,85,189.1277851733287,365.655524746889,60.81660161775913,0.9541824973565057,High demand stress,80,22017.62632392835
126,105,57.435296834005214,132.3768863133205,10.881286809691153,0.9637714890119967,High demand stress,81,6633.776784327602
127,106,69.4210651055822,142.74517588061977,20.24829683810391,0.9713016841532569,High demand stress,82,8081.768996041528
137,103,135.103488329496,229.8487106150437,38.78173112896972,0.9791225198644311,High demand stress,83,16966.746409379204
128,104,71.48336147510943,167.84618109762891,18.124427860389158,0.9294449462906521,High demand stress,84,8387.381079746174
126,96,71.85864404375995,171.12934818977368,16.438886562934872,0.9438634417031807,High demand stress,85,8299.673387054276
142,94,165.67177004700886,361.79017561628933,63.98480582178949,0.965852741625129,High demand stress,86,21564.94206778565
128,116,51.766208453140294,111.97872195472797,12.59832629147118,0.9544819250849034,High demand stress,87,6073.901791835128
133,110,65.99395586484438,168.96910502397677,20.78485156733959,0.9876518458138757,High demand stress,88,8045.763119188944
122,109,46.5963928078852,101.48214569451918,8.524240074145096,0.9749001386539493,High demand stress,89,5211.0299290151615
121,109,67.41692239373974,149.5455911649982,15.797723721686245,0.9862238441169144,High demand stress,90,7477.660308838967
120,103,77.00484918425146,152.6686469879719,23.39194835103473,0.9886419471963428,High demand stress,91,8470.53341026766
137,113,51.49349155606485,124.21886975026896,16.444462654372316,0.9384915588163545,High demand stress,92,6466.724314582478
126,104,67.0807486776518,158.5963419505379,16.863656105277848,0.947504605790732,High demand stress,93,7747.826472268783
127,91,100.97773368290385,251.17812449641298,30.77922864930674,0.9794270544069102,High demand stress,94,11755.491162918055
127,118,45.792932097090244,93.74558655568816,5.239542676649462,0.9062323171252223,High demand stress,95,5331.060511636256
124,118,21.932861751147932,50.996339902231114,6.149441349272638,0.9228174544073618,High demand stress,96,2493.035285713815
132,96,113.53136292430669,230.35684989445238,20.95105268949297,0.964330092860552,High demand stress,97,13737.294913841108
115,106,11.369441378296893,38.797036155725394,8.738320643267661,0.8110620049690359,High demand stress,98,1198.5286119621308
143,113,115.66616816811641,224.70844708143972,20.102193157382317,0.9703050372177396,High demand stress,99,15161.906877370593
122,99,54.10331108336922,162.57458688456737,22.67907170679962,0.9442788143458617,High demand stress,100,6050.553622823458
135,107,76.42875132765383,141.21440523647914,18.79995060375883,0.9287867432607644,High demand stress,101,9458.05797679716
117,107,47.33601912326343,119.12949981140495,18.582641146928076,0.9291344386612336,High demand stress,102,5076.7880509700035
117,99,34.95224012208259,91.3202143254878,10.463294981252172,0.815871737943771,High demand stress,103,3748.627753093358
139,106,84.2179696075627,227.46258440932553,30.07556311020008,0.9632300473169569,High demand stress,104,10730.772960830282
129,98,108.9690350151574,218.38294013341303,25.809235153213102,0.9824232911673682,High demand stress,105,12885.588390542363
145,120,76.3354779598186,154.44074051636122,20.684400719656992,0.9803318611762569,High demand stress,106,10146.25727882589
119,103,45.09809999112507,84.38153576684681,13.556622604803241,0.9671549555620206,High demand stress,107,4919.451074031893
117,81,74.70561163517897,184.9080380456653,32.293344724014794,0.8272461152115531,High demand stress,108,8012.176847872945
127,114,54.14391979993551,113.52163688242787,15.496814523385945,0.9323795531323755,High demand stress,109,6303.254663375825
113,103,10.570510906252196,32.715920635495884,8.850371684854585,0.7807780144059572,High demand stress,110,1094.9287547059566
134,119,21.174049463234674,55.70483691440522,2.802578648174042,0.882457860408653,High demand stress,111,2600.8790757339925
151,111,104.07643557902009,268.4076674544697,30.08220910848291,0.9648821083033575,High demand stress,112,14405.91329139603
121,112,45.25073410855132,81.21619464121346,12.160671979332584,0.9773854962942696,High demand stress,113,5019.06059154015
134,99,96.29349298576112,201.0964573044967,30.2516981436872,0.9114401339302739,High demand stress,114,11828.05072175099
119,98,70.85042329125315,143.80026439742323,20.978527769201303,0.9784311892619485,High demand stress,115,7728.600340687531
129,112,52.7602600816472,122.29267569924077,14.264874199937735,0.9438388634000183,High demand stress,116,6238.900754654782
118,109,11.061495777699223,31.13647885785468,6.056874576633279,0.8661595701883071,High demand stress,117,1196.4851266211326
118,88,102.09216417560363,242.33348174947636,16.756167713377163,0.9409218738462297,High demand stress,118,11042.969091661125
117,102,87.93672039617843,177.68769133129754,26.9261489343926,0.9691533148676923,High demand stress,119,9431.213262490137
112,107,5.70374147957144,15.324870932339724,4.669743524487557,0.862002870752508,High demand stress,120,585.5841252360012
115,102,21.34974659641946,48.27623968497155,6.62011751339564,0.9414814468660573,High demand stress,121,2250.6191203725516
130,94,122.62527744909667,303.86774209846584,37.522227425622994,0.9753726160373392,High demand stress,122,14612.84556268402
120,96,41.37417512662019,116.71410156042249,20.20183433699347,0.9176475808986124,High demand stress,123,4551.159263928221
139,109,75.57406546271217,144.7194378018184,14.981387587282587,0.984881540314647,High demand stress,124,9629.395507707242
114,105,19.872700378256788,63.39898516527472,9.93342846853716,0.9172913597989916,High demand stress,125,2076.6971895278343
141,110,83.27015154940676,190.0885122497367,29.809279858524835,0.9793931175572627,High demand stress,126,10762.667087760825
108,94,23.100497668588194,58.40260667284125,5.770931000881211,0.8759136403159385,High demand stress,127,2286.949269190231
129,111,29.100704528411917,90.75813063060079,9.172981672727015,0.8795974215842116,High demand stress,128,3441.158310484709
144,113,74.94739924630193,200.9596187729082,21.88002379397142,0.944605744315218,High demand stress,129,9893.056700511854
136,111,88.29900874457161,230.25509464479995,9.142461181158993,0.9863082443838639,High demand stress,130,11007.943090156594
116,108,11.13158440930814,31.970051717023395,5.022620113760229,0.8548434943779231,High demand stress,131,1183.6584755230988
108,101,11.342679931943714,35.16504910525531,3.6386121556508697,0.7796909597937969,High demand stress,132,1122.9253132624276
151,113,140.44718632399653,251.04798046176347,27.79949290268105,0.9737524888169743,High demand stress,133,19440.231373679853
121,91,124.57909051869976,234.81167744932463,34.02124159493957,0.9774923377003875,High demand stress,134,13817.897456699116
117,103,43.55778525219597,94.48311413553706,23.56754136470892,0.9743211996063889,High demand stress,135,4671.572468298018
111,100,14.617469474776978,39.39578290019438,7.67182887185736,0.8667239879358063,High demand stress,136,1487.3275190585575
114,94,37.07375546711836,116.26869845158446,12.730243837653708,0.8772116622674511,High demand stress,137,3874.2074463138692
128,90,138.76579367913084,270.35432936039547,9.39723833839216,0.9012852784327692,High demand stress,138,16281.853125018019
116,110,8.732075991849284,28.599659997358373,5.325898925153596,0.7868892846466408,High demand stress,139,928.5107471333072
126,86,156.4504848278752,297.6920502212945,57.3814898747632,0.9465885001306773,High demand stress,140,18070.030997619582
117,102,32.15142885074898,93.65236022797733,20.06886772650597,0.8935961866680243,High demand stress,141,3448.2407442428275
133,100,136.5421334860351,231.80860864988614,43.65262965843512,0.98525500365306,High demand stress,142,16646.761774172446
119,112,24.27323938216628,56.70068584033742,4.492971300141724,0.937529829922066,High demand stress,143,2647.805862604638
127,96,155.51728370447435,266.2736633356729,37.176998581620104,0.9864741352365082,High demand stress,144,18104.803777929224
126,108,28.962429026257343,98.24625670675687,8.72893252757234,0.8742722987550152,High demand stress,145,3345.160552532723
115,85,120.25692551731102,257.2559579695425,11.356208500723103,0.9610055929781571,High demand stress,146,12677.084231616538
137,102,100.89097628152814,169.09248007816936,28.753114472588937,0.9592155489353691,High demand stress,147,12670.225104688576
130,105,94.7535594609369,220.58938622363408,27.462115186197586,0.980062052973247,High demand stress,148,11291.465835761648
118,100,73.37779080727128,195.76672069228016,8.89654155176919,0.9447242137070819,High demand stress,149,7937.03103898651
121,115,53.95632677506957,138.77425234338023,20.537603882973315,0.9539906462089744,High demand stress,150,5984.655911468133
147,99,131.66810679699958,327.9686879438453,12.08885297787573,0.9755860724732478,High demand stress,151,17742.277390895695
114,111,17.683980560997895,62.225615889274486,7.468980401694618,0.8826151497477414,High demand stress,152,1847.9759686242803
119,96,69.37394765890282,142.62854372049543,26.920156632670054,0.995450940800628,High demand stress,153,7567.541457125316
142,92,128.6942360948007,287.8088114650857,37.4126200526706,0.9840570370673788,High demand stress,154,16751.699731673223
137,126,52.345163599695496,92.38261813576672,13.045788973684454,0.9837872503633536,High demand stress,155,6573.680128728425
146,128,44.11666463117165,87.87317950441712,9.83631230564233,0.9733688534348349,High demand stress,156,5904.2802831384715
123,87,155.46595161967457,279.49847375749243,22.85346139904473,0.954188071456127,High demand stress,157,17528.786045118308
130,101,93.63493018402669,201.91753717592044,9.691738188193757,0.9801151592586251,High demand stress,158,11158.162513596513
120,89,106.8868665129583,262.3809311135824,30.96448835570826,0.9268670812463636,High demand stress,159,11757.555316425414
129,108,34.39887533118287,127.12362564217476,8.193972846905659,0.9118512325634053,High demand stress,160,4067.6670079123746
107,92,56.57293822575173,138.33807130775375,10.913952215560325,0.9257958948805693,High demand stress,161,5548.862357642482
130,119,27.98733704925341,76.18771094986431,11.161748718584423,0.9633499543282792,High demand stress,162,3335.1576650360316
125,108,67.96229304226405,138.856979944976,12.896710392208366,0.9331313274144729,High demand stress,163,7787.346077759423
97,95,3.3119862807263707,11.795823146498261,3.6172619274874402,0.7443769158421448,High demand stress,164,294.4907801279198
129,108,83.18167807787755,154.50225880535476,22.217178384677414,0.9690807348779834,High demand stress,165,9836.233432709021
132,118,47.47584380986329,127.20729866244923,15.815136798541573,0.9505431039150889,High demand stress,166,5744.577100993458
112,86,71.4937351196707,181.18947543751227,22.018624483423952,0.92310734965687,High demand stress,167,7340.023472286192
120,110,47.013737607509604,104.79683044215523,14.213622084699194,0.9523212048398484,High demand stress,168,5171.511136826057
112,107,30.66137629323153,77.23008593367041,15.995613313161492,0.9224759668361678,High demand stress,169,3147.9012994384366
131,92,104.43067428198795,239.95313134341563,31.533803634551912,0.9676137184610633,High demand stress,170,12540.383470028719
120,103,60.58125249015955,129.54299229713234,12.951632909488936,0.9846992858823745,High demand stress,171,6663.937773917551
93,81,25.788861831336245,91.421398475998,16.954661665446036,0.8265862612384681,High demand stress,172,2198.5004711214146
117,107,46.63685660125044,107.57163560457865,10.72239077156465,0.9458621859813083,High demand stress,173,5001.80287048411
130,112,47.406618546530964,86.0281091144564,17.91679196837389,0.979075980833601,High demand stress,174,5649.288710128273
142,84,229.1831248409426,403.6766881389689,27.74213914795072,0.9962455250951141,High demand stress,175,29832.00341679603
121,101,48.60955181993299,106.45260693765772,20.378829667532013,0.8884707141010864,High demand stress,176,5391.609456027567
128,98,69.40433793261242,162.29962585150474,28.008831935331663,0.9797719373181428,High demand stress,177,8143.442317426524
150,127,82.8555446457424,167.3564765967027,34.71065645049671,0.985738747510875,High demand stress,178,11392.637388789579
127,109,43.37250223966174,106.4932599456156,13.50623929449318,0.9357694192318433,High demand stress,179,5049.2821357339535
131,96,110.00669912190587,257.7179420599645,23.353470234942034,0.8859096420198365,High demand stress,180,13209.97111955553
124,115,36.77024969201686,93.58909327614468,18.994781873863527,0.9496517472478563,High demand stress,181,4179.551714992584
124,100,81.7937839209733,171.32552984372046,28.320259128204835,0.9389830845942189,High demand stress,182,9297.22677235063
114,105,7.937388529533171,21.832274529850725,2.053594815283238,0.8016433218742595,High demand stress,183,829.4571013362165
138,77,167.6495338324201,336.0676359319761,46.601319345754895,0.930888526984138,High demand stress,184,21207.666029801145
120,95,71.3174607810005,185.03743479671525,19.334107875951872,0.9328450308290807,High demand stress,185,7844.920685910056
119,110,20.21689783850642,58.76676010196252,12.537109207117307,0.8351589405343994,High demand stress,186,2205.326605883742
133,115,39.82318497753598,101.28665799677087,16.590487193115663,0.9501758110871529,High demand stress,187,4855.109968511262
121,93,113.1971715986337,205.83857035836286,22.70069048457799,0.9696649041466828,High demand stress,188,12555.45294981512
105,93,25.413630504899082,79.46148183026594,2.1301972115027272,0.8951547912746889,High demand stress,189,2446.0619360965366
131,97,71.51717656075084,233.67159305801715,17.28587858295992,0.8710807768245287,High demand stress,190,8588.020952003495
150,107,125.36939069724765,297.33543246059423,29.353703870616037,0.9151579424755428,High demand stress,191,17238.291220871553
124,94,134.27662486387536,251.66688469693636,26.169174853159458,0.968900969739443,High demand stress,192,15262.776359527166
129,104,66.05787024403723,142.3816665243863,13.648740708022698,0.9515091888195425,High demand stress,193,7811.343156357403
114,93,40.922548226741526,135.62418463497391,16.917536032589705,0.8982687655358746,High demand stress,194,4276.406289694489
126,97,120.70666753278607,224.26935362136805,22.871733408926865,0.972394196332415,High demand stress,195,13941.620100036791
108,96,66.32672005524444,148.5194346351478,14.00304182094281,0.9572565807749881,High demand stress,196,6566.3452854692
139,107,94.64215267076337,183.4299876440009,15.914342230690211,0.9863408237307205,High demand stress,197,12058.987619466432
132,106,70.34695998811495,167.63534412619313,18.64064199942583,0.8972813395336562,High demand stress,198,8511.982158561908
133,108,64.7192130706482,184.86037831693895,8.58933398812965,0.9352281684982676,High demand stress,199,7890.350726863193
126,98,102.47549154591607,210.49992623623348,30.574455548750493,0.9807360209153488,High demand stress,200,11835.919273553305
116,103,24.695047461908086,78.31058349998341,10.085255998423788,0.8885042421369372,High demand stress,201,2625.90671344956
151,96,183.37998629565664,379.5031765107482,26.66529839407656,0.9914277896355819,High demand stress,202,25382.846436423806
122,106,19.521264076132343,69.28307744008464,6.468245692611783,0.8375335096778509,High demand stress,203,2183.1280325141333
114,96,59.12009962381883,145.79310142236343,13.303477051384634,0.9515150746104347,High demand stress,204,6178.050410689068
123,117,44.69889647036426,91.85332386610803,21.083505533135824,0.9702256014944627,High demand stress,205,5039.800577033571
108,91,36.07243620268069,122.22235278574458,8.880123878592128,0.8169530173429864,High demand stress,206,3571.1711840653884
132,105,82.9963480119489,206.69006293570692,9.974742821710734,0.9719247651887893,High demand stress,207,10042.558109445816
133,92,147.57467571396532,276.48666212204375,24.692573086129514,0.9392981461391274,High demand stress,208,17991.81254746094
132,107,86.02232105836443,162.47104003211334,28.08028690313396,0.9792049676142297,High demand stress,209,10408.700848062095
130,97,115.99520958636677,218.95492060359888,28.280212972359262,0.9383782935224276,High demand stress,210,13822.762475708707
119,94,57.08173938818961,195.62149962261594,16.311683936561458,0.8691018235681033,High demand stress,211,6226.66640492835
128,109,73.7923503030899,174.52087237894173,26.72135144464658,0.9249762855362675,High demand stress,212,8658.30243556255
134,105,93.41478516945465,189.5604270017553,24.11439692805126,0.9706812251113199,High demand stress,213,11474.449444981346
108,102,12.059341640006606,43.45305030576961,5.500703327036053,0.9029263665480847,High demand stress,214,1193.874822360654
135,120,28.967294672244005,123.52157416839073,4.171987154970369,0.9282554698691323,High demand stress,215,3584.7027156901954
127,116,48.51300938735357,94.09547697427492,15.428283826433995,0.949238244915734,High demand stress,216,5647.7228428444105
146,104,109.60789646375333,244.56378926027548,11.799848134435273,0.9326223484164896,High demand stress,217,14669.190143398988
146,107,114.39488245208652,291.8369415398836,32.58772441860545,0.8995694172890779,High demand stress,218,15309.848434837579
126,100,77.68232596452184,178.32752031049108,12.075063439131473,0.9731095744972726,High demand stress,219,8972.308648902273
123,115,58.604711583395215,153.5564786501441,14.9766340429881,0.9667680575579815,High demand stress,220,6607.68123102781
106,97,13.367453078716611,32.39084334207294,5.003925449781908,0.8249471408308187,High demand stress,221,1298.8708574819639
143,102,121.02076618321522,329.26613782631944,41.72167533537352,0.972820360389314,High demand stress,222,15863.805433849795
127,98,66.5301298840255,141.6305096370395,5.286620085001131,0.9400283532119985,High demand stress,223,7745.215953998634
117,113,9.547130385501175,27.6565007757332,5.688079460050534,0.8784851872684001,High demand stress,224,1023.929733845001
114,96,26.90402105617614,69.22206505504565,17.366660390440614,0.9632893752770356,High demand stress,225,2811.4702003704065
145,109,69.02454255866513,201.65532182246963,9.80784774144009,0.9105786777188049,High demand stress,226,9174.512115089241
131,80,180.31142827412927,356.64146165166187,27.362019958190547,0.9075299165754214,High demand stress,227,21652.39734525169
145,103,111.23804879427176,223.76298114074464,22.476317604977506,0.9817303499069971,High demand stress,228,14785.390652238622
115,94,49.458678312681954,119.32020073137535,10.992303861541503,0.9576956371772992,High demand stress,229,5213.76900546189
117,98,51.27169907079167,154.96395130594428,7.541469815462649,0.882389734833901,High demand stress,230,5498.889725342407
126,102,108.50587101132689,219.39912800125148,16.17183417770758,0.9592750270423362,High demand stress,231,12532.428101808257
143,119,61.595439844979474,115.10795059431089,20.4199033594354,0.9725424111448763,High demand stress,232,8074.135573012725
140,101,121.78936922417374,215.93535179655365,24.367468655792067,0.9190790961334308,High demand stress,233,15629.635717102297
129,95,93.33466906199341,209.0013767327297,10.158518111770858,0.971797720275949,High demand stress,234,11036.824616580721
137,104,105.97863166299797,219.09290277570753,10.6777806601771,0.9714676486150206,High demand stress,235,13309.149826344828
133,99,144.89603600487774,270.27702036049675,23.990045393400667,0.9879626477254111,High demand stress,236,17665.24172292801
138,113,39.33401323776211,117.98810931436387,13.111158726609563,0.952927288463872,High demand stress,237,4975.752674576906
107,79,49.966609311390904,189.094844530155,17.330713884850862,0.8269820201127257,High demand stress,238,4900.891596625591
133,104,108.62761169609887,217.84999068224926,20.662360847228957,0.9733352526722842,High demand stress,239,13243.516325949387
119,94,93.4035587498187,181.7190471346237,30.581969383676608,0.9551570924705779,High demand stress,240,10188.771533626057
132,101,110.48966148842202,237.65460578981606,28.00404866275237,0.9628103937857598,High demand stress,241,13369.249040099065
106,103,26.755890780394893,83.45506761730638,6.587265888125439,0.9030062114412722,High demand stress,242,2599.7807208283707
108,97,36.29040718805639,88.6260749439703,11.998391228687613,0.9361584338171749,High demand stress,243,3592.7503116175826
118,95,65.2165231996181,192.67981904107012,10.030242649826327,0.9598630223664887,High demand stress,244,7054.253926092024
140,95,139.15905181809657,310.034447580773,28.272703927647807,0.9935885396357308,High demand stress,245,17858.744983322395
123,106,26.211504731408876,86.54959842427229,13.300233432192464,0.9444719995210722,High demand stress,246,2955.3471584663507
153,101,148.8375955325029,333.54057305016926,26.870126197278655,0.9567208930927861,High demand stress,247,20874.472773433532
136,108,109.21532123357814,206.93361988333152,15.860225657577026,0.9838527067109112,High demand stress,248,13615.510047119407
132,104,70.70280307387686,165.9822787164335,30.761439243787542,0.9759789172442545,High demand stress,249,8555.039171939101
